[27Dec2025 08:08:19.525] [main/INFO] [cpw.mods.modlauncher.Launcher/MODLAUNCHER]: ModLauncher running: args [--launchTarget, forgeclientuserdev, --version, MOD_DEV, --assetIndex, 5, --assetsDir, C:\Users\azooz\.gradle\caches\forge_gradle\assets, --gameDir, ., --fml.forgeVersion, 47.4.0, --fml.mcVersion, 1.20.1, --fml.forgeGroup, net.minecraftforge, --fml.mcpVersion, 20230612.114412, --username, M6FGR, --skin, src/main/resources/assets/minecraft/textures/entity/player/default/M6FGR.png]
[27Dec2025 08:08:19.527] [main/INFO] [cpw.mods.modlauncher.Launcher/MODLAUNCHER]: ModLauncher 10.0.9+10.0.9+main.dcd20f30 starting: java version 17.0.10 by Oracle Corporation; OS Windows 11 arch amd64 version 10.0
[27Dec2025 08:08:19.547] [main/DEBUG] [cpw.mods.modlauncher.LaunchServiceHandler/MODLAUNCHER]: Found launch services [fmlclientdev,forgeclient,minecraft,forgegametestserverdev,fmlserveruserdev,fmlclient,fmldatauserdev,forgeserverdev,forgeserveruserdev,forgeclientdev,forgeclientuserdev,forgeserver,forgedatadev,fmlserver,fmlclientuserdev,fmlserverdev,forgedatauserdev,testharness,forgegametestserveruserdev]
[27Dec2025 08:08:19.558] [main/DEBUG] [cpw.mods.modlauncher.NameMappingServiceHandler/MODLAUNCHER]: Found naming services : [srgtomcp]
[27Dec2025 08:08:19.568] [main/DEBUG] [cpw.mods.modlauncher.LaunchPluginHandler/MODLAUNCHER]: Found launch plugins: [mixin,eventbus,slf4jfixer,object_holder_definalize,runtime_enum_extender,capability_token_subclass,accesstransformer,runtimedistcleaner]
[27Dec2025 08:08:19.576] [main/DEBUG] [cpw.mods.modlauncher.TransformationServicesHandler/MODLAUNCHER]: Discovering transformation services
[27Dec2025 08:08:19.580] [main/DEBUG] [net.minecraftforge.fml.loading.FMLPaths/CORE]: Path GAMEDIR is C:\Users\azooz\Desktop\Droppable\run
[27Dec2025 08:08:19.580] [main/DEBUG] [net.minecraftforge.fml.loading.FMLPaths/CORE]: Path MODSDIR is C:\Users\azooz\Desktop\Droppable\run\mods
[27Dec2025 08:08:19.580] [main/DEBUG] [net.minecraftforge.fml.loading.FMLPaths/CORE]: Path CONFIGDIR is C:\Users\azooz\Desktop\Droppable\run\config
[27Dec2025 08:08:19.580] [main/DEBUG] [net.minecraftforge.fml.loading.FMLPaths/CORE]: Path FMLCONFIG is C:\Users\azooz\Desktop\Droppable\run\config\fml.toml
[27Dec2025 08:08:19.612] [main/DEBUG] [cpw.mods.modlauncher.TransformationServicesHandler/MODLAUNCHER]: Found additional transformation services from discovery services: 
[27Dec2025 08:08:19.617] [main/INFO] [net.minecraftforge.fml.loading.ImmediateWindowHandler/]: Loading ImmediateWindowProvider fmlearlywindow
[27Dec2025 08:08:19.683] [main/INFO] [EARLYDISPLAY/]: Trying GL version 4.6
[27Dec2025 08:08:19.784] [main/INFO] [EARLYDISPLAY/]: Requested GL version 4.6 got version 4.6
[27Dec2025 08:08:19.812] [main/DEBUG] [cpw.mods.modlauncher.TransformationServicesHandler/MODLAUNCHER]: Found transformer services : [mixin,fml]
[27Dec2025 08:08:19.812] [main/DEBUG] [cpw.mods.modlauncher.TransformationServicesHandler/MODLAUNCHER]: Transformation services loading
[27Dec2025 08:08:19.813] [main/DEBUG] [cpw.mods.modlauncher.TransformationServiceDecorator/MODLAUNCHER]: Loading service mixin
[27Dec2025 08:08:19.813] [main/DEBUG] [cpw.mods.modlauncher.TransformationServiceDecorator/MODLAUNCHER]: Loaded service mixin
[27Dec2025 08:08:19.813] [main/DEBUG] [cpw.mods.modlauncher.TransformationServiceDecorator/MODLAUNCHER]: Loading service fml
[27Dec2025 08:08:19.814] [main/DEBUG] [net.minecraftforge.fml.loading.LauncherVersion/CORE]: Found FMLLauncher version 1.0
[27Dec2025 08:08:19.814] [main/DEBUG] [net.minecraftforge.fml.loading.FMLLoader/CORE]: FML 1.0 loading
[27Dec2025 08:08:19.815] [main/DEBUG] [net.minecraftforge.fml.loading.FMLLoader/CORE]: FML found ModLauncher version : 10.0.9+10.0.9+main.dcd20f30
[27Dec2025 08:08:19.815] [main/DEBUG] [net.minecraftforge.fml.loading.FMLLoader/CORE]: Requesting CoreMods to not apply the fix for ASMAPI.findFirstInstructionBefore by default
[27Dec2025 08:08:19.815] [main/DEBUG] [net.minecraftforge.fml.loading.FMLLoader/CORE]: FML found AccessTransformer version : 8.0.4+66+master.c09db6d7
[27Dec2025 08:08:19.816] [main/DEBUG] [net.minecraftforge.fml.loading.FMLLoader/CORE]: FML found EventBus version : 6.0.5+6.0.5+master.eb8e549b
[27Dec2025 08:08:19.816] [main/DEBUG] [net.minecraftforge.fml.loading.FMLLoader/CORE]: Found Runtime Dist Cleaner
[27Dec2025 08:08:19.818] [main/DEBUG] [net.minecraftforge.coremod.CoreModEngine/]: CoreMods will preserve legacy behavior of ASMAPI.findFirstInstructionBefore for backwards-compatibility
[27Dec2025 08:08:19.818] [main/DEBUG] [net.minecraftforge.fml.loading.FMLLoader/CORE]: FML found CoreMod version : 5.2.4
[27Dec2025 08:08:19.820] [main/DEBUG] [net.minecraftforge.fml.loading.FMLLoader/CORE]: Found ForgeSPI package implementation version 7.0.1+7.0.1+master.d2b38bf6
[27Dec2025 08:08:19.820] [main/DEBUG] [net.minecraftforge.fml.loading.FMLLoader/CORE]: Found ForgeSPI package specification 5
[27Dec2025 08:08:19.820] [main/DEBUG] [cpw.mods.modlauncher.TransformationServiceDecorator/MODLAUNCHER]: Loaded service fml
[27Dec2025 08:08:19.821] [main/DEBUG] [cpw.mods.modlauncher.TransformationServicesHandler/MODLAUNCHER]: Configuring option handling for services
[27Dec2025 08:08:19.826] [main/DEBUG] [cpw.mods.modlauncher.TransformationServicesHandler/MODLAUNCHER]: Transformation services initializing
[27Dec2025 08:08:19.827] [main/DEBUG] [cpw.mods.modlauncher.TransformationServiceDecorator/MODLAUNCHER]: Initializing transformation service mixin
[27Dec2025 08:08:19.839] [main/DEBUG] [mixin/]: MixinService [ModLauncher] was successfully booted in cpw.mods.cl.ModuleClassLoader@470f1802
[27Dec2025 08:08:19.850] [main/INFO] [mixin/]: SpongePowered MIXIN Subsystem Version=0.8.5 Source=union:/C:/Users/azooz/.gradle/caches/modules-2/files-2.1/org.spongepowered/mixin/0.8.5/9d1c0c3a304ae6697ecd477218fa61b850bf57fc/mixin-0.8.5.jar%23128!/ Service=ModLauncher Env=CLIENT
[27Dec2025 08:08:19.852] [main/DEBUG] [mixin/]: Initialising Mixin Platform Manager
[27Dec2025 08:08:19.853] [main/DEBUG] [mixin/]: Adding mixin platform agents for container ModLauncher Root Container(ModLauncher:4f56a0a2)
[27Dec2025 08:08:19.853] [main/DEBUG] [mixin/]: Instancing new MixinPlatformAgentMinecraftForge for ModLauncher Root Container(ModLauncher:4f56a0a2)
[27Dec2025 08:08:19.853] [main/DEBUG] [mixin/]: MixinPlatformAgentMinecraftForge rejected container ModLauncher Root Container(ModLauncher:4f56a0a2)
[27Dec2025 08:08:19.855] [main/DEBUG] [mixin/]: Instancing new MixinPlatformAgentDefault for ModLauncher Root Container(ModLauncher:4f56a0a2)
[27Dec2025 08:08:19.855] [main/DEBUG] [mixin/]: MixinPlatformAgentDefault accepted container ModLauncher Root Container(ModLauncher:4f56a0a2)
[27Dec2025 08:08:19.857] [main/DEBUG] [cpw.mods.modlauncher.TransformationServiceDecorator/MODLAUNCHER]: Initialized transformation service mixin
[27Dec2025 08:08:19.857] [main/DEBUG] [cpw.mods.modlauncher.TransformationServiceDecorator/MODLAUNCHER]: Initializing transformation service fml
[27Dec2025 08:08:19.858] [main/DEBUG] [net.minecraftforge.fml.loading.FMLServiceProvider/CORE]: Setting up basic FML game directories
[27Dec2025 08:08:19.858] [main/DEBUG] [net.minecraftforge.fml.loading.FMLPaths/CORE]: Path GAMEDIR is C:\Users\azooz\Desktop\Droppable\run
[27Dec2025 08:08:19.858] [main/DEBUG] [net.minecraftforge.fml.loading.FMLPaths/CORE]: Path MODSDIR is C:\Users\azooz\Desktop\Droppable\run\mods
[27Dec2025 08:08:19.858] [main/DEBUG] [net.minecraftforge.fml.loading.FMLPaths/CORE]: Path CONFIGDIR is C:\Users\azooz\Desktop\Droppable\run\config
[27Dec2025 08:08:19.859] [main/DEBUG] [net.minecraftforge.fml.loading.FMLPaths/CORE]: Path FMLCONFIG is C:\Users\azooz\Desktop\Droppable\run\config\fml.toml
[27Dec2025 08:08:19.859] [main/DEBUG] [net.minecraftforge.fml.loading.FMLServiceProvider/CORE]: Loading configuration
[27Dec2025 08:08:19.860] [main/DEBUG] [net.minecraftforge.fml.loading.FMLServiceProvider/CORE]: Preparing ModFile
[27Dec2025 08:08:19.863] [main/DEBUG] [net.minecraftforge.fml.loading.FMLServiceProvider/CORE]: Preparing launch handler
[27Dec2025 08:08:19.863] [main/DEBUG] [net.minecraftforge.fml.loading.FMLLoader/CORE]: Using forgeclientuserdev as launch service
[27Dec2025 08:08:19.866] [pool-2-thread-1/INFO] [EARLYDISPLAY/]: GL info: AMD Radeon RX 6700 GL version 4.6.0 Core Profile Context 25.12.1.251128, ATI Technologies Inc.
[27Dec2025 08:08:19.875] [main/DEBUG] [net.minecraftforge.fml.loading.FMLLoader/CORE]: Received command line version data  : VersionInfo[forgeVersion=47.4.0, mcVersion=1.20.1, mcpVersion=20230612.114412, forgeGroup=net.minecraftforge]
[27Dec2025 08:08:19.876] [main/DEBUG] [cpw.mods.modlauncher.TransformationServiceDecorator/MODLAUNCHER]: Initialized transformation service fml
[27Dec2025 08:08:19.877] [main/DEBUG] [cpw.mods.modlauncher.NameMappingServiceHandler/MODLAUNCHER]: Current naming domain is 'mcp'
[27Dec2025 08:08:19.878] [main/DEBUG] [cpw.mods.modlauncher.NameMappingServiceHandler/MODLAUNCHER]: Identified name mapping providers {srg=srgtomcp:1234}
[27Dec2025 08:08:19.878] [main/DEBUG] [cpw.mods.modlauncher.TransformationServicesHandler/MODLAUNCHER]: Transformation services begin scanning
[27Dec2025 08:08:19.879] [main/DEBUG] [cpw.mods.modlauncher.TransformationServiceDecorator/MODLAUNCHER]: Beginning scan trigger - transformation service mixin
[27Dec2025 08:08:19.879] [main/DEBUG] [cpw.mods.modlauncher.TransformationServiceDecorator/MODLAUNCHER]: End scan trigger - transformation service mixin
[27Dec2025 08:08:19.879] [main/DEBUG] [cpw.mods.modlauncher.TransformationServiceDecorator/MODLAUNCHER]: Beginning scan trigger - transformation service fml
[27Dec2025 08:08:19.880] [main/DEBUG] [net.minecraftforge.fml.loading.FMLServiceProvider/CORE]: Initiating mod scan
[27Dec2025 08:08:19.890] [main/DEBUG] [net.minecraftforge.fml.loading.moddiscovery.ModListHandler/CORE]: Found mod coordinates from lists: []
[27Dec2025 08:08:19.894] [main/DEBUG] [net.minecraftforge.fml.loading.moddiscovery.ModDiscoverer/CORE]: Found Mod Locators : (mods folder:null),(maven libs:null),(exploded directory:null),(minecraft:null),(userdev classpath:null)
[27Dec2025 08:08:19.894] [main/DEBUG] [net.minecraftforge.fml.loading.moddiscovery.ModDiscoverer/CORE]: Found Dependency Locators : (JarInJar:null)
[27Dec2025 08:08:19.900] [main/DEBUG] [net.minecraftforge.fml.loading.targets.CommonLaunchHandler/CORE]: Got mod coordinates Droppable%%C:\Users\azooz\Desktop\Droppable\build\resources\main;Droppable%%C:\Users\azooz\Desktop\Droppable\build\classes\java\main from env
[27Dec2025 08:08:19.901] [main/DEBUG] [net.minecraftforge.fml.loading.targets.CommonLaunchHandler/CORE]: Found supplied mod coordinates [{Droppable=[C:\Users\azooz\Desktop\Droppable\build\resources\main, C:\Users\azooz\Desktop\Droppable\build\classes\java\main]}]
[27Dec2025 08:08:20.119] [main/DEBUG] [net.minecraftforge.fml.loading.moddiscovery.ModFileInfo/LOADING]: Found valid mod file forge-1.20.1-47.4.0_mapped_official_1.20.1.jar with {minecraft} mods - versions {1.20.1}
[27Dec2025 08:08:20.122] [main/DEBUG] [net.minecraftforge.fml.loading.moddiscovery.ModFileParser/LOADING]: Considering mod file candidate C:\Users\azooz\.gradle\caches\modules-2\files-2.1\net.minecraftforge\javafmllanguage\1.20.1-47.4.0\f0c0b352173d0a378cbdcec9cfc4ba65899a721\javafmllanguage-1.20.1-47.4.0.jar
[27Dec2025 08:08:20.122] [main/WARN] [net.minecraftforge.fml.loading.moddiscovery.ModFileParser/LOADING]: Mod file C:\Users\azooz\.gradle\caches\modules-2\files-2.1\net.minecraftforge\javafmllanguage\1.20.1-47.4.0\f0c0b352173d0a378cbdcec9cfc4ba65899a721\javafmllanguage-1.20.1-47.4.0.jar is missing mods.toml file
[27Dec2025 08:08:20.126] [main/DEBUG] [net.minecraftforge.fml.loading.moddiscovery.ModFileParser/LOADING]: Considering mod file candidate C:\Users\azooz\.gradle\caches\modules-2\files-2.1\net.minecraftforge\lowcodelanguage\1.20.1-47.4.0\e862740d8c84d08dbfedea412bef88fe42e727c5\lowcodelanguage-1.20.1-47.4.0.jar
[27Dec2025 08:08:20.127] [main/WARN] [net.minecraftforge.fml.loading.moddiscovery.ModFileParser/LOADING]: Mod file C:\Users\azooz\.gradle\caches\modules-2\files-2.1\net.minecraftforge\lowcodelanguage\1.20.1-47.4.0\e862740d8c84d08dbfedea412bef88fe42e727c5\lowcodelanguage-1.20.1-47.4.0.jar is missing mods.toml file
[27Dec2025 08:08:20.129] [main/DEBUG] [net.minecraftforge.fml.loading.moddiscovery.ModFileParser/LOADING]: Considering mod file candidate C:\Users\azooz\.gradle\caches\modules-2\files-2.1\net.minecraftforge\mclanguage\1.20.1-47.4.0\5719b3a297a33f877ed5dde4cb4bd75c859096af\mclanguage-1.20.1-47.4.0.jar
[27Dec2025 08:08:20.129] [main/WARN] [net.minecraftforge.fml.loading.moddiscovery.ModFileParser/LOADING]: Mod file C:\Users\azooz\.gradle\caches\modules-2\files-2.1\net.minecraftforge\mclanguage\1.20.1-47.4.0\5719b3a297a33f877ed5dde4cb4bd75c859096af\mclanguage-1.20.1-47.4.0.jar is missing mods.toml file
[27Dec2025 08:08:20.131] [main/DEBUG] [net.minecraftforge.fml.loading.moddiscovery.ModFileParser/LOADING]: Considering mod file candidate C:\Users\azooz\.gradle\caches\modules-2\files-2.1\net.minecraftforge\fmlcore\1.20.1-47.4.0\235975dafa4309945b59c56b53f31dc5b65a6051\fmlcore-1.20.1-47.4.0.jar
[27Dec2025 08:08:20.132] [main/WARN] [net.minecraftforge.fml.loading.moddiscovery.ModFileParser/LOADING]: Mod file C:\Users\azooz\.gradle\caches\modules-2\files-2.1\net.minecraftforge\fmlcore\1.20.1-47.4.0\235975dafa4309945b59c56b53f31dc5b65a6051\fmlcore-1.20.1-47.4.0.jar is missing mods.toml file
[27Dec2025 08:08:20.134] [main/DEBUG] [net.minecraftforge.fml.loading.moddiscovery.ModFileParser/LOADING]: Considering mod file candidate C:\Users\azooz\Desktop\Droppable\build\resources\main
[27Dec2025 08:08:20.139] [main/DEBUG] [net.minecraftforge.fml.loading.moddiscovery.ModFileInfo/LOADING]: Found valid mod file main with {droppable} mods - versions {20.12.1}
[27Dec2025 08:08:20.142] [main/DEBUG] [net.minecraftforge.fml.loading.moddiscovery.ModFileParser/LOADING]: Considering mod file candidate /
[27Dec2025 08:08:20.143] [main/DEBUG] [net.minecraftforge.fml.loading.moddiscovery.ModFileInfo/LOADING]: Found valid mod file  with {forge} mods - versions {47.4.0}
[27Dec2025 08:08:20.158] [main/DEBUG] [net.minecraftforge.fml.loading.moddiscovery.ModFileParser/LOADING]: Considering mod file candidate C:\Users\azooz\.gradle\caches\forge_gradle\deobf_dependencies\curse\maven\epic-fight-mod-405076\7345468_mapped_official_1.20.1\epic-fight-mod-405076-7345468_mapped_official_1.20.1.jar
[27Dec2025 08:08:20.159] [main/DEBUG] [net.minecraftforge.fml.loading.moddiscovery.ModFileInfo/LOADING]: Found valid mod file epic-fight-mod-405076-7345468_mapped_official_1.20.1.jar with {epicfight} mods - versions {20.14.4}
[27Dec2025 08:08:20.161] [main/DEBUG] [net.minecraftforge.fml.loading.moddiscovery.ModFileParser/LOADING]: Considering mod file candidate C:\Users\azooz\.gradle\caches\forge_gradle\deobf_dependencies\curse\maven\skinrestorer-443823\6015917_mapped_official_1.20.1\skinrestorer-443823-6015917_mapped_official_1.20.1.jar
[27Dec2025 08:08:20.163] [main/DEBUG] [net.minecraftforge.fml.loading.moddiscovery.ModFileInfo/LOADING]: Found valid mod file skinrestorer-443823-6015917_mapped_official_1.20.1.jar with {skinrestorer} mods - versions {2.2.1+1.20-forge}
[27Dec2025 08:08:20.166] [main/DEBUG] [net.minecraftforge.fml.loading.moddiscovery.ModFileParser/LOADING]: Considering mod file candidate C:\Users\azooz\.gradle\caches\forge_gradle\deobf_dependencies\curse\maven\epic-fight-mod-405076\7345468_mapped_official_1.20.1\epic-fight-mod-405076-7345468_mapped_official_1.20.1.jar
[27Dec2025 08:08:20.167] [main/DEBUG] [net.minecraftforge.fml.loading.moddiscovery.ModFileInfo/LOADING]: Found valid mod file epic-fight-mod-405076-7345468_mapped_official_1.20.1.jar with {epicfight} mods - versions {20.14.4}
[27Dec2025 08:08:20.169] [main/DEBUG] [net.minecraftforge.fml.loading.moddiscovery.ModFileParser/LOADING]: Considering mod file candidate C:\Users\azooz\.gradle\caches\forge_gradle\deobf_dependencies\curse\maven\skinrestorer-443823\6015917_mapped_official_1.20.1\skinrestorer-443823-6015917_mapped_official_1.20.1.jar
[27Dec2025 08:08:20.170] [main/DEBUG] [net.minecraftforge.fml.loading.moddiscovery.ModFileInfo/LOADING]: Found valid mod file skinrestorer-443823-6015917_mapped_official_1.20.1.jar with {skinrestorer} mods - versions {2.2.1+1.20-forge}
[27Dec2025 08:08:20.174] [main/DEBUG] [net.minecraftforge.fml.loading.UniqueModListBuilder/]: Found 2 mods for first modid skinrestorer, selecting most recent based on version data
[27Dec2025 08:08:20.176] [main/DEBUG] [net.minecraftforge.fml.loading.UniqueModListBuilder/]: Selected file skinrestorer-443823-6015917_mapped_official_1.20.1.jar for modid skinrestorer with version 2.2.1+1.20-forge
[27Dec2025 08:08:20.176] [main/DEBUG] [net.minecraftforge.fml.loading.UniqueModListBuilder/]: Found 2 mods for first modid epicfight, selecting most recent based on version data
[27Dec2025 08:08:20.176] [main/DEBUG] [net.minecraftforge.fml.loading.UniqueModListBuilder/]: Selected file epic-fight-mod-405076-7345468_mapped_official_1.20.1.jar for modid epicfight with version 20.14.4
[27Dec2025 08:08:20.181] [main/DEBUG] [net.minecraftforge.fml.loading.moddiscovery.AbstractJarFileDependencyLocator/]: Failed to load resource META-INF\jarjar\metadata.json from main, it does not contain dependency information.
[27Dec2025 08:08:20.181] [main/DEBUG] [net.minecraftforge.fml.loading.moddiscovery.AbstractJarFileDependencyLocator/]: Failed to load resource META-INF\jarjar\metadata.json from forge-1.20.1-47.4.0_mapped_official_1.20.1.jar, it does not contain dependency information.
[27Dec2025 08:08:20.181] [main/DEBUG] [net.minecraftforge.fml.loading.moddiscovery.AbstractJarFileDependencyLocator/]: Failed to load resource META-INF\jarjar\metadata.json from , it does not contain dependency information.
[27Dec2025 08:08:20.181] [main/DEBUG] [net.minecraftforge.fml.loading.moddiscovery.AbstractJarFileDependencyLocator/]: Failed to load resource META-INF\jarjar\metadata.json from epic-fight-mod-405076-7345468_mapped_official_1.20.1.jar, it does not contain dependency information.
[27Dec2025 08:08:20.181] [main/DEBUG] [net.minecraftforge.fml.loading.moddiscovery.AbstractJarFileDependencyLocator/]: Failed to load resource META-INF\jarjar\metadata.json from mclanguage-1.20.1-47.4.0.jar, it does not contain dependency information.
[27Dec2025 08:08:20.181] [main/DEBUG] [net.minecraftforge.fml.loading.moddiscovery.AbstractJarFileDependencyLocator/]: Failed to load resource META-INF\jarjar\metadata.json from javafmllanguage-1.20.1-47.4.0.jar, it does not contain dependency information.
[27Dec2025 08:08:20.181] [main/DEBUG] [net.minecraftforge.fml.loading.moddiscovery.AbstractJarFileDependencyLocator/]: Failed to load resource META-INF\jarjar\metadata.json from fmlcore-1.20.1-47.4.0.jar, it does not contain dependency information.
[27Dec2025 08:08:20.181] [main/DEBUG] [net.minecraftforge.fml.loading.moddiscovery.AbstractJarFileDependencyLocator/]: Failed to load resource META-INF\jarjar\metadata.json from lowcodelanguage-1.20.1-47.4.0.jar, it does not contain dependency information.
[27Dec2025 08:08:20.220] [main/DEBUG] [net.minecraftforge.fml.loading.moddiscovery.AbstractJarFileDependencyLocator/]: Failed to load resource META-INF\jarjar\metadata.json from java-client-3.0.1-SNAPSHOT.jar, it does not contain dependency information.
[27Dec2025 08:08:20.253] [main/INFO] [net.minecraftforge.fml.loading.moddiscovery.JarInJarDependencyLocator/]: Found 1 dependencies adding them to mods collection
[27Dec2025 08:08:20.255] [main/DEBUG] [net.minecraftforge.fml.loading.moddiscovery.ModFileInfo/LOADING]: Found valid mod file forge-1.20.1-47.4.0_mapped_official_1.20.1.jar with {minecraft} mods - versions {1.20.1}
[27Dec2025 08:08:20.258] [main/DEBUG] [net.minecraftforge.fml.loading.moddiscovery.ModFile/LOADING]: Loading mod file C:\Users\azooz\.gradle\caches\forge_gradle\minecraft_user_repo\net\minecraftforge\forge\1.20.1-47.4.0_mapped_official_1.20.1\forge-1.20.1-47.4.0_mapped_official_1.20.1.jar with languages [LanguageSpec[languageName=minecraft, acceptedVersions=1]]
[27Dec2025 08:08:20.258] [main/DEBUG] [net.minecraftforge.fml.loading.moddiscovery.ModFileParser/LOADING]: Considering mod file candidate C:\Users\azooz\Desktop\Droppable\build\resources\main
[27Dec2025 08:08:20.260] [main/DEBUG] [net.minecraftforge.fml.loading.moddiscovery.ModFileInfo/LOADING]: Found valid mod file main with {droppable} mods - versions {20.12.1}
[27Dec2025 08:08:20.260] [main/DEBUG] [net.minecraftforge.fml.loading.moddiscovery.ModFile/LOADING]: Loading mod file C:\Users\azooz\Desktop\Droppable\build\resources\main with languages [LanguageSpec[languageName=javafml, acceptedVersions=[47,)]]
[27Dec2025 08:08:20.260] [main/DEBUG] [net.minecraftforge.fml.loading.moddiscovery.ModFileParser/LOADING]: Considering mod file candidate /
[27Dec2025 08:08:20.261] [main/DEBUG] [net.minecraftforge.fml.loading.moddiscovery.ModFileInfo/LOADING]: Found valid mod file  with {forge} mods - versions {47.4.0}
[27Dec2025 08:08:20.261] [main/DEBUG] [net.minecraftforge.fml.loading.moddiscovery.ModFile/LOADING]: Loading mod file / with languages [LanguageSpec[languageName=javafml, acceptedVersions=[24,]]]
[27Dec2025 08:08:20.263] [main/DEBUG] [net.minecraftforge.fml.loading.moddiscovery.ModFileParser/LOADING]: Found coremod field_to_method with Javascript path coremods/field_to_method.js
[27Dec2025 08:08:20.263] [main/DEBUG] [net.minecraftforge.fml.loading.moddiscovery.ModFileParser/LOADING]: Found coremod field_to_instanceof with Javascript path coremods/field_to_instanceof.js
[27Dec2025 08:08:20.263] [main/DEBUG] [net.minecraftforge.fml.loading.moddiscovery.ModFileParser/LOADING]: Found coremod add_bouncer_method with Javascript path coremods/add_bouncer_method.js
[27Dec2025 08:08:20.263] [main/DEBUG] [net.minecraftforge.fml.loading.moddiscovery.ModFileParser/LOADING]: Found coremod method_redirector with Javascript path coremods/method_redirector.js
[27Dec2025 08:08:20.263] [main/DEBUG] [net.minecraftforge.fml.loading.moddiscovery.ModFile/LOADING]: Found coremod coremods/field_to_method.js
[27Dec2025 08:08:20.264] [main/DEBUG] [net.minecraftforge.fml.loading.moddiscovery.ModFile/LOADING]: Found coremod coremods/field_to_instanceof.js
[27Dec2025 08:08:20.264] [main/DEBUG] [net.minecraftforge.fml.loading.moddiscovery.ModFile/LOADING]: Found coremod coremods/add_bouncer_method.js
[27Dec2025 08:08:20.264] [main/DEBUG] [net.minecraftforge.fml.loading.moddiscovery.ModFile/LOADING]: Found coremod coremods/method_redirector.js
[27Dec2025 08:08:20.264] [main/DEBUG] [net.minecraftforge.fml.loading.moddiscovery.ModFileParser/LOADING]: Considering mod file candidate C:\Users\azooz\.gradle\caches\forge_gradle\deobf_dependencies\curse\maven\epic-fight-mod-405076\7345468_mapped_official_1.20.1\epic-fight-mod-405076-7345468_mapped_official_1.20.1.jar
[27Dec2025 08:08:20.264] [main/DEBUG] [net.minecraftforge.fml.loading.moddiscovery.ModFileInfo/LOADING]: Found valid mod file epic-fight-mod-405076-7345468_mapped_official_1.20.1.jar with {epicfight} mods - versions {20.14.4}
[27Dec2025 08:08:20.265] [main/DEBUG] [net.minecraftforge.fml.loading.moddiscovery.ModFile/LOADING]: Loading mod file C:\Users\azooz\.gradle\caches\forge_gradle\deobf_dependencies\curse\maven\epic-fight-mod-405076\7345468_mapped_official_1.20.1\epic-fight-mod-405076-7345468_mapped_official_1.20.1.jar with languages [LanguageSpec[languageName=javafml, acceptedVersions=[47,)]]
[27Dec2025 08:08:20.265] [main/DEBUG] [net.minecraftforge.fml.loading.moddiscovery.ModFileParser/LOADING]: Considering mod file candidate C:\Users\azooz\.gradle\caches\forge_gradle\deobf_dependencies\curse\maven\skinrestorer-443823\6015917_mapped_official_1.20.1\skinrestorer-443823-6015917_mapped_official_1.20.1.jar
[27Dec2025 08:08:20.266] [main/DEBUG] [net.minecraftforge.fml.loading.moddiscovery.ModFileInfo/LOADING]: Found valid mod file skinrestorer-443823-6015917_mapped_official_1.20.1.jar with {skinrestorer} mods - versions {2.2.1+1.20-forge}
[27Dec2025 08:08:20.266] [main/DEBUG] [net.minecraftforge.fml.loading.moddiscovery.ModFile/LOADING]: Loading mod file C:\Users\azooz\.gradle\caches\forge_gradle\deobf_dependencies\curse\maven\skinrestorer-443823\6015917_mapped_official_1.20.1\skinrestorer-443823-6015917_mapped_official_1.20.1.jar with languages [LanguageSpec[languageName=javafml, acceptedVersions=[46,)]]
[27Dec2025 08:08:20.266] [main/DEBUG] [net.minecraftforge.fml.loading.moddiscovery.ModFile/LOADING]: Loading mod file  with languages []
[27Dec2025 08:08:20.267] [main/DEBUG] [net.minecraftforge.fml.loading.moddiscovery.ModFile/LOADING]: Loading mod file  with languages []
[27Dec2025 08:08:20.268] [main/DEBUG] [cpw.mods.modlauncher.TransformationServiceDecorator/MODLAUNCHER]: End scan trigger - transformation service fml
[27Dec2025 08:08:20.276] [main/DEBUG] [net.minecraftforge.fml.loading.LanguageLoadingProvider/CORE]: Found 3 language providers
[27Dec2025 08:08:20.277] [main/DEBUG] [net.minecraftforge.fml.loading.LanguageLoadingProvider/CORE]: Found language provider minecraft, version 1.0
[27Dec2025 08:08:20.277] [main/DEBUG] [net.minecraftforge.fml.loading.LanguageLoadingProvider/CORE]: Found language provider lowcodefml, version 47
[27Dec2025 08:08:20.277] [main/DEBUG] [net.minecraftforge.fml.loading.LanguageLoadingProvider/CORE]: Found language provider javafml, version 47
[27Dec2025 08:08:20.282] [main/DEBUG] [net.minecraftforge.fml.loading.UniqueModListBuilder/]: Found 2 mods for first modid java.client.SNAPSHOT, selecting most recent based on version data
[27Dec2025 08:08:20.282] [main/DEBUG] [net.minecraftforge.fml.loading.UniqueModListBuilder/]: Selected file java-client-3.0.1-SNAPSHOT.jar for modid java.client.SNAPSHOT with version 0.0NONE
[27Dec2025 08:08:20.283] [main/DEBUG] [net.minecraftforge.fml.loading.ModSorter/]: Configured system mods: [minecraft, forge]
[27Dec2025 08:08:20.283] [main/DEBUG] [net.minecraftforge.fml.loading.ModSorter/]: Found system mod: minecraft
[27Dec2025 08:08:20.284] [main/DEBUG] [net.minecraftforge.fml.loading.ModSorter/]: Found system mod: forge
[27Dec2025 08:08:20.284] [main/DEBUG] [net.minecraftforge.fml.loading.ModSorter/LOADING]: Found 7 mod requirements (7 mandatory, 0 optional)
[27Dec2025 08:08:20.286] [main/DEBUG] [net.minecraftforge.fml.loading.ModSorter/LOADING]: Found 0 mod requirements missing (0 mandatory, 0 optional)
[27Dec2025 08:08:20.589] [main/DEBUG] [net.minecraftforge.fml.loading.MCPNamingService/CORE]: Loaded 33222 method mappings from methods.csv
[27Dec2025 08:08:20.618] [main/DEBUG] [net.minecraftforge.fml.loading.MCPNamingService/CORE]: Loaded 31003 field mappings from fields.csv
[27Dec2025 08:08:20.659] [main/DEBUG] [cpw.mods.modlauncher.TransformationServicesHandler/MODLAUNCHER]: Transformation services loading transformers
[27Dec2025 08:08:20.659] [main/DEBUG] [cpw.mods.modlauncher.TransformationServiceDecorator/MODLAUNCHER]: Initializing transformers for transformation service mixin
[27Dec2025 08:08:20.660] [main/DEBUG] [cpw.mods.modlauncher.TransformationServiceDecorator/MODLAUNCHER]: Initialized transformers for transformation service mixin
[27Dec2025 08:08:20.660] [main/DEBUG] [cpw.mods.modlauncher.TransformationServiceDecorator/MODLAUNCHER]: Initializing transformers for transformation service fml
[27Dec2025 08:08:20.660] [main/DEBUG] [net.minecraftforge.fml.loading.FMLServiceProvider/CORE]: Loading coremod transformers
[27Dec2025 08:08:20.660] [main/DEBUG] [net.minecraftforge.coremod.CoreModEngine/COREMOD]: Loading CoreMod from coremods/field_to_method.js
[27Dec2025 08:08:20.781] [main/DEBUG] [net.minecraftforge.coremod.CoreModEngine/COREMOD]: CoreMod loaded successfully
[27Dec2025 08:08:20.781] [main/DEBUG] [net.minecraftforge.coremod.CoreModEngine/COREMOD]: Loading CoreMod from coremods/field_to_instanceof.js
[27Dec2025 08:08:20.830] [main/DEBUG] [net.minecraftforge.coremod.CoreModEngine/COREMOD]: CoreMod loaded successfully
[27Dec2025 08:08:20.830] [main/DEBUG] [net.minecraftforge.coremod.CoreModEngine/COREMOD]: Loading CoreMod from coremods/add_bouncer_method.js
[27Dec2025 08:08:20.855] [main/DEBUG] [net.minecraftforge.coremod.CoreModEngine/COREMOD]: CoreMod loaded successfully
[27Dec2025 08:08:20.855] [main/DEBUG] [net.minecraftforge.coremod.CoreModEngine/COREMOD]: Loading CoreMod from coremods/method_redirector.js
[27Dec2025 08:08:20.893] [main/DEBUG] [net.minecraftforge.coremod.CoreModEngine/COREMOD]: CoreMod loaded successfully
[27Dec2025 08:08:20.901] [main/DEBUG] [cpw.mods.modlauncher.TransformStore/MODLAUNCHER]: Adding transformer net.minecraftforge.coremod.transformer.CoreModClassTransformer@5d342959 to Target : CLASS {Lnet/minecraft/world/level/biome/Biome;} {} {V}
[27Dec2025 08:08:20.902] [main/DEBUG] [cpw.mods.modlauncher.TransformStore/MODLAUNCHER]: Adding transformer net.minecraftforge.coremod.transformer.CoreModClassTransformer@4548d254 to Target : CLASS {Lnet/minecraft/world/level/levelgen/structure/Structure;} {} {V}
[27Dec2025 08:08:20.902] [main/DEBUG] [cpw.mods.modlauncher.TransformStore/MODLAUNCHER]: Adding transformer net.minecraftforge.coremod.transformer.CoreModClassTransformer@590f0c50 to Target : CLASS {Lnet/minecraft/world/effect/MobEffectInstance;} {} {V}
[27Dec2025 08:08:20.902] [main/DEBUG] [cpw.mods.modlauncher.TransformStore/MODLAUNCHER]: Adding transformer net.minecraftforge.coremod.transformer.CoreModClassTransformer@208f0007 to Target : CLASS {Lnet/minecraft/world/level/block/LiquidBlock;} {} {V}
[27Dec2025 08:08:20.903] [main/DEBUG] [cpw.mods.modlauncher.TransformStore/MODLAUNCHER]: Adding transformer net.minecraftforge.coremod.transformer.CoreModClassTransformer@3a90c13c to Target : CLASS {Lnet/minecraft/world/item/BucketItem;} {} {V}
[27Dec2025 08:08:20.903] [main/DEBUG] [cpw.mods.modlauncher.TransformStore/MODLAUNCHER]: Adding transformer net.minecraftforge.coremod.transformer.CoreModClassTransformer@39c96e48 to Target : CLASS {Lnet/minecraft/world/level/block/StairBlock;} {} {V}
[27Dec2025 08:08:20.903] [main/DEBUG] [cpw.mods.modlauncher.TransformStore/MODLAUNCHER]: Adding transformer net.minecraftforge.coremod.transformer.CoreModClassTransformer@188598ad to Target : CLASS {Lnet/minecraft/world/level/block/FlowerPotBlock;} {} {V}
[27Dec2025 08:08:20.903] [main/DEBUG] [cpw.mods.modlauncher.TransformStore/MODLAUNCHER]: Adding transformer net.minecraftforge.coremod.transformer.CoreModClassTransformer@40d23c82 to Target : CLASS {Lnet/minecraft/world/item/ItemStack;} {} {V}
[27Dec2025 08:08:20.903] [main/DEBUG] [cpw.mods.modlauncher.TransformStore/MODLAUNCHER]: Adding transformer net.minecraftforge.coremod.transformer.CoreModClassTransformer@7cf78c85 to Target : CLASS {Lnet/minecraft/network/play/client/CClientSettingsPacket;} {} {V}
[27Dec2025 08:08:20.903] [main/DEBUG] [cpw.mods.modlauncher.TransformStore/MODLAUNCHER]: Adding transformer net.minecraftforge.coremod.transformer.CoreModClassTransformer@ebe067d to Target : CLASS {Lnet/minecraft/world/level/levelgen/PhantomSpawner;} {} {V}
[27Dec2025 08:08:20.903] [main/DEBUG] [cpw.mods.modlauncher.TransformStore/MODLAUNCHER]: Adding transformer net.minecraftforge.coremod.transformer.CoreModClassTransformer@ebe067d to Target : CLASS {Lnet/minecraft/world/level/levelgen/structure/structures/OceanMonumentPieces$OceanMonumentPiece;} {} {V}
[27Dec2025 08:08:20.903] [main/DEBUG] [cpw.mods.modlauncher.TransformStore/MODLAUNCHER]: Adding transformer net.minecraftforge.coremod.transformer.CoreModClassTransformer@ebe067d to Target : CLASS {Lnet/minecraft/world/entity/raid/Raid;} {} {V}
[27Dec2025 08:08:20.903] [main/DEBUG] [cpw.mods.modlauncher.TransformStore/MODLAUNCHER]: Adding transformer net.minecraftforge.coremod.transformer.CoreModClassTransformer@ebe067d to Target : CLASS {Lnet/minecraft/world/level/levelgen/structure/structures/SwampHutPiece;} {} {V}
[27Dec2025 08:08:20.904] [main/DEBUG] [cpw.mods.modlauncher.TransformStore/MODLAUNCHER]: Adding transformer net.minecraftforge.coremod.transformer.CoreModClassTransformer@ebe067d to Target : CLASS {Lnet/minecraft/world/entity/monster/Strider;} {} {V}
[27Dec2025 08:08:20.904] [main/DEBUG] [cpw.mods.modlauncher.TransformStore/MODLAUNCHER]: Adding transformer net.minecraftforge.coremod.transformer.CoreModClassTransformer@ebe067d to Target : CLASS {Lnet/minecraft/world/entity/EntityType;} {} {V}
[27Dec2025 08:08:20.904] [main/DEBUG] [cpw.mods.modlauncher.TransformStore/MODLAUNCHER]: Adding transformer net.minecraftforge.coremod.transformer.CoreModClassTransformer@ebe067d to Target : CLASS {Lnet/minecraft/world/entity/monster/ZombieVillager;} {} {V}
[27Dec2025 08:08:20.904] [main/DEBUG] [cpw.mods.modlauncher.TransformStore/MODLAUNCHER]: Adding transformer net.minecraftforge.coremod.transformer.CoreModClassTransformer@ebe067d to Target : CLASS {Lnet/minecraft/world/entity/ai/village/VillageSiege;} {} {V}
[27Dec2025 08:08:20.904] [main/DEBUG] [cpw.mods.modlauncher.TransformStore/MODLAUNCHER]: Adding transformer net.minecraftforge.coremod.transformer.CoreModClassTransformer@ebe067d to Target : CLASS {Lnet/minecraft/world/entity/npc/CatSpawner;} {} {V}
[27Dec2025 08:08:20.904] [main/DEBUG] [cpw.mods.modlauncher.TransformStore/MODLAUNCHER]: Adding transformer net.minecraftforge.coremod.transformer.CoreModClassTransformer@ebe067d to Target : CLASS {Lnet/minecraft/world/entity/animal/horse/SkeletonTrapGoal;} {} {V}
[27Dec2025 08:08:20.904] [main/DEBUG] [cpw.mods.modlauncher.TransformStore/MODLAUNCHER]: Adding transformer net.minecraftforge.coremod.transformer.CoreModClassTransformer@ebe067d to Target : CLASS {Lnet/minecraft/world/entity/monster/Spider;} {} {V}
[27Dec2025 08:08:20.904] [main/DEBUG] [cpw.mods.modlauncher.TransformStore/MODLAUNCHER]: Adding transformer net.minecraftforge.coremod.transformer.CoreModClassTransformer@ebe067d to Target : CLASS {Lnet/minecraft/server/commands/SummonCommand;} {} {V}
[27Dec2025 08:08:20.904] [main/DEBUG] [cpw.mods.modlauncher.TransformStore/MODLAUNCHER]: Adding transformer net.minecraftforge.coremod.transformer.CoreModClassTransformer@ebe067d to Target : CLASS {Lnet/minecraft/world/entity/monster/Evoker$EvokerSummonSpellGoal;} {} {V}
[27Dec2025 08:08:20.904] [main/DEBUG] [cpw.mods.modlauncher.TransformStore/MODLAUNCHER]: Adding transformer net.minecraftforge.coremod.transformer.CoreModClassTransformer@ebe067d to Target : CLASS {Lnet/minecraft/world/entity/npc/Villager;} {} {V}
[27Dec2025 08:08:20.904] [main/DEBUG] [cpw.mods.modlauncher.TransformStore/MODLAUNCHER]: Adding transformer net.minecraftforge.coremod.transformer.CoreModClassTransformer@ebe067d to Target : CLASS {Lnet/minecraft/world/level/levelgen/structure/structures/WoodlandMansionPieces$WoodlandMansionPiece;} {} {V}
[27Dec2025 08:08:20.904] [main/DEBUG] [cpw.mods.modlauncher.TransformStore/MODLAUNCHER]: Adding transformer net.minecraftforge.coremod.transformer.CoreModClassTransformer@ebe067d to Target : CLASS {Lnet/minecraft/world/level/levelgen/structure/templatesystem/StructureTemplate;} {} {V}
[27Dec2025 08:08:20.904] [main/DEBUG] [cpw.mods.modlauncher.TransformStore/MODLAUNCHER]: Adding transformer net.minecraftforge.coremod.transformer.CoreModClassTransformer@ebe067d to Target : CLASS {Lnet/minecraft/world/entity/animal/frog/Tadpole;} {} {V}
[27Dec2025 08:08:20.905] [main/DEBUG] [cpw.mods.modlauncher.TransformStore/MODLAUNCHER]: Adding transformer net.minecraftforge.coremod.transformer.CoreModClassTransformer@ebe067d to Target : CLASS {Lnet/minecraft/world/level/levelgen/structure/structures/OceanRuinPieces$OceanRuinPiece;} {} {V}
[27Dec2025 08:08:20.905] [main/DEBUG] [cpw.mods.modlauncher.TransformStore/MODLAUNCHER]: Adding transformer net.minecraftforge.coremod.transformer.CoreModClassTransformer@ebe067d to Target : CLASS {Lnet/minecraft/server/commands/RaidCommand;} {} {V}
[27Dec2025 08:08:20.905] [main/DEBUG] [cpw.mods.modlauncher.TransformStore/MODLAUNCHER]: Adding transformer net.minecraftforge.coremod.transformer.CoreModClassTransformer@ebe067d to Target : CLASS {Lnet/minecraft/world/level/NaturalSpawner;} {} {V}
[27Dec2025 08:08:20.906] [main/DEBUG] [cpw.mods.modlauncher.TransformStore/MODLAUNCHER]: Adding transformer net.minecraftforge.coremod.transformer.CoreModClassTransformer@ebe067d to Target : CLASS {Lnet/minecraft/world/level/levelgen/PatrolSpawner;} {} {V}
[27Dec2025 08:08:20.906] [main/DEBUG] [cpw.mods.modlauncher.TransformStore/MODLAUNCHER]: Adding transformer net.minecraftforge.coremod.transformer.CoreModClassTransformer@ebe067d to Target : CLASS {Lnet/minecraft/world/entity/monster/Zombie;} {} {V}
[27Dec2025 08:08:20.906] [main/DEBUG] [cpw.mods.modlauncher.TransformationServiceDecorator/MODLAUNCHER]: Initialized transformers for transformation service fml
[27Dec2025 08:08:21.126] [main/DEBUG] [mixin/]: Processing prepare() for PlatformAgent[MixinPlatformAgentDefault:ModLauncher Root Container(ModLauncher:4f56a0a2)]
[27Dec2025 08:08:21.126] [main/DEBUG] [mixin/]: Processing launch tasks for PlatformAgent[MixinPlatformAgentDefault:ModLauncher Root Container(ModLauncher:4f56a0a2)]
[27Dec2025 08:08:21.126] [main/DEBUG] [mixin/]: Adding mixin platform agents for container SecureJarResource(minecraft)
[27Dec2025 08:08:21.126] [main/DEBUG] [mixin/]: Instancing new MixinPlatformAgentMinecraftForge for SecureJarResource(minecraft)
[27Dec2025 08:08:21.126] [main/DEBUG] [mixin/]: MixinPlatformAgentMinecraftForge rejected container SecureJarResource(minecraft)
[27Dec2025 08:08:21.126] [main/DEBUG] [mixin/]: Instancing new MixinPlatformAgentDefault for SecureJarResource(minecraft)
[27Dec2025 08:08:21.127] [main/DEBUG] [mixin/]: MixinPlatformAgentDefault accepted container SecureJarResource(minecraft)
[27Dec2025 08:08:21.127] [main/DEBUG] [mixin/]: Processing prepare() for PlatformAgent[MixinPlatformAgentDefault:SecureJarResource(minecraft)]
[27Dec2025 08:08:21.127] [main/DEBUG] [mixin/]: Adding mixin platform agents for container SecureJarResource(forge)
[27Dec2025 08:08:21.127] [main/DEBUG] [mixin/]: Instancing new MixinPlatformAgentMinecraftForge for SecureJarResource(forge)
[27Dec2025 08:08:21.127] [main/DEBUG] [mixin/]: MixinPlatformAgentMinecraftForge rejected container SecureJarResource(forge)
[27Dec2025 08:08:21.127] [main/DEBUG] [mixin/]: Instancing new MixinPlatformAgentDefault for SecureJarResource(forge)
[27Dec2025 08:08:21.127] [main/DEBUG] [mixin/]: MixinPlatformAgentDefault accepted container SecureJarResource(forge)
[27Dec2025 08:08:21.127] [main/DEBUG] [mixin/]: Processing prepare() for PlatformAgent[MixinPlatformAgentDefault:SecureJarResource(forge)]
[27Dec2025 08:08:21.127] [main/DEBUG] [mixin/]: Adding mixin platform agents for container SecureJarResource(skinrestorer)
[27Dec2025 08:08:21.127] [main/DEBUG] [mixin/]: Instancing new MixinPlatformAgentMinecraftForge for SecureJarResource(skinrestorer)
[27Dec2025 08:08:21.127] [main/DEBUG] [mixin/]: MixinPlatformAgentMinecraftForge rejected container SecureJarResource(skinrestorer)
[27Dec2025 08:08:21.127] [main/DEBUG] [mixin/]: Instancing new MixinPlatformAgentDefault for SecureJarResource(skinrestorer)
[27Dec2025 08:08:21.127] [main/DEBUG] [mixin/]: MixinPlatformAgentDefault accepted container SecureJarResource(skinrestorer)
[27Dec2025 08:08:21.128] [main/DEBUG] [mixin/]: Processing prepare() for PlatformAgent[MixinPlatformAgentDefault:SecureJarResource(skinrestorer)]
[27Dec2025 08:08:21.128] [main/DEBUG] [mixin/]: Registering mixin config: skinrestorer.mixins.json
[27Dec2025 08:08:21.140] [main/DEBUG] [mixin/]: Compatibility level JAVA_8 specified by skinrestorer.mixins.json is lower than the default level supported by the current mixin service (JAVA_16).
[27Dec2025 08:08:21.141] [main/DEBUG] [mixin/]: Adding mixin platform agents for container SecureJarResource(epicfight)
[27Dec2025 08:08:21.141] [main/DEBUG] [mixin/]: Instancing new MixinPlatformAgentMinecraftForge for SecureJarResource(epicfight)
[27Dec2025 08:08:21.141] [main/DEBUG] [mixin/]: MixinPlatformAgentMinecraftForge rejected container SecureJarResource(epicfight)
[27Dec2025 08:08:21.141] [main/DEBUG] [mixin/]: Instancing new MixinPlatformAgentDefault for SecureJarResource(epicfight)
[27Dec2025 08:08:21.141] [main/DEBUG] [mixin/]: MixinPlatformAgentDefault accepted container SecureJarResource(epicfight)
[27Dec2025 08:08:21.141] [main/DEBUG] [mixin/]: Processing prepare() for PlatformAgent[MixinPlatformAgentDefault:SecureJarResource(epicfight)]
[27Dec2025 08:08:21.141] [main/DEBUG] [mixin/]: Registering mixin config: mixins.epicfight.json
[27Dec2025 08:08:21.142] [main/DEBUG] [mixin/]: Compatibility level JAVA_17 specified by mixins.epicfight.json is higher than the maximum level supported by this version of mixin (JAVA_13).
[27Dec2025 08:08:21.146] [main/INFO] [mixin/]: Compatibility level set to JAVA_17
[27Dec2025 08:08:21.146] [main/DEBUG] [mixin/]: Adding mixin platform agents for container SecureJarResource(droppable)
[27Dec2025 08:08:21.146] [main/DEBUG] [mixin/]: Instancing new MixinPlatformAgentMinecraftForge for SecureJarResource(droppable)
[27Dec2025 08:08:21.146] [main/DEBUG] [mixin/]: MixinPlatformAgentMinecraftForge rejected container SecureJarResource(droppable)
[27Dec2025 08:08:21.146] [main/DEBUG] [mixin/]: Instancing new MixinPlatformAgentDefault for SecureJarResource(droppable)
[27Dec2025 08:08:21.146] [main/DEBUG] [mixin/]: MixinPlatformAgentDefault accepted container SecureJarResource(droppable)
[27Dec2025 08:08:21.146] [main/DEBUG] [mixin/]: Processing prepare() for PlatformAgent[MixinPlatformAgentDefault:SecureJarResource(droppable)]
[27Dec2025 08:08:21.147] [main/DEBUG] [mixin/]: Adding mixin platform agents for container SecureJarResource(java.client.SNAPSHOT)
[27Dec2025 08:08:21.147] [main/DEBUG] [mixin/]: Instancing new MixinPlatformAgentMinecraftForge for SecureJarResource(java.client.SNAPSHOT)
[27Dec2025 08:08:21.147] [main/DEBUG] [mixin/]: MixinPlatformAgentMinecraftForge rejected container SecureJarResource(java.client.SNAPSHOT)
[27Dec2025 08:08:21.147] [main/DEBUG] [mixin/]: Instancing new MixinPlatformAgentDefault for SecureJarResource(java.client.SNAPSHOT)
[27Dec2025 08:08:21.147] [main/DEBUG] [mixin/]: MixinPlatformAgentDefault accepted container SecureJarResource(java.client.SNAPSHOT)
[27Dec2025 08:08:21.147] [main/DEBUG] [mixin/]: Processing prepare() for PlatformAgent[MixinPlatformAgentDefault:SecureJarResource(java.client.SNAPSHOT)]
[27Dec2025 08:08:21.147] [main/DEBUG] [mixin/]: inject() running with 7 agents
[27Dec2025 08:08:21.147] [main/DEBUG] [mixin/]: Processing inject() for PlatformAgent[MixinPlatformAgentDefault:ModLauncher Root Container(ModLauncher:4f56a0a2)]
[27Dec2025 08:08:21.147] [main/DEBUG] [mixin/]: Processing inject() for PlatformAgent[MixinPlatformAgentDefault:SecureJarResource(minecraft)]
[27Dec2025 08:08:21.147] [main/DEBUG] [mixin/]: Processing inject() for PlatformAgent[MixinPlatformAgentDefault:SecureJarResource(forge)]
[27Dec2025 08:08:21.147] [main/DEBUG] [mixin/]: Processing inject() for PlatformAgent[MixinPlatformAgentDefault:SecureJarResource(skinrestorer)]
[27Dec2025 08:08:21.147] [main/DEBUG] [mixin/]: Processing inject() for PlatformAgent[MixinPlatformAgentDefault:SecureJarResource(epicfight)]
[27Dec2025 08:08:21.147] [main/DEBUG] [mixin/]: Processing inject() for PlatformAgent[MixinPlatformAgentDefault:SecureJarResource(droppable)]
[27Dec2025 08:08:21.147] [main/DEBUG] [mixin/]: Processing inject() for PlatformAgent[MixinPlatformAgentDefault:SecureJarResource(java.client.SNAPSHOT)]
[27Dec2025 08:08:21.148] [main/INFO] [cpw.mods.modlauncher.LaunchServiceHandler/MODLAUNCHER]: Launching target 'forgeclientuserdev' with arguments [--version, MOD_DEV, --gameDir, ., --assetsDir, C:\Users\azooz\.gradle\caches\forge_gradle\assets, --assetIndex, 5, --username, M6FGR, --skin, src/main/resources/assets/minecraft/textures/entity/player/default/M6FGR.png]
[27Dec2025 08:08:21.205] [main/DEBUG] [mixin/]: Error cleaning class output directory: .mixin.out
[27Dec2025 08:08:21.206] [main/DEBUG] [mixin/]: Preparing mixins for MixinEnvironment[DEFAULT]
[27Dec2025 08:08:21.207] [main/DEBUG] [mixin/]: Selecting config skinrestorer.mixins.json
[27Dec2025 08:08:21.380] [main/INFO] [mixin/]: Remapping refMap skinrestorer.refmap.json using C:\Users\azooz\Desktop\Droppable\build/createSrgToMcp/output.srg
[27Dec2025 08:08:21.380] [main/DEBUG] [mixin/]: Selecting config mixins.epicfight.json
[27Dec2025 08:08:21.382] [main/INFO] [mixin/]: Remapping refMap mixins.epicfight.refmap.json using C:\Users\azooz\Desktop\Droppable\build/createSrgToMcp/output.srg
[27Dec2025 08:08:21.382] [main/DEBUG] [mixin/]: Preparing skinrestorer.mixins.json (4)
[27Dec2025 08:08:21.442] [main/DEBUG] [mixin/]: Preparing mixins.epicfight.json (38)
[27Dec2025 08:08:21.599] [main/WARN] [mixin/]: Error loading class: dev/tr7zw/skinlayers/versionless/render/CustomModelPart (java.lang.ClassNotFoundException: dev.tr7zw.skinlayers.versionless.render.CustomModelPart)
[27Dec2025 08:08:21.599] [main/WARN] [mixin/]: @Mixin target dev.tr7zw.skinlayers.versionless.render.CustomModelPart was not found mixins.epicfight.json:skinlayers.MixinCustomModelPart
[27Dec2025 08:08:21.600] [main/WARN] [mixin/]: Error loading class: dev/tr7zw/skinlayers/versionless/render/CustomizableCube (java.lang.ClassNotFoundException: dev.tr7zw.skinlayers.versionless.render.CustomizableCube)
[27Dec2025 08:08:21.601] [main/WARN] [mixin/]: @Mixin target dev.tr7zw.skinlayers.versionless.render.CustomizableCube was not found mixins.epicfight.json:skinlayers.MixinCustomizableCubeWrapper$SkinLayer3DMixinCustomModelCube
[27Dec2025 08:08:21.601] [main/WARN] [mixin/]: Error loading class: de/teamlapen/vampirism/client/renderer/entity/layers/VampirePlayerHeadLayer (java.lang.ClassNotFoundException: de.teamlapen.vampirism.client.renderer.entity.layers.VampirePlayerHeadLayer)
[27Dec2025 08:08:21.601] [main/WARN] [mixin/]: @Mixin target de.teamlapen.vampirism.client.renderer.entity.layers.VampirePlayerHeadLayer was not found mixins.epicfight.json:teamlapen.MixinVampirePlayerHeadLayer
[27Dec2025 08:08:21.602] [main/WARN] [mixin/]: Error loading class: de/teamlapen/werewolves/client/render/layer/HumanWerewolfLayer (java.lang.ClassNotFoundException: de.teamlapen.werewolves.client.render.layer.HumanWerewolfLayer)
[27Dec2025 08:08:21.603] [main/WARN] [mixin/]: @Mixin target de.teamlapen.werewolves.client.render.layer.HumanWerewolfLayer was not found mixins.epicfight.json:teamlapen.MixinHumanWerewolfLayer
[27Dec2025 08:08:21.614] [main/DEBUG] [mixin/]: Registering new injector for @Inject with org.spongepowered.asm.mixin.injection.struct.CallbackInjectionInfo
[27Dec2025 08:08:21.616] [main/DEBUG] [mixin/]: Registering new injector for @ModifyArg with org.spongepowered.asm.mixin.injection.struct.ModifyArgInjectionInfo
[27Dec2025 08:08:21.616] [main/DEBUG] [mixin/]: Registering new injector for @ModifyArgs with org.spongepowered.asm.mixin.injection.struct.ModifyArgsInjectionInfo
[27Dec2025 08:08:21.618] [main/DEBUG] [mixin/]: Registering new injector for @Redirect with org.spongepowered.asm.mixin.injection.struct.RedirectInjectionInfo
[27Dec2025 08:08:21.619] [main/DEBUG] [mixin/]: Registering new injector for @ModifyVariable with org.spongepowered.asm.mixin.injection.struct.ModifyVariableInjectionInfo
[27Dec2025 08:08:21.620] [main/DEBUG] [mixin/]: Registering new injector for @ModifyConstant with org.spongepowered.asm.mixin.injection.struct.ModifyConstantInjectionInfo
[27Dec2025 08:08:21.639] [main/DEBUG] [mixin/]: Prepared 38 mixins in 0.431 sec (11.3ms avg) (0ms load, 0ms transform, 0ms plugin)
[27Dec2025 08:08:21.660] [main/DEBUG] [mixin/]: Mixing client.MixinMinecraft from mixins.epicfight.json into net.minecraft.client.Minecraft
[27Dec2025 08:08:21.969] [main/DEBUG] [io.netty.util.internal.logging.InternalLoggerFactory/]: Using SLF4J as the default logging framework
[27Dec2025 08:08:21.970] [main/DEBUG] [io.netty.util.ResourceLeakDetector/]: -Dio.netty.leakDetection.level: simple
[27Dec2025 08:08:21.970] [main/DEBUG] [io.netty.util.ResourceLeakDetector/]: -Dio.netty.leakDetection.targetRecords: 4
[27Dec2025 08:08:22.038] [main/DEBUG] [oshi.util.FileUtil/]: No oshi.properties file found from ClassLoader cpw.mods.modlauncher.TransformingClassLoader@f425231
[27Dec2025 08:08:22.209] [main/DEBUG] [oshi.util.FileUtil/]: No oshi.architecture.properties file found from ClassLoader cpw.mods.modlauncher.TransformingClassLoader@f425231
[27Dec2025 08:08:22.353] [main/WARN] [oshi.driver.windows.perfmon.PerfmonDisabled/]: Invalid registry value type detected for PerfOS counters. Should be REG_DWORD. Ignoring: HKEY_LOCAL_MACHINE\SYSTEM\CurrentControlSet\Services\PerfOS\Performance\Disable Performance Counters.
[27Dec2025 08:08:22.626] [pool-4-thread-1/DEBUG] [mixin/]: Mixing common.MixinEntity from mixins.epicfight.json into net.minecraft.world.entity.Entity
[27Dec2025 08:08:22.626] [pool-4-thread-1/DEBUG] [mixin/]: Renaming synthetic method lambda$lerpMotion$0(Lorg/spongepowered/asm/mixin/injection/callback/CallbackInfo;Lyesman/epicfight/world/capabilities/entitypatch/LivingEntityPatch;)V to mdf59ddc$lambda$lerpMotion$0$0 in mixins.epicfight.json:common.MixinEntity
[27Dec2025 08:08:22.675] [pool-4-thread-1/DEBUG] [mixin/]: Mixing common.MixinLivingEntity from mixins.epicfight.json into net.minecraft.world.entity.LivingEntity
[27Dec2025 08:08:22.676] [pool-4-thread-1/DEBUG] [mixin/]: Renaming synthetic method lambda$epicfight$constructor$0(Lnet/minecraft/world/entity/LivingEntity;Lyesman/epicfight/world/capabilities/entitypatch/HurtableEntityPatch;)V to mdf59ddc$lambda$epicfight$constructor$0$0 in mixins.epicfight.json:common.MixinLivingEntity
[27Dec2025 08:08:22.699] [pool-4-thread-1/DEBUG] [net.minecraftforge.coremod.transformer.CoreModBaseTransformer/COREMOD]: Transforming net/minecraft/world/entity/EntityType
[27Dec2025 08:08:22.873] [pool-4-thread-1/DEBUG] [mixin/]: Mixing common.MixinPlayer from mixins.epicfight.json into net.minecraft.world.entity.player.Player
[27Dec2025 08:08:22.916] [pool-4-thread-1/DEBUG] [net.minecraftforge.coremod.transformer.CoreModBaseTransformer/COREMOD]: Transforming net/minecraft/world/entity/EntityType
[27Dec2025 08:08:23.157] [pool-4-thread-1/DEBUG] [net.minecraftforge.coremod.transformer.CoreModBaseTransformer/COREMOD]: Transforming net/minecraft/world/level/block/LiquidBlock
[27Dec2025 08:08:23.186] [pool-4-thread-1/DEBUG] [net.minecraftforge.coremod.transformer.CoreModBaseTransformer/COREMOD]: Transforming net/minecraft/world/level/block/StairBlock
[27Dec2025 08:08:23.247] [pool-4-thread-1/DEBUG] [net.minecraftforge.coremod.transformer.CoreModBaseTransformer/COREMOD]: Transforming net/minecraft/world/level/block/FlowerPotBlock
[27Dec2025 08:08:23.632] [pool-4-thread-1/DEBUG] [mixin/]: Mixing common.MixinProjectile from mixins.epicfight.json into net.minecraft.world.entity.projectile.Projectile
[27Dec2025 08:08:23.649] [pool-4-thread-1/DEBUG] [mixin/]: Mixing common.MixinMob from mixins.epicfight.json into net.minecraft.world.entity.Mob
[27Dec2025 08:08:23.697] [pool-4-thread-1/DEBUG] [net.minecraftforge.coremod.transformer.CoreModBaseTransformer/COREMOD]: Transforming net/minecraft/world/item/ItemStack
[27Dec2025 08:08:23.746] [pool-4-thread-1/DEBUG] [mixin/]: Mixing common.MixinWitherBoss from mixins.epicfight.json into net.minecraft.world.entity.boss.wither.WitherBoss
[27Dec2025 08:08:23.748] [pool-4-thread-1/DEBUG] [mixin/]: Renaming @Unique method getAmbientSound()Lnet/minecraft/sounds/SoundEvent; to mdf59ddc$getAmbientSound$0 in mixins.epicfight.json:common.MixinWitherBoss
[27Dec2025 08:08:23.786] [pool-4-thread-1/WARN] [mixin/]: @Final field nextHeadUpdate:[I in mixins.epicfight.json:common.MixinWitherBoss should be final
[27Dec2025 08:08:23.787] [pool-4-thread-1/WARN] [mixin/]: @Final field idleHeadUpdates:[I in mixins.epicfight.json:common.MixinWitherBoss should be final
[27Dec2025 08:08:24.080] [pool-4-thread-1/DEBUG] [net.minecraftforge.coremod.transformer.CoreModBaseTransformer/COREMOD]: Transforming net/minecraft/world/entity/animal/frog/Tadpole
[27Dec2025 08:08:24.110] [pool-4-thread-1/DEBUG] [net.minecraftforge.coremod.transformer.CoreModBaseTransformer/COREMOD]: Transforming net/minecraft/world/item/BucketItem
[27Dec2025 08:08:24.613] [pool-4-thread-1/DEBUG] [net.minecraftforge.coremod.transformer.CoreModBaseTransformer/COREMOD]: Transforming net/minecraft/world/entity/monster/Spider
[27Dec2025 08:08:24.651] [pool-4-thread-1/DEBUG] [net.minecraftforge.coremod.transformer.CoreModBaseTransformer/COREMOD]: Transforming net/minecraft/world/entity/monster/Zombie
[27Dec2025 08:08:24.651] [Datafixer Bootstrap/INFO] [com.mojang.datafixers.DataFixerBuilder/]: 188 Datafixer optimizations took 87 milliseconds
[27Dec2025 08:08:24.679] [pool-4-thread-1/DEBUG] [net.minecraftforge.coremod.transformer.CoreModBaseTransformer/COREMOD]: Transforming net/minecraft/world/entity/monster/ZombieVillager
[27Dec2025 08:08:24.695] [pool-4-thread-1/DEBUG] [mixin/]: Mixing common.MixinThrownTrident from mixins.epicfight.json into net.minecraft.world.entity.projectile.ThrownTrident
[27Dec2025 08:08:24.716] [pool-4-thread-1/DEBUG] [mixin/]: Mixing common.MixinRangedAttackGoal from mixins.epicfight.json into net.minecraft.world.entity.ai.goal.RangedAttackGoal
[27Dec2025 08:08:24.716] [pool-4-thread-1/DEBUG] [mixin/]: Renaming synthetic method lambda$epicfight$tick$0(Lyesman/epicfight/world/capabilities/entitypatch/LivingEntityPatch;)V to mdf59ddc$lambda$epicfight$tick$0$0 in mixins.epicfight.json:common.MixinRangedAttackGoal
[27Dec2025 08:08:24.746] [pool-4-thread-1/DEBUG] [net.minecraftforge.coremod.transformer.CoreModBaseTransformer/COREMOD]: Transforming net/minecraft/world/entity/monster/Evoker$EvokerSummonSpellGoal
[27Dec2025 08:08:24.785] [pool-4-thread-1/DEBUG] [mixin/]: Mixing common.MixinRangedBowAttackGoal from mixins.epicfight.json into net.minecraft.world.entity.ai.goal.RangedBowAttackGoal
[27Dec2025 08:08:24.785] [pool-4-thread-1/DEBUG] [mixin/]: Renaming synthetic method lambda$epicfight$tick$0(Lyesman/epicfight/world/capabilities/entitypatch/LivingEntityPatch;)V to mdf59ddc$lambda$epicfight$tick$0$0 in mixins.epicfight.json:common.MixinRangedBowAttackGoal
[27Dec2025 08:08:24.839] [pool-4-thread-1/DEBUG] [mixin/]: Mixing common.MixinRangedCrossbowAttackGoal from mixins.epicfight.json into net.minecraft.world.entity.ai.goal.RangedCrossbowAttackGoal
[27Dec2025 08:08:24.839] [pool-4-thread-1/DEBUG] [mixin/]: Renaming synthetic method lambda$epicfight$tick$0(Lyesman/epicfight/world/capabilities/entitypatch/LivingEntityPatch;)V to mdf59ddc$lambda$epicfight$tick$0$0 in mixins.epicfight.json:common.MixinRangedCrossbowAttackGoal
[27Dec2025 08:08:24.876] [pool-4-thread-1/DEBUG] [net.minecraftforge.coremod.transformer.CoreModBaseTransformer/COREMOD]: Transforming net/minecraft/world/entity/animal/horse/SkeletonTrapGoal
[27Dec2025 08:08:24.897] [pool-4-thread-1/DEBUG] [net.minecraftforge.coremod.transformer.CoreModBaseTransformer/COREMOD]: Transforming net/minecraft/world/entity/monster/Strider
[27Dec2025 08:08:24.957] [pool-4-thread-1/WARN] [net.minecraft.network.syncher.SynchedEntityData/]: defineId called for: class net.minecraft.world.entity.LivingEntity from class yesman.epicfight.world.capabilities.entitypatch.LivingEntityPatch
[27Dec2025 08:08:24.958] [pool-4-thread-1/WARN] [net.minecraft.network.syncher.SynchedEntityData/]: defineId called for: class net.minecraft.world.entity.LivingEntity from class yesman.epicfight.world.capabilities.entitypatch.LivingEntityPatch
[27Dec2025 08:08:24.958] [pool-4-thread-1/WARN] [net.minecraft.network.syncher.SynchedEntityData/]: defineId called for: class net.minecraft.world.entity.LivingEntity from class yesman.epicfight.world.capabilities.entitypatch.LivingEntityPatch
[27Dec2025 08:08:24.958] [pool-4-thread-1/WARN] [net.minecraft.network.syncher.SynchedEntityData/]: defineId called for: class net.minecraft.world.entity.LivingEntity from class yesman.epicfight.world.capabilities.entitypatch.LivingEntityPatch
[27Dec2025 08:08:25.014] [pool-4-thread-1/DEBUG] [net.minecraftforge.coremod.transformer.CoreModBaseTransformer/COREMOD]: Transforming net/minecraft/world/entity/npc/Villager
[27Dec2025 08:08:25.076] [pool-4-thread-1/DEBUG] [net.minecraftforge.coremod.transformer.CoreModBaseTransformer/COREMOD]: Transforming net/minecraft/world/effect/MobEffectInstance
[27Dec2025 08:08:25.101] [pool-4-thread-1/DEBUG] [mixin/]: Mixing common.MixinServerGamePacketListenerImpl from mixins.epicfight.json into net.minecraft.server.network.ServerGamePacketListenerImpl
[27Dec2025 08:08:25.218] [pool-4-thread-1/DEBUG] [mixin/]: Mixing client.MixinInventory from mixins.epicfight.json into net.minecraft.world.entity.player.Inventory
[27Dec2025 08:08:25.481] [pool-4-thread-1/DEBUG] [net.minecraftforge.coremod.transformer.CoreModBaseTransformer/COREMOD]: Transforming net/minecraft/world/level/levelgen/structure/Structure
[27Dec2025 08:08:25.515] [pool-4-thread-1/DEBUG] [net.minecraftforge.coremod.transformer.CoreModBaseTransformer/COREMOD]: Transforming net/minecraft/world/level/levelgen/structure/structures/OceanRuinPieces$OceanRuinPiece
[27Dec2025 08:08:25.532] [pool-4-thread-1/DEBUG] [net.minecraftforge.coremod.transformer.CoreModBaseTransformer/COREMOD]: Transforming net/minecraft/world/level/levelgen/structure/structures/SwampHutPiece
[27Dec2025 08:08:25.539] [pool-4-thread-1/DEBUG] [net.minecraftforge.coremod.transformer.CoreModBaseTransformer/COREMOD]: Transforming net/minecraft/world/level/levelgen/structure/structures/OceanMonumentPieces$OceanMonumentPiece
[27Dec2025 08:08:25.554] [pool-4-thread-1/DEBUG] [net.minecraftforge.coremod.transformer.CoreModBaseTransformer/COREMOD]: Transforming net/minecraft/world/level/levelgen/structure/structures/WoodlandMansionPieces$WoodlandMansionPiece
[27Dec2025 08:08:25.624] [pool-4-thread-1/DEBUG] [net.minecraftforge.coremod.transformer.CoreModBaseTransformer/COREMOD]: Transforming net/minecraft/world/level/biome/Biome
[27Dec2025 08:08:25.760] [pool-4-thread-1/DEBUG] [net.minecraftforge.registries.GameData/REGISTRIES]: Creating vanilla freeze snapshot
[27Dec2025 08:08:25.761] [pool-4-thread-1/DEBUG] [net.minecraftforge.registries.ForgeRegistry/REGISTRIES]: Registry minecraft:block Sync: VANILLA -> ACTIVE
[27Dec2025 08:08:25.768] [pool-4-thread-1/DEBUG] [net.minecraftforge.registries.ForgeRegistry/REGISTRIES]: Registry minecraft:fluid Sync: VANILLA -> ACTIVE
[27Dec2025 08:08:25.768] [pool-4-thread-1/DEBUG] [net.minecraftforge.registries.ForgeRegistry/REGISTRIES]: Registry minecraft:item Sync: VANILLA -> ACTIVE
[27Dec2025 08:08:25.773] [pool-4-thread-1/DEBUG] [net.minecraftforge.registries.ForgeRegistry/REGISTRIES]: Registry minecraft:mob_effect Sync: VANILLA -> ACTIVE
[27Dec2025 08:08:25.773] [pool-4-thread-1/DEBUG] [net.minecraftforge.registries.ForgeRegistry/REGISTRIES]: Registry minecraft:sound_event Sync: VANILLA -> ACTIVE
[27Dec2025 08:08:25.779] [pool-4-thread-1/DEBUG] [net.minecraftforge.registries.ForgeRegistry/REGISTRIES]: Registry minecraft:potion Sync: VANILLA -> ACTIVE
[27Dec2025 08:08:25.779] [pool-4-thread-1/DEBUG] [net.minecraftforge.registries.ForgeRegistry/REGISTRIES]: Registry minecraft:enchantment Sync: VANILLA -> ACTIVE
[27Dec2025 08:08:25.779] [pool-4-thread-1/DEBUG] [net.minecraftforge.registries.ForgeRegistry/REGISTRIES]: Registry minecraft:entity_type Sync: VANILLA -> ACTIVE
[27Dec2025 08:08:25.780] [pool-4-thread-1/DEBUG] [net.minecraftforge.registries.ForgeRegistry/REGISTRIES]: Registry minecraft:block_entity_type Sync: VANILLA -> ACTIVE
[27Dec2025 08:08:25.780] [pool-4-thread-1/DEBUG] [net.minecraftforge.registries.ForgeRegistry/REGISTRIES]: Registry minecraft:particle_type Sync: VANILLA -> ACTIVE
[27Dec2025 08:08:25.781] [pool-4-thread-1/DEBUG] [net.minecraftforge.registries.ForgeRegistry/REGISTRIES]: Registry minecraft:menu Sync: VANILLA -> ACTIVE
[27Dec2025 08:08:25.781] [pool-4-thread-1/DEBUG] [net.minecraftforge.registries.ForgeRegistry/REGISTRIES]: Registry minecraft:painting_variant Sync: VANILLA -> ACTIVE
[27Dec2025 08:08:25.781] [pool-4-thread-1/DEBUG] [net.minecraftforge.registries.ForgeRegistry/REGISTRIES]: Registry minecraft:recipe_type Sync: VANILLA -> ACTIVE
[27Dec2025 08:08:25.781] [pool-4-thread-1/DEBUG] [net.minecraftforge.registries.ForgeRegistry/REGISTRIES]: Registry minecraft:recipe_serializer Sync: VANILLA -> ACTIVE
[27Dec2025 08:08:25.781] [pool-4-thread-1/DEBUG] [net.minecraftforge.registries.ForgeRegistry/REGISTRIES]: Registry minecraft:attribute Sync: VANILLA -> ACTIVE
[27Dec2025 08:08:25.781] [pool-4-thread-1/DEBUG] [net.minecraftforge.registries.ForgeRegistry/REGISTRIES]: Registry minecraft:stat_type Sync: VANILLA -> ACTIVE
[27Dec2025 08:08:25.781] [pool-4-thread-1/DEBUG] [net.minecraftforge.registries.ForgeRegistry/REGISTRIES]: Registry minecraft:command_argument_type Sync: VANILLA -> ACTIVE
[27Dec2025 08:08:25.782] [pool-4-thread-1/DEBUG] [net.minecraftforge.registries.ForgeRegistry/REGISTRIES]: Registry minecraft:villager_profession Sync: VANILLA -> ACTIVE
[27Dec2025 08:08:25.782] [pool-4-thread-1/DEBUG] [net.minecraftforge.registries.ForgeRegistry/REGISTRIES]: Registry minecraft:point_of_interest_type Sync: VANILLA -> ACTIVE
[27Dec2025 08:08:25.783] [pool-4-thread-1/DEBUG] [net.minecraftforge.registries.ForgeRegistry/REGISTRIES]: Registry minecraft:memory_module_type Sync: VANILLA -> ACTIVE
[27Dec2025 08:08:25.784] [pool-4-thread-1/DEBUG] [net.minecraftforge.registries.ForgeRegistry/REGISTRIES]: Registry minecraft:sensor_type Sync: VANILLA -> ACTIVE
[27Dec2025 08:08:25.784] [pool-4-thread-1/DEBUG] [net.minecraftforge.registries.ForgeRegistry/REGISTRIES]: Registry minecraft:schedule Sync: VANILLA -> ACTIVE
[27Dec2025 08:08:25.784] [pool-4-thread-1/DEBUG] [net.minecraftforge.registries.ForgeRegistry/REGISTRIES]: Registry minecraft:activity Sync: VANILLA -> ACTIVE
[27Dec2025 08:08:25.784] [pool-4-thread-1/DEBUG] [net.minecraftforge.registries.ForgeRegistry/REGISTRIES]: Registry minecraft:worldgen/carver Sync: VANILLA -> ACTIVE
[27Dec2025 08:08:25.784] [pool-4-thread-1/DEBUG] [net.minecraftforge.registries.ForgeRegistry/REGISTRIES]: Registry minecraft:worldgen/feature Sync: VANILLA -> ACTIVE
[27Dec2025 08:08:25.784] [pool-4-thread-1/DEBUG] [net.minecraftforge.registries.ForgeRegistry/REGISTRIES]: Registry minecraft:chunk_status Sync: VANILLA -> ACTIVE
[27Dec2025 08:08:25.784] [pool-4-thread-1/DEBUG] [net.minecraftforge.registries.ForgeRegistry/REGISTRIES]: Registry minecraft:worldgen/block_state_provider_type Sync: VANILLA -> ACTIVE
[27Dec2025 08:08:25.786] [pool-4-thread-1/DEBUG] [net.minecraftforge.registries.ForgeRegistry/REGISTRIES]: Registry minecraft:worldgen/foliage_placer_type Sync: VANILLA -> ACTIVE
[27Dec2025 08:08:25.786] [pool-4-thread-1/DEBUG] [net.minecraftforge.registries.ForgeRegistry/REGISTRIES]: Registry minecraft:worldgen/tree_decorator_type Sync: VANILLA -> ACTIVE
[27Dec2025 08:08:25.786] [pool-4-thread-1/DEBUG] [net.minecraftforge.registries.ForgeRegistry/REGISTRIES]: Registry minecraft:worldgen/biome Sync: VANILLA -> ACTIVE
[27Dec2025 08:08:25.789] [pool-4-thread-1/DEBUG] [net.minecraftforge.registries.GameData/REGISTRIES]: Vanilla freeze snapshot created
[27Dec2025 08:08:25.801] [pool-4-thread-1/DEBUG] [io.netty.util.internal.PlatformDependent0/]: -Dio.netty.noUnsafe: false
[27Dec2025 08:08:25.801] [pool-4-thread-1/DEBUG] [io.netty.util.internal.PlatformDependent0/]: Java version: 17
[27Dec2025 08:08:25.802] [pool-4-thread-1/DEBUG] [io.netty.util.internal.PlatformDependent0/]: sun.misc.Unsafe.theUnsafe: available
[27Dec2025 08:08:25.802] [pool-4-thread-1/DEBUG] [io.netty.util.internal.PlatformDependent0/]: sun.misc.Unsafe.copyMemory: available
[27Dec2025 08:08:25.802] [pool-4-thread-1/DEBUG] [io.netty.util.internal.PlatformDependent0/]: sun.misc.Unsafe.storeFence: available
[27Dec2025 08:08:25.803] [pool-4-thread-1/DEBUG] [io.netty.util.internal.PlatformDependent0/]: java.nio.Buffer.address: available
[27Dec2025 08:08:25.803] [pool-4-thread-1/DEBUG] [io.netty.util.internal.PlatformDependent0/]: direct buffer constructor: unavailable
java.lang.UnsupportedOperationException: Reflective setAccessible(true) disabled
	at io.netty.util.internal.ReflectionUtil.trySetAccessible(ReflectionUtil.java:31) ~[netty-common-4.1.82.Final.jar%23151!/:4.1.82.Final]
	at io.netty.util.internal.PlatformDependent0$5.run(PlatformDependent0.java:288) ~[netty-common-4.1.82.Final.jar%23151!/:4.1.82.Final]
	at java.security.AccessController.doPrivileged(AccessController.java:318) ~[?:?]
	at io.netty.util.internal.PlatformDependent0.<clinit>(PlatformDependent0.java:282) ~[netty-common-4.1.82.Final.jar%23151!/:4.1.82.Final]
	at io.netty.util.internal.PlatformDependent.isAndroid(PlatformDependent.java:333) ~[netty-common-4.1.82.Final.jar%23151!/:4.1.82.Final]
	at io.netty.util.internal.PlatformDependent.<clinit>(PlatformDependent.java:88) ~[netty-common-4.1.82.Final.jar%23151!/:4.1.82.Final]
	at io.netty.util.ConstantPool.<init>(ConstantPool.java:34) ~[netty-common-4.1.82.Final.jar%23151!/:4.1.82.Final]
	at io.netty.util.AttributeKey$1.<init>(AttributeKey.java:27) ~[netty-common-4.1.82.Final.jar%23151!/:4.1.82.Final]
	at io.netty.util.AttributeKey.<clinit>(AttributeKey.java:27) ~[netty-common-4.1.82.Final.jar%23151!/:4.1.82.Final]
	at net.minecraftforge.network.NetworkConstants.<clinit>(NetworkConstants.java:34) ~[forge-1.20.1-47.4.0_mapped_official_1.20.1.jar%23190%23197!/:?]
	at net.minecraftforge.network.NetworkHooks.init(NetworkHooks.java:52) ~[forge-1.20.1-47.4.0_mapped_official_1.20.1.jar%23190%23197!/:?]
	at net.minecraft.server.Bootstrap.bootStrap(Bootstrap.java:62) ~[forge-1.20.1-47.4.0_mapped_official_1.20.1.jar%23191!/:?]
	at net.minecraft.client.main.Main.lambda$main$0(Main.java:151) ~[forge-1.20.1-47.4.0_mapped_official_1.20.1.jar%23191!/:?]
	at java.util.concurrent.Executors$RunnableAdapter.call(Executors.java:539) ~[?:?]
	at java.util.concurrent.FutureTask.run(FutureTask.java:264) ~[?:?]
	at java.util.concurrent.ThreadPoolExecutor.runWorker(ThreadPoolExecutor.java:1136) ~[?:?]
	at java.util.concurrent.ThreadPoolExecutor$Worker.run(ThreadPoolExecutor.java:635) ~[?:?]
	at java.lang.Thread.run(Thread.java:842) ~[?:?]
[27Dec2025 08:08:25.805] [pool-4-thread-1/DEBUG] [io.netty.util.internal.PlatformDependent0/]: java.nio.Bits.unaligned: available, true
[27Dec2025 08:08:25.806] [pool-4-thread-1/DEBUG] [io.netty.util.internal.PlatformDependent0/]: jdk.internal.misc.Unsafe.allocateUninitializedArray(int): unavailable
java.lang.IllegalAccessException: class io.netty.util.internal.PlatformDependent0$7 (in module io.netty.common) cannot access class jdk.internal.misc.Unsafe (in module java.base) because module java.base does not export jdk.internal.misc to module io.netty.common
	at jdk.internal.reflect.Reflection.newIllegalAccessException(Reflection.java:392) ~[?:?]
	at java.lang.reflect.AccessibleObject.checkAccess(AccessibleObject.java:674) ~[?:?]
	at java.lang.reflect.Method.invoke(Method.java:560) ~[?:?]
	at io.netty.util.internal.PlatformDependent0$7.run(PlatformDependent0.java:410) ~[netty-common-4.1.82.Final.jar%23151!/:4.1.82.Final]
	at java.security.AccessController.doPrivileged(AccessController.java:318) ~[?:?]
	at io.netty.util.internal.PlatformDependent0.<clinit>(PlatformDependent0.java:401) ~[netty-common-4.1.82.Final.jar%23151!/:4.1.82.Final]
	at io.netty.util.internal.PlatformDependent.isAndroid(PlatformDependent.java:333) ~[netty-common-4.1.82.Final.jar%23151!/:4.1.82.Final]
	at io.netty.util.internal.PlatformDependent.<clinit>(PlatformDependent.java:88) ~[netty-common-4.1.82.Final.jar%23151!/:4.1.82.Final]
	at io.netty.util.ConstantPool.<init>(ConstantPool.java:34) ~[netty-common-4.1.82.Final.jar%23151!/:4.1.82.Final]
	at io.netty.util.AttributeKey$1.<init>(AttributeKey.java:27) ~[netty-common-4.1.82.Final.jar%23151!/:4.1.82.Final]
	at io.netty.util.AttributeKey.<clinit>(AttributeKey.java:27) ~[netty-common-4.1.82.Final.jar%23151!/:4.1.82.Final]
	at net.minecraftforge.network.NetworkConstants.<clinit>(NetworkConstants.java:34) ~[forge-1.20.1-47.4.0_mapped_official_1.20.1.jar%23190%23197!/:?]
	at net.minecraftforge.network.NetworkHooks.init(NetworkHooks.java:52) ~[forge-1.20.1-47.4.0_mapped_official_1.20.1.jar%23190%23197!/:?]
	at net.minecraft.server.Bootstrap.bootStrap(Bootstrap.java:62) ~[forge-1.20.1-47.4.0_mapped_official_1.20.1.jar%23191!/:?]
	at net.minecraft.client.main.Main.lambda$main$0(Main.java:151) ~[forge-1.20.1-47.4.0_mapped_official_1.20.1.jar%23191!/:?]
	at java.util.concurrent.Executors$RunnableAdapter.call(Executors.java:539) ~[?:?]
	at java.util.concurrent.FutureTask.run(FutureTask.java:264) ~[?:?]
	at java.util.concurrent.ThreadPoolExecutor.runWorker(ThreadPoolExecutor.java:1136) ~[?:?]
	at java.util.concurrent.ThreadPoolExecutor$Worker.run(ThreadPoolExecutor.java:635) ~[?:?]
	at java.lang.Thread.run(Thread.java:842) ~[?:?]
[27Dec2025 08:08:25.807] [pool-4-thread-1/DEBUG] [io.netty.util.internal.PlatformDependent0/]: java.nio.DirectByteBuffer.<init>(long, int): unavailable
[27Dec2025 08:08:25.807] [pool-4-thread-1/DEBUG] [io.netty.util.internal.PlatformDependent/]: sun.misc.Unsafe: available
[27Dec2025 08:08:25.807] [pool-4-thread-1/DEBUG] [io.netty.util.internal.PlatformDependent/]: maxDirectMemory: 4227858432 bytes (maybe)
[27Dec2025 08:08:25.808] [pool-4-thread-1/DEBUG] [io.netty.util.internal.PlatformDependent/]: -Dio.netty.tmpdir: C:\Users\azooz\AppData\Local\Temp (java.io.tmpdir)
[27Dec2025 08:08:25.808] [pool-4-thread-1/DEBUG] [io.netty.util.internal.PlatformDependent/]: -Dio.netty.bitMode: 64 (sun.arch.data.model)
[27Dec2025 08:08:25.808] [pool-4-thread-1/DEBUG] [io.netty.util.internal.PlatformDependent/]: Platform: Windows
[27Dec2025 08:08:25.808] [pool-4-thread-1/DEBUG] [io.netty.util.internal.PlatformDependent/]: -Dio.netty.maxDirectMemory: -1 bytes
[27Dec2025 08:08:25.808] [pool-4-thread-1/DEBUG] [io.netty.util.internal.PlatformDependent/]: -Dio.netty.uninitializedArrayAllocationThreshold: -1
[27Dec2025 08:08:25.809] [pool-4-thread-1/DEBUG] [io.netty.util.internal.CleanerJava9/]: java.nio.ByteBuffer.cleaner(): available
[27Dec2025 08:08:25.809] [pool-4-thread-1/DEBUG] [io.netty.util.internal.PlatformDependent/]: -Dio.netty.noPreferDirect: false
[27Dec2025 08:08:25.859] [pool-4-thread-1/DEBUG] [net.minecraftforge.network.NetworkHooks/]: Loading Network data for FML net version: FML3
[27Dec2025 08:08:25.876] [Render thread/DEBUG] [mixin/]: Mixing client.MixinBufferBuilder from mixins.epicfight.json into com.mojang.blaze3d.vertex.BufferBuilder
[27Dec2025 08:08:25.977] [Render thread/DEBUG] [mixin/]: Mixing client.MixinAbstractContainerEventHandler from mixins.epicfight.json into net.minecraft.client.gui.components.events.AbstractContainerEventHandler
[27Dec2025 08:08:25.987] [Render thread/DEBUG] [mixin/]: Mixing client.MixinClientLevel from mixins.epicfight.json into net.minecraft.client.multiplayer.ClientLevel
[27Dec2025 08:08:25.998] [Render thread/DEBUG] [mixin/]: Mixing client.MixinLocalPlayer from mixins.epicfight.json into net.minecraft.client.player.LocalPlayer
[27Dec2025 08:08:26.079] [Render thread/WARN] [net.minecraft.server.packs.VanillaPackResourcesBuilder/]: Assets URL 'union:/C:/Users/azooz/.gradle/caches/forge_gradle/minecraft_user_repo/net/minecraftforge/forge/1.20.1-47.4.0_mapped_official_1.20.1/forge-1.20.1-47.4.0_mapped_official_1.20.1.jar%23191!/assets/.mcassetsroot' uses unexpected schema
[27Dec2025 08:08:26.079] [Render thread/WARN] [net.minecraft.server.packs.VanillaPackResourcesBuilder/]: Assets URL 'union:/C:/Users/azooz/.gradle/caches/forge_gradle/minecraft_user_repo/net/minecraftforge/forge/1.20.1-47.4.0_mapped_official_1.20.1/forge-1.20.1-47.4.0_mapped_official_1.20.1.jar%23191!/data/.mcassetsroot' uses unexpected schema
[27Dec2025 08:08:26.093] [Render thread/INFO] [com.mojang.authlib.yggdrasil.YggdrasilAuthenticationService/]: Environment: authHost='https://authserver.mojang.com', accountsHost='https://api.mojang.com', sessionHost='https://sessionserver.mojang.com', servicesHost='https://api.minecraftservices.com', name='PROD'
[27Dec2025 08:08:26.099] [Render thread/INFO] [net.minecraft.client.Minecraft/]: Setting user: M6FGR
[27Dec2025 08:08:26.104] [Render thread/DEBUG] [mixin/]: Mixing client.MixinOptions from mixins.epicfight.json into net.minecraft.client.Options
[27Dec2025 08:08:26.191] [Render thread/INFO] [net.minecraft.client.Minecraft/]: Backend library: LWJGL version 3.3.1 build 7
[27Dec2025 08:08:26.246] [Render thread/DEBUG] [mixin/]: Mixing client.MixinMouseHandler from mixins.epicfight.json into net.minecraft.client.MouseHandler
[27Dec2025 08:08:26.254] [Render thread/DEBUG] [mixin/]: Mixing client.MixinKeyboardHandler from mixins.epicfight.json into net.minecraft.client.KeyboardHandler
[27Dec2025 08:08:26.331] [Render thread/DEBUG] [net.minecraftforge.common.ForgeI18n/CORE]: Loading I18N data entries: 6434
[27Dec2025 08:08:26.346] [Render thread/DEBUG] [net.minecraftforge.fml.ModWorkManager/LOADING]: Using 12 threads for parallel mod-loading
[27Dec2025 08:08:26.354] [Render thread/DEBUG] [net.minecraftforge.fml.javafmlmod.FMLJavaModLanguageProvider/LOADING]: Loading FMLModContainer from classloader cpw.mods.modlauncher.TransformingClassLoader@f425231 - got cpw.mods.cl.ModuleClassLoader@87abc48
[27Dec2025 08:08:26.355] [Render thread/DEBUG] [net.minecraftforge.fml.javafmlmod.FMLModContainer/LOADING]: Creating FMLModContainer instance for net.minecraftforge.common.ForgeMod
[27Dec2025 08:08:26.358] [Render thread/DEBUG] [net.minecraftforge.fml.javafmlmod.FMLJavaModLanguageProvider/LOADING]: Loading FMLModContainer from classloader cpw.mods.modlauncher.TransformingClassLoader@f425231 - got cpw.mods.cl.ModuleClassLoader@87abc48
[27Dec2025 08:08:26.358] [Render thread/DEBUG] [net.minecraftforge.fml.javafmlmod.FMLModContainer/LOADING]: Creating FMLModContainer instance for net.lionarius.skinrestorer.forge.SkinRestorerForge
[27Dec2025 08:08:26.359] [Render thread/DEBUG] [net.minecraftforge.fml.javafmlmod.FMLJavaModLanguageProvider/LOADING]: Loading FMLModContainer from classloader cpw.mods.modlauncher.TransformingClassLoader@f425231 - got cpw.mods.cl.ModuleClassLoader@87abc48
[27Dec2025 08:08:26.359] [Render thread/DEBUG] [net.minecraftforge.fml.javafmlmod.FMLModContainer/LOADING]: Creating FMLModContainer instance for yesman.epicfight.main.EpicFightMod
[27Dec2025 08:08:26.360] [Render thread/DEBUG] [net.minecraftforge.fml.javafmlmod.FMLJavaModLanguageProvider/LOADING]: Loading FMLModContainer from classloader cpw.mods.modlauncher.TransformingClassLoader@f425231 - got cpw.mods.cl.ModuleClassLoader@87abc48
[27Dec2025 08:08:26.360] [Render thread/DEBUG] [net.minecraftforge.fml.javafmlmod.FMLModContainer/LOADING]: Creating FMLModContainer instance for M6FGR.droppable.main.Droppable
[27Dec2025 08:08:26.376] [modloading-worker-0/DEBUG] [SkinRestorer/]: Loaded net.lionarius.skinrestorer.forge.platform.ForgePlatformHelper@633b436f for service interface net.lionarius.skinrestorer.platform.services.PlatformHelper
[27Dec2025 08:08:26.376] [modloading-worker-0/DEBUG] [net.minecraftforge.fml.javafmlmod.AutomaticEventSubscriber/LOADING]: Attempting to inject @EventBusSubscriber classes into the eventbus for droppable
[27Dec2025 08:08:26.377] [modloading-worker-0/DEBUG] [SkinRestorer/]: Loaded net.lionarius.skinrestorer.forge.platform.ForgeCompatibilityHelper@b55e487 for service interface net.lionarius.skinrestorer.platform.services.CompatibilityHelper
[27Dec2025 08:08:26.379] [modloading-worker-0/DEBUG] [net.minecraftforge.fml.javafmlmod.AutomaticEventSubscriber/LOADING]: Auto-subscribing M6FGR.droppable.world.loot.EpicFightLoots to MOD
[27Dec2025 08:08:26.386] [modloading-worker-0/DEBUG] [net.minecraftforge.versions.forge.ForgeVersion/CORE]: Forge Version package package net.minecraftforge.versions.forge, Forge, version 47.4 from cpw.mods.modlauncher.TransformingClassLoader@f425231
[27Dec2025 08:08:26.386] [modloading-worker-0/DEBUG] [net.minecraftforge.versions.forge.ForgeVersion/CORE]: Found Forge version 47.4.0
[27Dec2025 08:08:26.386] [modloading-worker-0/DEBUG] [net.minecraftforge.versions.forge.ForgeVersion/CORE]: Found Forge spec 47.4
[27Dec2025 08:08:26.388] [modloading-worker-0/DEBUG] [net.minecraftforge.versions.forge.ForgeVersion/CORE]: Found Forge group net.minecraftforge
[27Dec2025 08:08:26.388] [modloading-worker-0/DEBUG] [net.minecraftforge.versions.mcp.MCPVersion/CORE]: MCP Version package package net.minecraftforge.versions.mcp, Minecraft, version 1.20.1 from cpw.mods.modlauncher.TransformingClassLoader@f425231
[27Dec2025 08:08:26.388] [modloading-worker-0/DEBUG] [net.minecraftforge.versions.mcp.MCPVersion/CORE]: Found MC version information 1.20.1
[27Dec2025 08:08:26.388] [modloading-worker-0/DEBUG] [net.minecraftforge.versions.mcp.MCPVersion/CORE]: Found MCP version information 20230612.114412
[27Dec2025 08:08:26.388] [modloading-worker-0/INFO] [net.minecraftforge.common.ForgeMod/FORGEMOD]: Forge mod loading, version 47.4.0, for MC 1.20.1 with MCP 20230612.114412
[27Dec2025 08:08:26.388] [modloading-worker-0/INFO] [net.minecraftforge.common.MinecraftForge/FORGE]: MinecraftForge v47.4.0 Initialized
[27Dec2025 08:08:26.416] [modloading-worker-0/DEBUG] [net.minecraftforge.fml.config.ConfigTracker/CONFIG]: Config file epicfight-client.toml for epicfight tracking
[27Dec2025 08:08:26.434] [modloading-worker-0/DEBUG] [net.minecraftforge.fml.config.ConfigTracker/CONFIG]: Config file forge-client.toml for forge tracking
[27Dec2025 08:08:26.435] [modloading-worker-0/DEBUG] [net.minecraftforge.fml.config.ConfigTracker/CONFIG]: Config file forge-server.toml for forge tracking
[27Dec2025 08:08:26.435] [modloading-worker-0/DEBUG] [net.minecraftforge.fml.ModLoadingContext/]: Attempted to register an empty config for type COMMON on mod forge
[27Dec2025 08:08:26.435] [modloading-worker-0/DEBUG] [net.minecraftforge.fml.config.ConfigTracker/CONFIG]: Config file epicfight-common.toml for epicfight tracking
[27Dec2025 08:08:26.452] [modloading-worker-0/DEBUG] [net.minecraftforge.fml.javafmlmod.AutomaticEventSubscriber/LOADING]: Attempting to inject @EventBusSubscriber classes into the eventbus for forge
[27Dec2025 08:08:26.452] [modloading-worker-0/DEBUG] [net.minecraftforge.fml.javafmlmod.AutomaticEventSubscriber/LOADING]: Auto-subscribing net.minecraftforge.common.ForgeSpawnEggItem$CommonHandler to MOD
[27Dec2025 08:08:26.453] [modloading-worker-0/DEBUG] [epicfight/]: Registered Extendable Enum class yesman.epicfight.api.animation.LivingMotions in living_motion
[27Dec2025 08:08:26.453] [modloading-worker-0/DEBUG] [net.minecraftforge.fml.javafmlmod.AutomaticEventSubscriber/LOADING]: Auto-subscribing net.minecraftforge.common.ForgeSpawnEggItem$ColorRegisterHandler to MOD
[27Dec2025 08:08:26.453] [modloading-worker-0/DEBUG] [epicfight/]: Registered Extendable Enum class yesman.epicfight.skill.SkillCategories in skill_category
[27Dec2025 08:08:26.455] [modloading-worker-0/DEBUG] [epicfight/]: Registered Extendable Enum class yesman.epicfight.skill.SkillSlots in skill_slot
[27Dec2025 08:08:26.456] [modloading-worker-0/DEBUG] [epicfight/]: Registered Extendable Enum class yesman.epicfight.world.capabilities.item.CapabilityItem$Styles in style
[27Dec2025 08:08:26.456] [modloading-worker-0/DEBUG] [epicfight/]: Registered Extendable Enum class yesman.epicfight.world.capabilities.item.CapabilityItem$WeaponCategories in weapon_category
[27Dec2025 08:08:26.457] [modloading-worker-0/DEBUG] [epicfight/]: Registered Extendable Enum class yesman.epicfight.world.capabilities.entitypatch.Factions in faction
[27Dec2025 08:08:26.457] [modloading-worker-0/DEBUG] [net.minecraftforge.fml.javafmlmod.AutomaticEventSubscriber/LOADING]: Attempting to inject @EventBusSubscriber classes into the eventbus for skinrestorer
[27Dec2025 08:08:26.457] [modloading-worker-0/DEBUG] [net.minecraftforge.fml.javafmlmod.AutomaticEventSubscriber/LOADING]: Auto-subscribing net.lionarius.skinrestorer.forge.SkinRestorerForge to FORGE
[27Dec2025 08:08:26.458] [modloading-worker-0/DEBUG] [epicfight/]: Registered Extendable Enum class yesman.epicfight.network.EntityPairingPacketTypes in entity_pairing_packet_type
[27Dec2025 08:08:26.458] [modloading-worker-0/DEBUG] [net.minecraftforge.fml.javafmlmod.AutomaticEventSubscriber/LOADING]: Auto-subscribing net.minecraftforge.client.model.data.ModelDataManager to FORGE
[27Dec2025 08:08:26.458] [modloading-worker-0/DEBUG] [epicfight/]: Registered Extendable Enum class yesman.epicfight.api.client.input.action.EpicFightInputAction in input_action
[27Dec2025 08:08:26.459] [modloading-worker-0/DEBUG] [epicfight/]: Registered Extendable Enum class yesman.epicfight.api.client.input.action.MinecraftInputAction in input_action
[27Dec2025 08:08:26.460] [modloading-worker-0/DEBUG] [net.minecraftforge.fml.javafmlmod.AutomaticEventSubscriber/LOADING]: Auto-subscribing net.minecraftforge.client.ForgeHooksClient$ClientEvents to MOD
[27Dec2025 08:08:26.466] [modloading-worker-0/DEBUG] [net.minecraftforge.fml.javafmlmod.AutomaticEventSubscriber/LOADING]: Auto-subscribing net.minecraftforge.client.ClientForgeMod to MOD
[27Dec2025 08:08:26.486] [modloading-worker-0/DEBUG] [net.minecraftforge.fml.javafmlmod.AutomaticEventSubscriber/LOADING]: Attempting to inject @EventBusSubscriber classes into the eventbus for epicfight
[27Dec2025 08:08:26.486] [modloading-worker-0/DEBUG] [net.minecraftforge.fml.javafmlmod.AutomaticEventSubscriber/LOADING]: Auto-subscribing yesman.epicfight.world.entity.ai.attribute.EpicFightAttributes to MOD
[27Dec2025 08:08:26.488] [modloading-worker-0/DEBUG] [net.minecraftforge.fml.javafmlmod.AutomaticEventSubscriber/LOADING]: Auto-subscribing yesman.epicfight.main.EpicFightMod$ClientModEvents to MOD
[27Dec2025 08:08:26.488] [modloading-worker-0/DEBUG] [net.minecraftforge.fml.javafmlmod.AutomaticEventSubscriber/LOADING]: Auto-subscribing yesman.epicfight.gameasset.EpicFightSkills to MOD
[27Dec2025 08:08:26.494] [modloading-worker-0/DEBUG] [net.minecraftforge.fml.javafmlmod.AutomaticEventSubscriber/LOADING]: Auto-subscribing yesman.epicfight.gameasset.Animations to MOD
[27Dec2025 08:08:26.529] [modloading-worker-0/DEBUG] [net.minecraftforge.fml.javafmlmod.AutomaticEventSubscriber/LOADING]: Auto-subscribing yesman.epicfight.events.WorldEvents to FORGE
[27Dec2025 08:08:26.533] [modloading-worker-0/DEBUG] [mixin/]: Mixing PlayerListMixin from skinrestorer.mixins.json into net.minecraft.server.players.PlayerList
[27Dec2025 08:08:26.533] [modloading-worker-0/DEBUG] [mixin/]: skinrestorer.mixins.json:PlayerListMixin: Class version 61 required is higher than the class version supported by the current version of Mixin (JAVA_8 supports class version 52)
[27Dec2025 08:08:26.556] [modloading-worker-0/DEBUG] [net.minecraftforge.fml.javafmlmod.AutomaticEventSubscriber/LOADING]: Auto-subscribing yesman.epicfight.events.WorldEvents$WorldEventsClient to FORGE
[27Dec2025 08:08:26.557] [modloading-worker-0/DEBUG] [net.minecraftforge.fml.javafmlmod.AutomaticEventSubscriber/LOADING]: Auto-subscribing yesman.epicfight.events.PlayerEvents to FORGE
[27Dec2025 08:08:26.566] [modloading-worker-0/DEBUG] [net.minecraftforge.fml.javafmlmod.AutomaticEventSubscriber/LOADING]: Auto-subscribing yesman.epicfight.events.EntityEvents to FORGE
[27Dec2025 08:08:26.584] [modloading-worker-0/DEBUG] [net.minecraftforge.fml.javafmlmod.AutomaticEventSubscriber/LOADING]: Auto-subscribing yesman.epicfight.events.CapabilityEvents to FORGE
[27Dec2025 08:08:26.587] [modloading-worker-0/DEBUG] [net.minecraftforge.fml.javafmlmod.AutomaticEventSubscriber/LOADING]: Auto-subscribing yesman.epicfight.epicskins.animation.EpicSkinsAnimations to MOD
[27Dec2025 08:08:26.588] [modloading-worker-0/DEBUG] [net.minecraftforge.fml.javafmlmod.AutomaticEventSubscriber/LOADING]: Auto-subscribing yesman.epicfight.data.loot.EpicFightLootTables to FORGE
[27Dec2025 08:08:26.588] [modloading-worker-0/DEBUG] [net.minecraftforge.fml.javafmlmod.AutomaticEventSubscriber/LOADING]: Auto-subscribing yesman.epicfight.config.CommonConfig to MOD
[27Dec2025 08:08:26.589] [modloading-worker-0/DEBUG] [net.minecraftforge.fml.javafmlmod.AutomaticEventSubscriber/LOADING]: Auto-subscribing yesman.epicfight.config.ClientConfig to MOD
[27Dec2025 08:08:26.589] [modloading-worker-0/DEBUG] [net.minecraftforge.fml.javafmlmod.AutomaticEventSubscriber/LOADING]: Auto-subscribing yesman.epicfight.client.renderer.EpicFightShaders to MOD
[27Dec2025 08:08:26.591] [modloading-worker-0/DEBUG] [net.minecraftforge.fml.javafmlmod.AutomaticEventSubscriber/LOADING]: Auto-subscribing yesman.epicfight.client.input.EpicFightKeyMappings to MOD
[27Dec2025 08:08:26.593] [modloading-worker-0/DEBUG] [net.minecraftforge.fml.javafmlmod.AutomaticEventSubscriber/LOADING]: Auto-subscribing yesman.epicfight.client.events.engine.RenderEngine$Events to FORGE
[27Dec2025 08:08:26.595] [modloading-worker-0/DEBUG] [mixin/]: Mixing client.MixinEntityRenderer from mixins.epicfight.json into net.minecraft.client.renderer.entity.EntityRenderer
[27Dec2025 08:08:26.604] [modloading-worker-0/DEBUG] [mixin/]: Mixing client.MixinLivingEntityRenderer from mixins.epicfight.json into net.minecraft.client.renderer.entity.LivingEntityRenderer
[27Dec2025 08:08:26.616] [modloading-worker-0/DEBUG] [mixin/]: Mixing client.MixinEnderDragonRenderer from mixins.epicfight.json into net.minecraft.client.renderer.entity.EnderDragonRenderer
[27Dec2025 08:08:26.637] [modloading-worker-0/DEBUG] [mixin/]: Mixing client.MixinGameRenderer from mixins.epicfight.json into net.minecraft.client.renderer.GameRenderer
[27Dec2025 08:08:26.649] [modloading-worker-0/DEBUG] [mixin/]: Mixing client.MixinCamera from mixins.epicfight.json into net.minecraft.client.Camera
[27Dec2025 08:08:26.659] [modloading-worker-0/DEBUG] [mixin/]: Mixing client.MixinLevelRenderer from mixins.epicfight.json into net.minecraft.client.renderer.LevelRenderer
[27Dec2025 08:08:26.702] [modloading-worker-0/DEBUG] [net.minecraftforge.fml.javafmlmod.AutomaticEventSubscriber/LOADING]: Auto-subscribing yesman.epicfight.client.events.engine.ControlEngine$Events to FORGE
[27Dec2025 08:08:26.708] [modloading-worker-0/DEBUG] [net.minecraftforge.fml.javafmlmod.AutomaticEventSubscriber/LOADING]: Auto-subscribing yesman.epicfight.client.events.ClientModBusEvent to MOD
[27Dec2025 08:08:26.718] [modloading-worker-0/DEBUG] [mixin/]: Mixing client.MixinParticleEngine from mixins.epicfight.json into net.minecraft.client.particle.ParticleEngine
[27Dec2025 08:08:26.725] [modloading-worker-0/DEBUG] [net.minecraftforge.fml.javafmlmod.AutomaticEventSubscriber/LOADING]: Auto-subscribing yesman.epicfight.client.events.ClientEvents to FORGE
[27Dec2025 08:08:26.734] [Render thread/DEBUG] [net.minecraftforge.fml.DeferredWorkQueue/LOADING]: Dispatching synchronous work for work queue CONSTRUCT: 9 jobs
[27Dec2025 08:08:26.736] [Render thread/DEBUG] [epicfight/]: Loaded enums in class yesman.epicfight.api.animation.LivingMotions
[27Dec2025 08:08:26.736] [Render thread/DEBUG] [epicfight/]: All enums are loaded: living_motion [ALL, INACTION, IDLE, CONFRONT, ANGRY, FLOAT, WALK, RUN, SWIM, FLY, SNEAK, KNEEL, FALL, SIT, MOUNT, DEATH, CHASE, SPELLCAST, JUMP, CELEBRATE, LANDING_RECOVERY, CREATIVE_FLY, CREATIVE_IDLE, SLEEP, DIGGING, ADMIRE, CLIMB, DRINK, EAT, NONE, AIM, BLOCK, BLOCK_SHIELD, RELOAD, SHOT, SPECTATE]
[27Dec2025 08:08:26.736] [Render thread/DEBUG] [epicfight/]: Loaded enums in class yesman.epicfight.skill.SkillCategories
[27Dec2025 08:08:26.736] [Render thread/DEBUG] [epicfight/]: All enums are loaded: skill_category [BASIC_ATTACK, DODGE, PASSIVE, WEAPON_PASSIVE, WEAPON_INNATE, GUARD, KNOCKDOWN_WAKEUP, MOVER, IDENTITY]
[27Dec2025 08:08:26.737] [Render thread/DEBUG] [epicfight/]: Loaded enums in class yesman.epicfight.skill.SkillSlots
[27Dec2025 08:08:26.737] [Render thread/DEBUG] [epicfight/]: All enums are loaded: skill_slot [BASIC_ATTACK, DODGE, PASSIVE1, PASSIVE2, PASSIVE3, WEAPON_PASSIVE, WEAPON_INNATE, GUARD, KNOCKDOWN_WAKEUP, MOVER, IDENTITY]
[27Dec2025 08:08:26.737] [Render thread/DEBUG] [epicfight/]: Loaded enums in class yesman.epicfight.world.capabilities.item.CapabilityItem$Styles
[27Dec2025 08:08:26.737] [Render thread/DEBUG] [epicfight/]: All enums are loaded: style [COMMON, ONE_HAND, TWO_HAND, MOUNT, RANGED, SHEATH, OCHS]
[27Dec2025 08:08:26.737] [Render thread/DEBUG] [epicfight/]: Loaded enums in class yesman.epicfight.world.capabilities.item.CapabilityItem$WeaponCategories
[27Dec2025 08:08:26.737] [Render thread/DEBUG] [epicfight/]: All enums are loaded: weapon_category [NOT_WEAPON, AXE, FIST, GREATSWORD, HOE, PICKAXE, SHOVEL, SWORD, UCHIGATANA, SPEAR, TACHI, TRIDENT, LONGSWORD, DAGGER, SHIELD, RANGED]
[27Dec2025 08:08:26.738] [Render thread/DEBUG] [epicfight/]: Loaded enums in class yesman.epicfight.world.capabilities.entitypatch.Factions
[27Dec2025 08:08:26.738] [Render thread/DEBUG] [epicfight/]: All enums are loaded: faction [NEUTRAL, UNDEAD, BLAZE, ENDERMAN, ILLAGER, PIGLINS, WITHER, VILLAGER, ZOMBIFIED_PIGLIN]
[27Dec2025 08:08:26.738] [Render thread/DEBUG] [epicfight/]: Loaded enums in class yesman.epicfight.network.EntityPairingPacketTypes
[27Dec2025 08:08:26.738] [Render thread/DEBUG] [epicfight/]: All enums are loaded: entity_pairing_packet_type [ADRENALINE_ACTIVATED, BONEBREAKER_BEGIN, BONEBREAKER_MAX_STACK, BONEBREAKER_CLEAR, STAMINA_PILLAGER_BODY_ASHES, EMERGENCY_ESCAPE_ACTIVATED, ENDERMAN_RAGE, FLASH_WHITE, PIGLIN_BABY_SPAWN, SET_BOSS_EVENT_OWNER, TECHNICIAN_ACTIVATED, TRIDENT_THROWN, VENGEANCE_OVERLAY, VENGEANCE_TARGET_CANCEL, ZOMBIE_SPAWN]
[27Dec2025 08:08:26.738] [Render thread/DEBUG] [epicfight/]: Loaded enums in class yesman.epicfight.api.client.input.action.EpicFightInputAction
[27Dec2025 08:08:26.740] [Render thread/DEBUG] [epicfight/]: Loaded enums in class yesman.epicfight.api.client.input.action.MinecraftInputAction
[27Dec2025 08:08:26.740] [Render thread/DEBUG] [epicfight/]: All enums are loaded: input_action [ATTACK, MOBILITY, GUARD, DODGE, LOCK_ON, LOCK_ON_SHIFT_LEFT, LOCK_ON_SHIFT_RIGHT, LOCK_ON_SHIFT_FREELY, SWITCH_MODE, WEAPON_INNATE_SKILL, WEAPON_INNATE_SKILL_TOOLTIP, OPEN_SKILL_SCREEN, OPEN_CONFIG_SCREEN, SWITCH_VANILLA_MODEL_DEBUGGING, JUMP, ATTACK_DESTROY, USE, SWAP_OFF_HAND, DROP, TOGGLE_PERSPECTIVE, MOVE_FORWARD, MOVE_BACKWARD, MOVE_LEFT, MOVE_RIGHT, SPRINT, SNEAK]
[27Dec2025 08:08:26.776] [Render thread/DEBUG] [net.minecraftforge.fml.DeferredWorkQueue/LOADING]: Synchronous work queue completed in 41.53 ms
[27Dec2025 08:08:26.795] [Render thread/DEBUG] [net.minecraftforge.registries.ObjectHolderRegistry/REGISTRIES]: Processing ObjectHolder annotations
[27Dec2025 08:08:26.811] [Render thread/DEBUG] [net.minecraftforge.registries.ObjectHolderRegistry/REGISTRIES]: Found 4007 ObjectHolder annotations
[27Dec2025 08:08:26.814] [Render thread/DEBUG] [net.minecraftforge.common.capabilities.CapabilityManager/CAPABILITIES]: Attempting to automatically register: Lnet/minecraftforge/energy/IEnergyStorage;
[27Dec2025 08:08:26.815] [Render thread/DEBUG] [net.minecraftforge.common.capabilities.CapabilityManager/CAPABILITIES]: Attempting to automatically register: Lnet/minecraftforge/fluids/capability/IFluidHandler;
[27Dec2025 08:08:26.815] [Render thread/DEBUG] [net.minecraftforge.common.capabilities.CapabilityManager/CAPABILITIES]: Attempting to automatically register: Lnet/minecraftforge/fluids/capability/IFluidHandlerItem;
[27Dec2025 08:08:26.815] [Render thread/DEBUG] [net.minecraftforge.common.capabilities.CapabilityManager/CAPABILITIES]: Attempting to automatically register: Lnet/minecraftforge/items/IItemHandler;
[27Dec2025 08:08:26.818] [Render thread/DEBUG] [net.minecraftforge.registries.GameData/REGISTRIES]: Unfreezing vanilla registries
[27Dec2025 08:08:26.820] [Render thread/DEBUG] [net.minecraftforge.registries.GameData/REGISTRIES]: Applying holder lookups: minecraft:sound_event
[27Dec2025 08:08:26.822] [Render thread/DEBUG] [net.minecraftforge.registries.GameData/REGISTRIES]: Holder lookups applied: minecraft:sound_event
[27Dec2025 08:08:26.822] [Render thread/DEBUG] [net.minecraftforge.registries.GameData/REGISTRIES]: Applying holder lookups: minecraft:fluid
[27Dec2025 08:08:26.822] [Render thread/DEBUG] [net.minecraftforge.registries.GameData/REGISTRIES]: Holder lookups applied: minecraft:fluid
[27Dec2025 08:08:26.824] [Render thread/DEBUG] [net.minecraftforge.registries.GameData/REGISTRIES]: Applying holder lookups: minecraft:block
[27Dec2025 08:08:26.826] [Render thread/DEBUG] [net.minecraftforge.registries.GameData/REGISTRIES]: Holder lookups applied: minecraft:block
[27Dec2025 08:08:26.827] [Render thread/DEBUG] [net.minecraftforge.registries.GameData/REGISTRIES]: Applying holder lookups: minecraft:attribute
[27Dec2025 08:08:26.827] [Render thread/DEBUG] [net.minecraftforge.registries.GameData/REGISTRIES]: Holder lookups applied: minecraft:attribute
[27Dec2025 08:08:26.828] [Render thread/DEBUG] [net.minecraftforge.registries.GameData/REGISTRIES]: Applying holder lookups: minecraft:mob_effect
[27Dec2025 08:08:26.828] [Render thread/DEBUG] [net.minecraftforge.registries.GameData/REGISTRIES]: Holder lookups applied: minecraft:mob_effect
[27Dec2025 08:08:26.831] [Render thread/DEBUG] [net.minecraftforge.registries.GameData/REGISTRIES]: Applying holder lookups: minecraft:particle_type
[27Dec2025 08:08:26.832] [Render thread/DEBUG] [net.minecraftforge.registries.GameData/REGISTRIES]: Holder lookups applied: minecraft:particle_type
[27Dec2025 08:08:26.835] [Render thread/DEBUG] [net.minecraftforge.registries.GameData/REGISTRIES]: Applying holder lookups: minecraft:item
[27Dec2025 08:08:26.836] [Render thread/DEBUG] [net.minecraftforge.registries.GameData/REGISTRIES]: Holder lookups applied: minecraft:item
[27Dec2025 08:08:26.841] [Render thread/DEBUG] [net.minecraftforge.registries.GameData/REGISTRIES]: Applying holder lookups: minecraft:entity_type
[27Dec2025 08:08:26.842] [Render thread/DEBUG] [net.minecraftforge.registries.GameData/REGISTRIES]: Holder lookups applied: minecraft:entity_type
[27Dec2025 08:08:26.842] [Render thread/DEBUG] [net.minecraftforge.registries.GameData/REGISTRIES]: Applying holder lookups: minecraft:sensor_type
[27Dec2025 08:08:26.843] [Render thread/DEBUG] [net.minecraftforge.registries.GameData/REGISTRIES]: Holder lookups applied: minecraft:sensor_type
[27Dec2025 08:08:26.843] [Render thread/DEBUG] [net.minecraftforge.registries.GameData/REGISTRIES]: Applying holder lookups: minecraft:memory_module_type
[27Dec2025 08:08:26.843] [Render thread/DEBUG] [net.minecraftforge.registries.GameData/REGISTRIES]: Holder lookups applied: minecraft:memory_module_type
[27Dec2025 08:08:26.843] [Render thread/DEBUG] [net.minecraftforge.registries.GameData/REGISTRIES]: Applying holder lookups: minecraft:potion
[27Dec2025 08:08:26.843] [Render thread/DEBUG] [net.minecraftforge.registries.GameData/REGISTRIES]: Holder lookups applied: minecraft:potion
[27Dec2025 08:08:26.843] [Render thread/DEBUG] [net.minecraftforge.registries.GameData/REGISTRIES]: Applying holder lookups: minecraft:game_event
[27Dec2025 08:08:26.845] [Render thread/DEBUG] [net.minecraftforge.registries.GameData/REGISTRIES]: Holder lookups applied: minecraft:game_event
[27Dec2025 08:08:26.845] [Render thread/DEBUG] [net.minecraftforge.registries.GameData/REGISTRIES]: Applying holder lookups: minecraft:enchantment
[27Dec2025 08:08:26.845] [Render thread/DEBUG] [net.minecraftforge.registries.GameData/REGISTRIES]: Holder lookups applied: minecraft:enchantment
[27Dec2025 08:08:26.847] [Render thread/DEBUG] [net.minecraftforge.registries.GameData/REGISTRIES]: Applying holder lookups: minecraft:block_entity_type
[27Dec2025 08:08:26.848] [Render thread/DEBUG] [net.minecraftforge.registries.GameData/REGISTRIES]: Holder lookups applied: minecraft:block_entity_type
[27Dec2025 08:08:26.848] [Render thread/DEBUG] [net.minecraftforge.registries.GameData/REGISTRIES]: Applying holder lookups: minecraft:painting_variant
[27Dec2025 08:08:26.848] [Render thread/DEBUG] [net.minecraftforge.registries.GameData/REGISTRIES]: Holder lookups applied: minecraft:painting_variant
[27Dec2025 08:08:26.848] [Render thread/DEBUG] [net.minecraftforge.registries.GameData/REGISTRIES]: Applying holder lookups: minecraft:stat_type
[27Dec2025 08:08:26.848] [Render thread/DEBUG] [net.minecraftforge.registries.GameData/REGISTRIES]: Holder lookups applied: minecraft:stat_type
[27Dec2025 08:08:26.848] [Render thread/DEBUG] [net.minecraftforge.registries.GameData/REGISTRIES]: Applying holder lookups: minecraft:custom_stat
[27Dec2025 08:08:26.849] [Render thread/DEBUG] [net.minecraftforge.registries.GameData/REGISTRIES]: Holder lookups applied: minecraft:custom_stat
[27Dec2025 08:08:26.849] [Render thread/DEBUG] [net.minecraftforge.registries.GameData/REGISTRIES]: Applying holder lookups: minecraft:chunk_status
[27Dec2025 08:08:26.849] [Render thread/DEBUG] [net.minecraftforge.registries.GameData/REGISTRIES]: Holder lookups applied: minecraft:chunk_status
[27Dec2025 08:08:26.849] [Render thread/DEBUG] [net.minecraftforge.registries.GameData/REGISTRIES]: Applying holder lookups: minecraft:rule_test
[27Dec2025 08:08:26.849] [Render thread/DEBUG] [net.minecraftforge.registries.GameData/REGISTRIES]: Holder lookups applied: minecraft:rule_test
[27Dec2025 08:08:26.849] [Render thread/DEBUG] [net.minecraftforge.registries.GameData/REGISTRIES]: Applying holder lookups: minecraft:rule_block_entity_modifier
[27Dec2025 08:08:26.849] [Render thread/DEBUG] [net.minecraftforge.registries.GameData/REGISTRIES]: Holder lookups applied: minecraft:rule_block_entity_modifier
[27Dec2025 08:08:26.849] [Render thread/DEBUG] [net.minecraftforge.registries.GameData/REGISTRIES]: Applying holder lookups: minecraft:pos_rule_test
[27Dec2025 08:08:26.850] [Render thread/DEBUG] [net.minecraftforge.registries.GameData/REGISTRIES]: Holder lookups applied: minecraft:pos_rule_test
[27Dec2025 08:08:26.850] [Render thread/DEBUG] [net.minecraftforge.registries.GameData/REGISTRIES]: Applying holder lookups: minecraft:menu
[27Dec2025 08:08:26.850] [Render thread/DEBUG] [net.minecraftforge.registries.GameData/REGISTRIES]: Holder lookups applied: minecraft:menu
[27Dec2025 08:08:26.850] [Render thread/DEBUG] [net.minecraftforge.registries.GameData/REGISTRIES]: Applying holder lookups: minecraft:recipe_type
[27Dec2025 08:08:26.850] [Render thread/DEBUG] [net.minecraftforge.registries.GameData/REGISTRIES]: Holder lookups applied: minecraft:recipe_type
[27Dec2025 08:08:26.860] [Render thread/DEBUG] [net.minecraftforge.registries.GameData/REGISTRIES]: Applying holder lookups: minecraft:recipe_serializer
[27Dec2025 08:08:26.861] [Render thread/DEBUG] [net.minecraftforge.registries.GameData/REGISTRIES]: Holder lookups applied: minecraft:recipe_serializer
[27Dec2025 08:08:26.861] [Render thread/DEBUG] [net.minecraftforge.registries.GameData/REGISTRIES]: Applying holder lookups: minecraft:position_source_type
[27Dec2025 08:08:26.861] [Render thread/DEBUG] [net.minecraftforge.registries.GameData/REGISTRIES]: Holder lookups applied: minecraft:position_source_type
[27Dec2025 08:08:26.863] [Render thread/DEBUG] [net.minecraftforge.registries.GameData/REGISTRIES]: Applying holder lookups: minecraft:command_argument_type
[27Dec2025 08:08:26.865] [Render thread/DEBUG] [net.minecraftforge.registries.GameData/REGISTRIES]: Holder lookups applied: minecraft:command_argument_type
[27Dec2025 08:08:26.865] [Render thread/DEBUG] [net.minecraftforge.registries.GameData/REGISTRIES]: Applying holder lookups: minecraft:villager_type
[27Dec2025 08:08:26.865] [Render thread/DEBUG] [net.minecraftforge.registries.GameData/REGISTRIES]: Holder lookups applied: minecraft:villager_type
[27Dec2025 08:08:26.865] [Render thread/DEBUG] [net.minecraftforge.registries.GameData/REGISTRIES]: Applying holder lookups: minecraft:villager_profession
[27Dec2025 08:08:26.865] [Render thread/DEBUG] [net.minecraftforge.registries.GameData/REGISTRIES]: Holder lookups applied: minecraft:villager_profession
[27Dec2025 08:08:26.865] [Render thread/DEBUG] [net.minecraftforge.registries.GameData/REGISTRIES]: Applying holder lookups: minecraft:point_of_interest_type
[27Dec2025 08:08:26.866] [Render thread/DEBUG] [net.minecraftforge.registries.GameData/REGISTRIES]: Holder lookups applied: minecraft:point_of_interest_type
[27Dec2025 08:08:26.866] [Render thread/DEBUG] [net.minecraftforge.registries.GameData/REGISTRIES]: Applying holder lookups: minecraft:schedule
[27Dec2025 08:08:26.866] [Render thread/DEBUG] [net.minecraftforge.registries.GameData/REGISTRIES]: Holder lookups applied: minecraft:schedule
[27Dec2025 08:08:26.866] [Render thread/DEBUG] [net.minecraftforge.registries.GameData/REGISTRIES]: Applying holder lookups: minecraft:activity
[27Dec2025 08:08:26.866] [Render thread/DEBUG] [net.minecraftforge.registries.GameData/REGISTRIES]: Holder lookups applied: minecraft:activity
[27Dec2025 08:08:26.866] [Render thread/DEBUG] [net.minecraftforge.registries.GameData/REGISTRIES]: Applying holder lookups: minecraft:loot_pool_entry_type
[27Dec2025 08:08:26.866] [Render thread/DEBUG] [net.minecraftforge.registries.GameData/REGISTRIES]: Holder lookups applied: minecraft:loot_pool_entry_type
[27Dec2025 08:08:26.866] [Render thread/DEBUG] [net.minecraftforge.registries.GameData/REGISTRIES]: Applying holder lookups: minecraft:loot_function_type
[27Dec2025 08:08:26.866] [Render thread/DEBUG] [net.minecraftforge.registries.GameData/REGISTRIES]: Holder lookups applied: minecraft:loot_function_type
[27Dec2025 08:08:26.867] [Render thread/DEBUG] [net.minecraftforge.registries.GameData/REGISTRIES]: Applying holder lookups: minecraft:loot_condition_type
[27Dec2025 08:08:26.868] [Render thread/DEBUG] [net.minecraftforge.registries.GameData/REGISTRIES]: Holder lookups applied: minecraft:loot_condition_type
[27Dec2025 08:08:26.868] [Render thread/DEBUG] [net.minecraftforge.registries.GameData/REGISTRIES]: Applying holder lookups: minecraft:loot_number_provider_type
[27Dec2025 08:08:26.868] [Render thread/DEBUG] [net.minecraftforge.registries.GameData/REGISTRIES]: Holder lookups applied: minecraft:loot_number_provider_type
[27Dec2025 08:08:26.868] [Render thread/DEBUG] [net.minecraftforge.registries.GameData/REGISTRIES]: Applying holder lookups: minecraft:loot_nbt_provider_type
[27Dec2025 08:08:26.869] [Render thread/DEBUG] [net.minecraftforge.registries.GameData/REGISTRIES]: Holder lookups applied: minecraft:loot_nbt_provider_type
[27Dec2025 08:08:26.869] [Render thread/DEBUG] [net.minecraftforge.registries.GameData/REGISTRIES]: Applying holder lookups: minecraft:loot_score_provider_type
[27Dec2025 08:08:26.869] [Render thread/DEBUG] [net.minecraftforge.registries.GameData/REGISTRIES]: Holder lookups applied: minecraft:loot_score_provider_type
[27Dec2025 08:08:26.869] [Render thread/DEBUG] [net.minecraftforge.registries.GameData/REGISTRIES]: Applying holder lookups: minecraft:float_provider_type
[27Dec2025 08:08:26.869] [Render thread/DEBUG] [net.minecraftforge.registries.GameData/REGISTRIES]: Holder lookups applied: minecraft:float_provider_type
[27Dec2025 08:08:26.869] [Render thread/DEBUG] [net.minecraftforge.registries.GameData/REGISTRIES]: Applying holder lookups: minecraft:int_provider_type
[27Dec2025 08:08:26.869] [Render thread/DEBUG] [net.minecraftforge.registries.GameData/REGISTRIES]: Holder lookups applied: minecraft:int_provider_type
[27Dec2025 08:08:26.869] [Render thread/DEBUG] [net.minecraftforge.registries.GameData/REGISTRIES]: Applying holder lookups: minecraft:height_provider_type
[27Dec2025 08:08:26.869] [Render thread/DEBUG] [net.minecraftforge.registries.GameData/REGISTRIES]: Holder lookups applied: minecraft:height_provider_type
[27Dec2025 08:08:26.869] [Render thread/DEBUG] [net.minecraftforge.registries.GameData/REGISTRIES]: Applying holder lookups: minecraft:block_predicate_type
[27Dec2025 08:08:26.869] [Render thread/DEBUG] [net.minecraftforge.registries.GameData/REGISTRIES]: Holder lookups applied: minecraft:block_predicate_type
[27Dec2025 08:08:26.869] [Render thread/DEBUG] [net.minecraftforge.registries.GameData/REGISTRIES]: Applying holder lookups: minecraft:worldgen/carver
[27Dec2025 08:08:26.871] [Render thread/DEBUG] [net.minecraftforge.registries.GameData/REGISTRIES]: Holder lookups applied: minecraft:worldgen/carver
[27Dec2025 08:08:26.871] [Render thread/DEBUG] [net.minecraftforge.registries.GameData/REGISTRIES]: Applying holder lookups: minecraft:worldgen/feature
[27Dec2025 08:08:26.871] [Render thread/DEBUG] [net.minecraftforge.registries.GameData/REGISTRIES]: Holder lookups applied: minecraft:worldgen/feature
[27Dec2025 08:08:26.871] [Render thread/DEBUG] [net.minecraftforge.registries.GameData/REGISTRIES]: Applying holder lookups: minecraft:worldgen/structure_processor
[27Dec2025 08:08:26.871] [Render thread/DEBUG] [net.minecraftforge.registries.GameData/REGISTRIES]: Holder lookups applied: minecraft:worldgen/structure_processor
[27Dec2025 08:08:26.871] [Render thread/DEBUG] [net.minecraftforge.registries.GameData/REGISTRIES]: Applying holder lookups: minecraft:worldgen/structure_placement
[27Dec2025 08:08:26.871] [Render thread/DEBUG] [net.minecraftforge.registries.GameData/REGISTRIES]: Holder lookups applied: minecraft:worldgen/structure_placement
[27Dec2025 08:08:26.872] [Render thread/DEBUG] [net.minecraftforge.registries.GameData/REGISTRIES]: Applying holder lookups: minecraft:worldgen/structure_piece
[27Dec2025 08:08:26.872] [Render thread/DEBUG] [net.minecraftforge.registries.GameData/REGISTRIES]: Holder lookups applied: minecraft:worldgen/structure_piece
[27Dec2025 08:08:26.872] [Render thread/DEBUG] [net.minecraftforge.registries.GameData/REGISTRIES]: Applying holder lookups: minecraft:worldgen/structure_type
[27Dec2025 08:08:26.872] [Render thread/DEBUG] [net.minecraftforge.registries.GameData/REGISTRIES]: Holder lookups applied: minecraft:worldgen/structure_type
[27Dec2025 08:08:26.872] [Render thread/DEBUG] [net.minecraftforge.registries.GameData/REGISTRIES]: Applying holder lookups: minecraft:worldgen/placement_modifier_type
[27Dec2025 08:08:26.872] [Render thread/DEBUG] [net.minecraftforge.registries.GameData/REGISTRIES]: Holder lookups applied: minecraft:worldgen/placement_modifier_type
[27Dec2025 08:08:26.872] [Render thread/DEBUG] [net.minecraftforge.registries.GameData/REGISTRIES]: Applying holder lookups: minecraft:worldgen/block_state_provider_type
[27Dec2025 08:08:26.873] [Render thread/DEBUG] [net.minecraftforge.registries.GameData/REGISTRIES]: Holder lookups applied: minecraft:worldgen/block_state_provider_type
[27Dec2025 08:08:26.873] [Render thread/DEBUG] [net.minecraftforge.registries.GameData/REGISTRIES]: Applying holder lookups: minecraft:worldgen/foliage_placer_type
[27Dec2025 08:08:26.873] [Render thread/DEBUG] [net.minecraftforge.registries.GameData/REGISTRIES]: Holder lookups applied: minecraft:worldgen/foliage_placer_type
[27Dec2025 08:08:26.873] [Render thread/DEBUG] [net.minecraftforge.registries.GameData/REGISTRIES]: Applying holder lookups: minecraft:worldgen/trunk_placer_type
[27Dec2025 08:08:26.873] [Render thread/DEBUG] [net.minecraftforge.registries.GameData/REGISTRIES]: Holder lookups applied: minecraft:worldgen/trunk_placer_type
[27Dec2025 08:08:26.873] [Render thread/DEBUG] [net.minecraftforge.registries.GameData/REGISTRIES]: Applying holder lookups: minecraft:worldgen/root_placer_type
[27Dec2025 08:08:26.873] [Render thread/DEBUG] [net.minecraftforge.registries.GameData/REGISTRIES]: Holder lookups applied: minecraft:worldgen/root_placer_type
[27Dec2025 08:08:26.873] [Render thread/DEBUG] [net.minecraftforge.registries.GameData/REGISTRIES]: Applying holder lookups: minecraft:worldgen/tree_decorator_type
[27Dec2025 08:08:26.873] [Render thread/DEBUG] [net.minecraftforge.registries.GameData/REGISTRIES]: Holder lookups applied: minecraft:worldgen/tree_decorator_type
[27Dec2025 08:08:26.873] [Render thread/DEBUG] [net.minecraftforge.registries.GameData/REGISTRIES]: Applying holder lookups: minecraft:worldgen/feature_size_type
[27Dec2025 08:08:26.874] [Render thread/DEBUG] [net.minecraftforge.registries.GameData/REGISTRIES]: Holder lookups applied: minecraft:worldgen/feature_size_type
[27Dec2025 08:08:26.874] [Render thread/DEBUG] [net.minecraftforge.registries.GameData/REGISTRIES]: Applying holder lookups: minecraft:worldgen/biome_source
[27Dec2025 08:08:26.874] [Render thread/DEBUG] [net.minecraftforge.registries.GameData/REGISTRIES]: Holder lookups applied: minecraft:worldgen/biome_source
[27Dec2025 08:08:26.874] [Render thread/DEBUG] [net.minecraftforge.registries.GameData/REGISTRIES]: Applying holder lookups: minecraft:worldgen/chunk_generator
[27Dec2025 08:08:26.874] [Render thread/DEBUG] [net.minecraftforge.registries.GameData/REGISTRIES]: Holder lookups applied: minecraft:worldgen/chunk_generator
[27Dec2025 08:08:26.874] [Render thread/DEBUG] [net.minecraftforge.registries.GameData/REGISTRIES]: Applying holder lookups: minecraft:worldgen/material_condition
[27Dec2025 08:08:26.874] [Render thread/DEBUG] [net.minecraftforge.registries.GameData/REGISTRIES]: Holder lookups applied: minecraft:worldgen/material_condition
[27Dec2025 08:08:26.874] [Render thread/DEBUG] [net.minecraftforge.registries.GameData/REGISTRIES]: Applying holder lookups: minecraft:worldgen/material_rule
[27Dec2025 08:08:26.874] [Render thread/DEBUG] [net.minecraftforge.registries.GameData/REGISTRIES]: Holder lookups applied: minecraft:worldgen/material_rule
[27Dec2025 08:08:26.874] [Render thread/DEBUG] [net.minecraftforge.registries.GameData/REGISTRIES]: Applying holder lookups: minecraft:worldgen/density_function_type
[27Dec2025 08:08:26.874] [Render thread/DEBUG] [net.minecraftforge.registries.GameData/REGISTRIES]: Holder lookups applied: minecraft:worldgen/density_function_type
[27Dec2025 08:08:26.874] [Render thread/DEBUG] [net.minecraftforge.registries.GameData/REGISTRIES]: Applying holder lookups: minecraft:worldgen/structure_pool_element
[27Dec2025 08:08:26.875] [Render thread/DEBUG] [net.minecraftforge.registries.GameData/REGISTRIES]: Holder lookups applied: minecraft:worldgen/structure_pool_element
[27Dec2025 08:08:26.875] [Render thread/DEBUG] [net.minecraftforge.registries.GameData/REGISTRIES]: Applying holder lookups: minecraft:cat_variant
[27Dec2025 08:08:26.875] [Render thread/DEBUG] [net.minecraftforge.registries.GameData/REGISTRIES]: Holder lookups applied: minecraft:cat_variant
[27Dec2025 08:08:26.875] [Render thread/DEBUG] [net.minecraftforge.registries.GameData/REGISTRIES]: Applying holder lookups: minecraft:frog_variant
[27Dec2025 08:08:26.876] [Render thread/DEBUG] [net.minecraftforge.registries.GameData/REGISTRIES]: Holder lookups applied: minecraft:frog_variant
[27Dec2025 08:08:26.876] [Render thread/DEBUG] [net.minecraftforge.registries.GameData/REGISTRIES]: Applying holder lookups: minecraft:banner_pattern
[27Dec2025 08:08:26.876] [Render thread/DEBUG] [net.minecraftforge.registries.GameData/REGISTRIES]: Holder lookups applied: minecraft:banner_pattern
[27Dec2025 08:08:26.876] [Render thread/DEBUG] [net.minecraftforge.registries.GameData/REGISTRIES]: Applying holder lookups: minecraft:instrument
[27Dec2025 08:08:26.876] [Render thread/DEBUG] [net.minecraftforge.registries.GameData/REGISTRIES]: Holder lookups applied: minecraft:instrument
[27Dec2025 08:08:26.876] [Render thread/DEBUG] [net.minecraftforge.registries.GameData/REGISTRIES]: Applying holder lookups: minecraft:decorated_pot_patterns
[27Dec2025 08:08:26.876] [Render thread/DEBUG] [net.minecraftforge.registries.GameData/REGISTRIES]: Holder lookups applied: minecraft:decorated_pot_patterns
[27Dec2025 08:08:26.877] [Render thread/DEBUG] [net.minecraftforge.registries.GameData/REGISTRIES]: Applying holder lookups: minecraft:creative_mode_tab
[27Dec2025 08:08:26.877] [Render thread/DEBUG] [net.minecraftforge.registries.GameData/REGISTRIES]: Holder lookups applied: minecraft:creative_mode_tab
[27Dec2025 08:08:26.887] [Render thread/DEBUG] [net.minecraftforge.registries.GameData/REGISTRIES]: Applying holder lookups: epicfight:conditions
[27Dec2025 08:08:26.888] [Render thread/DEBUG] [net.minecraftforge.registries.GameData/REGISTRIES]: Holder lookups applied: epicfight:conditions
[27Dec2025 08:08:26.929] [Render thread/DEBUG] [net.minecraftforge.registries.GameData/REGISTRIES]: Applying holder lookups: epicfight:skill
[27Dec2025 08:08:26.929] [Render thread/DEBUG] [net.minecraftforge.registries.GameData/REGISTRIES]: Holder lookups applied: epicfight:skill
[27Dec2025 08:08:26.930] [Render thread/DEBUG] [net.minecraftforge.registries.GameData/REGISTRIES]: Applying holder lookups: epicfight:skill_data_keys
[27Dec2025 08:08:26.930] [Render thread/DEBUG] [net.minecraftforge.registries.GameData/REGISTRIES]: Holder lookups applied: epicfight:skill_data_keys
[27Dec2025 08:08:26.931] [Render thread/DEBUG] [net.minecraftforge.registries.GameData/REGISTRIES]: Applying holder lookups: epicfight:synched_animation_variable_keys
[27Dec2025 08:08:26.931] [Render thread/DEBUG] [net.minecraftforge.registries.GameData/REGISTRIES]: Holder lookups applied: epicfight:synched_animation_variable_keys
[27Dec2025 08:08:26.937] [Render thread/DEBUG] [net.minecraftforge.registries.GameData/REGISTRIES]: Applying holder lookups: forge:biome_modifier_serializers
[27Dec2025 08:08:26.937] [Render thread/DEBUG] [net.minecraftforge.registries.GameData/REGISTRIES]: Holder lookups applied: forge:biome_modifier_serializers
[27Dec2025 08:08:26.938] [Render thread/DEBUG] [net.minecraftforge.registries.GameData/REGISTRIES]: Applying holder lookups: forge:display_contexts
[27Dec2025 08:08:26.938] [Render thread/DEBUG] [net.minecraftforge.registries.GameData/REGISTRIES]: Holder lookups applied: forge:display_contexts
[27Dec2025 08:08:26.939] [Render thread/DEBUG] [net.minecraftforge.registries.GameData/REGISTRIES]: Applying holder lookups: forge:entity_data_serializers
[27Dec2025 08:08:26.939] [Render thread/DEBUG] [net.minecraftforge.registries.GameData/REGISTRIES]: Holder lookups applied: forge:entity_data_serializers
[27Dec2025 08:08:26.943] [Render thread/DEBUG] [net.minecraftforge.registries.GameData/REGISTRIES]: Applying holder lookups: forge:fluid_type
[27Dec2025 08:08:26.944] [Render thread/DEBUG] [net.minecraftforge.registries.GameData/REGISTRIES]: Holder lookups applied: forge:fluid_type
[27Dec2025 08:08:26.945] [Render thread/DEBUG] [net.minecraftforge.registries.GameData/REGISTRIES]: Applying holder lookups: forge:global_loot_modifier_serializers
[27Dec2025 08:08:26.945] [Render thread/DEBUG] [net.minecraftforge.registries.GameData/REGISTRIES]: Holder lookups applied: forge:global_loot_modifier_serializers
[27Dec2025 08:08:26.949] [Render thread/DEBUG] [net.minecraftforge.registries.GameData/REGISTRIES]: Applying holder lookups: forge:holder_set_type
[27Dec2025 08:08:26.950] [Render thread/DEBUG] [net.minecraftforge.registries.GameData/REGISTRIES]: Holder lookups applied: forge:holder_set_type
[27Dec2025 08:08:26.951] [Render thread/DEBUG] [net.minecraftforge.registries.GameData/REGISTRIES]: Applying holder lookups: forge:structure_modifier_serializers
[27Dec2025 08:08:26.951] [Render thread/DEBUG] [net.minecraftforge.registries.GameData/REGISTRIES]: Holder lookups applied: forge:structure_modifier_serializers
[27Dec2025 08:08:26.951] [Render thread/DEBUG] [net.minecraftforge.registries.GameData/REGISTRIES]: Applying holder lookups: minecraft:worldgen/biome
[27Dec2025 08:08:26.951] [Render thread/DEBUG] [net.minecraftforge.registries.GameData/REGISTRIES]: Holder lookups applied: minecraft:worldgen/biome
[27Dec2025 08:08:26.982] [Render thread/WARN] [net.minecraft.network.syncher.SynchedEntityData/]: defineId called for: class net.minecraft.world.entity.player.Player from class yesman.epicfight.world.capabilities.entitypatch.player.PlayerPatch
[27Dec2025 08:08:27.001] [Render thread/WARN] [net.minecraft.network.syncher.SynchedEntityData/]: defineId called for: class net.minecraft.world.entity.boss.wither.WitherBoss from class yesman.epicfight.world.capabilities.entitypatch.boss.WitherPatch
[27Dec2025 08:08:27.001] [Render thread/WARN] [net.minecraft.network.syncher.SynchedEntityData/]: defineId called for: class net.minecraft.world.entity.boss.wither.WitherBoss from class yesman.epicfight.world.capabilities.entitypatch.boss.WitherPatch
[27Dec2025 08:08:27.001] [Render thread/WARN] [net.minecraft.network.syncher.SynchedEntityData/]: defineId called for: class net.minecraft.world.entity.boss.wither.WitherBoss from class yesman.epicfight.world.capabilities.entitypatch.boss.WitherPatch
[27Dec2025 08:08:27.002] [Render thread/WARN] [net.minecraft.network.syncher.SynchedEntityData/]: defineId called for: class net.minecraft.world.entity.boss.wither.WitherBoss from class yesman.epicfight.world.capabilities.entitypatch.boss.WitherPatch
[27Dec2025 08:08:27.002] [Render thread/WARN] [net.minecraft.network.syncher.SynchedEntityData/]: defineId called for: class net.minecraft.world.entity.boss.wither.WitherBoss from class yesman.epicfight.world.capabilities.entitypatch.boss.WitherPatch
[27Dec2025 08:08:27.002] [Render thread/WARN] [net.minecraft.network.syncher.SynchedEntityData/]: defineId called for: class net.minecraft.world.entity.boss.wither.WitherBoss from class yesman.epicfight.world.capabilities.entitypatch.boss.WitherPatch
[27Dec2025 08:08:27.002] [Render thread/WARN] [net.minecraft.network.syncher.SynchedEntityData/]: defineId called for: class net.minecraft.world.entity.boss.wither.WitherBoss from class yesman.epicfight.world.capabilities.entitypatch.boss.WitherPatch
[27Dec2025 08:08:27.002] [Render thread/WARN] [net.minecraft.network.syncher.SynchedEntityData/]: defineId called for: class net.minecraft.world.entity.boss.wither.WitherBoss from class yesman.epicfight.world.capabilities.entitypatch.boss.WitherPatch
[27Dec2025 08:08:27.002] [Render thread/WARN] [net.minecraft.network.syncher.SynchedEntityData/]: defineId called for: class net.minecraft.world.entity.boss.wither.WitherBoss from class yesman.epicfight.world.capabilities.entitypatch.boss.WitherPatch
[27Dec2025 08:08:27.053] [Render thread/DEBUG] [net.minecraftforge.client.loading.ClientModLoader/CORE]: Generating PackInfo named mod:forge for mod file /
[27Dec2025 08:08:27.054] [Render thread/DEBUG] [net.minecraftforge.client.loading.ClientModLoader/CORE]: Generating PackInfo named mod:skinrestorer for mod file C:\Users\azooz\.gradle\caches\forge_gradle\deobf_dependencies\curse\maven\skinrestorer-443823\6015917_mapped_official_1.20.1\skinrestorer-443823-6015917_mapped_official_1.20.1.jar
[27Dec2025 08:08:27.054] [Render thread/DEBUG] [net.minecraftforge.client.loading.ClientModLoader/CORE]: Generating PackInfo named mod:epicfight for mod file C:\Users\azooz\.gradle\caches\forge_gradle\deobf_dependencies\curse\maven\epic-fight-mod-405076\7345468_mapped_official_1.20.1\epic-fight-mod-405076-7345468_mapped_official_1.20.1.jar
[27Dec2025 08:08:27.055] [Render thread/DEBUG] [net.minecraftforge.client.loading.ClientModLoader/CORE]: Generating PackInfo named mod:droppable for mod file C:\Users\azooz\Desktop\Droppable\build\resources\main
[27Dec2025 08:08:27.122] [Render thread/DEBUG] [mixin/]: Mixing client.MixinCompositeRenderType from mixins.epicfight.json into net.minecraft.client.renderer.RenderType$CompositeRenderType
[27Dec2025 08:08:27.259] [Render thread/DEBUG] [mixin/]: Mixing client.MixinLightTexture from mixins.epicfight.json into net.minecraft.client.renderer.LightTexture
[27Dec2025 08:08:27.378] [Render thread/INFO] [net.minecraftforge.gametest.ForgeGameTestHooks/]: Enabled Gametest Namespaces: [Droppable]
[27Dec2025 08:08:27.409] [Render thread/DEBUG] [mixin/]: Mixing client.MixinAgeableListModel from mixins.epicfight.json into net.minecraft.client.model.AgeableListModel
[27Dec2025 08:08:27.478] [Render thread/DEBUG] [mixin/]: Mixing client.MixinThrownTridentRenderer from mixins.epicfight.json into net.minecraft.client.renderer.entity.ThrownTridentRenderer
[27Dec2025 08:08:27.601] [Render thread/INFO] [net.minecraft.server.packs.resources.ReloadableResourceManager/]: Reloading ResourceManager: vanilla, mod_resources
[27Dec2025 08:08:27.633] [modloading-worker-0/DEBUG] [net.minecraftforge.fml.config.ConfigTracker/CONFIG]: Loading configs type CLIENT
[27Dec2025 08:08:27.634] [modloading-worker-0/DEBUG] [net.minecraftforge.fml.config.ConfigFileTypeHandler/CONFIG]: Built TOML config for C:\Users\azooz\Desktop\Droppable\run\config\epicfight-client.toml
[27Dec2025 08:08:27.635] [modloading-worker-0/DEBUG] [net.minecraftforge.fml.config.ConfigFileTypeHandler/CONFIG]: Loaded TOML config file C:\Users\azooz\Desktop\Droppable\run\config\epicfight-client.toml
[27Dec2025 08:08:27.647] [modloading-worker-0/DEBUG] [net.minecraftforge.fml.config.ConfigFileTypeHandler/CONFIG]: Watching TOML config file C:\Users\azooz\Desktop\Droppable\run\config\epicfight-client.toml for changes
[27Dec2025 08:08:27.649] [modloading-worker-0/WARN] [net.minecraftforge.common.ForgeConfigSpec/CORE]: Configuration file C:\Users\azooz\Desktop\Droppable\run\config\epicfight-client.toml is not correct. Correcting
[27Dec2025 08:08:27.649] [modloading-worker-0/WARN] [net.minecraftforge.common.ForgeConfigSpec/CORE]: Incorrect key ingame.target_outline_color was corrected from null to its default, 0.0. 
[27Dec2025 08:08:27.651] [modloading-worker-0/DEBUG] [net.minecraftforge.common.ForgeConfigSpec/CORE]: The comment on key ingame.target_outline_color does not match the spec. This may create a backup.
[27Dec2025 08:08:27.651] [modloading-worker-0/WARN] [net.minecraftforge.common.ForgeConfigSpec/CORE]: Incorrect key ingame.mine_block_guide_option was corrected from null to its default, CROSSHAIR. 
[27Dec2025 08:08:27.651] [modloading-worker-0/DEBUG] [net.minecraftforge.common.ForgeConfigSpec/CORE]: The comment on key ingame.mine_block_guide_option does not match the spec. This may create a backup.
[27Dec2025 08:08:27.651] [modloading-worker-0/WARN] [net.minecraftforge.common.ForgeConfigSpec/CORE]: Incorrect key ingame.enable_target_entity_guide was corrected from null to its default, true. 
[27Dec2025 08:08:27.651] [modloading-worker-0/WARN] [net.minecraftforge.common.ForgeConfigSpec/CORE]: Incorrect key ingame.enable_player_vanilla_model was corrected from null to its default, true. 
[27Dec2025 08:08:27.651] [modloading-worker-0/WARN] [net.minecraftforge.common.ForgeConfigSpec/CORE]: Incorrect key ingame.use_compute_shader was corrected from null to its default, false. 
[27Dec2025 08:08:27.651] [modloading-worker-0/WARN] [net.minecraftforge.common.ForgeConfigSpec/CORE]: Incorrect key ingame.camera was corrected from null to its default, SimpleCommentedConfig:{}. 
[27Dec2025 08:08:27.651] [modloading-worker-0/WARN] [net.minecraftforge.common.ForgeConfigSpec/CORE]: Incorrect key ingame.camera.camera_mode was corrected from null to its default, WHEN_AIMING. 
[27Dec2025 08:08:27.651] [modloading-worker-0/DEBUG] [net.minecraftforge.common.ForgeConfigSpec/CORE]: The comment on key ingame.camera.camera_mode does not match the spec. This may create a backup.
[27Dec2025 08:08:27.651] [modloading-worker-0/WARN] [net.minecraftforge.common.ForgeConfigSpec/CORE]: Incorrect key ingame.camera.horizontal_location was corrected from null to its default, -5. 
[27Dec2025 08:08:27.651] [modloading-worker-0/DEBUG] [net.minecraftforge.common.ForgeConfigSpec/CORE]: The comment on key ingame.camera.horizontal_location does not match the spec. This may create a backup.
[27Dec2025 08:08:27.651] [modloading-worker-0/WARN] [net.minecraftforge.common.ForgeConfigSpec/CORE]: Incorrect key ingame.camera.vertical_location was corrected from null to its default, 0. 
[27Dec2025 08:08:27.651] [modloading-worker-0/DEBUG] [net.minecraftforge.common.ForgeConfigSpec/CORE]: The comment on key ingame.camera.vertical_location does not match the spec. This may create a backup.
[27Dec2025 08:08:27.651] [modloading-worker-0/WARN] [net.minecraftforge.common.ForgeConfigSpec/CORE]: Incorrect key ingame.camera.zoom was corrected from null to its default, 3. 
[27Dec2025 08:08:27.651] [modloading-worker-0/DEBUG] [net.minecraftforge.common.ForgeConfigSpec/CORE]: The comment on key ingame.camera.zoom does not match the spec. This may create a backup.
[27Dec2025 08:08:27.652] [modloading-worker-0/WARN] [net.minecraftforge.common.ForgeConfigSpec/CORE]: Incorrect key ingame.camera.lock_on_range was corrected from null to its default, 20. 
[27Dec2025 08:08:27.652] [modloading-worker-0/DEBUG] [net.minecraftforge.common.ForgeConfigSpec/CORE]: The comment on key ingame.camera.lock_on_range does not match the spec. This may create a backup.
[27Dec2025 08:08:27.652] [modloading-worker-0/WARN] [net.minecraftforge.common.ForgeConfigSpec/CORE]: Incorrect key ingame.camera.lock_on_quick_shift was corrected from null to its default, true. 
[27Dec2025 08:08:27.652] [modloading-worker-0/WARN] [net.minecraftforge.common.ForgeConfigSpec/CORE]: Incorrect key ingame.key_conflict_resolve_scope was corrected from null to its default, INTERACTION. 
[27Dec2025 08:08:27.652] [modloading-worker-0/DEBUG] [net.minecraftforge.common.ForgeConfigSpec/CORE]: The comment on key ingame.key_conflict_resolve_scope does not match the spec. This may create a backup.
[27Dec2025 08:08:27.652] [modloading-worker-0/WARN] [net.minecraftforge.common.ForgeConfigSpec/CORE]: Incorrect key ingame.preference_work was corrected from null to its default, ADAPTIVE. 
[27Dec2025 08:08:27.652] [modloading-worker-0/DEBUG] [net.minecraftforge.common.ForgeConfigSpec/CORE]: The comment on key ingame.preference_work does not match the spec. This may create a backup.
[27Dec2025 08:08:27.652] [modloading-worker-0/WARN] [net.minecraftforge.common.ForgeConfigSpec/CORE]: Incorrect key ingame.camera_perspective_toggle_mode was corrected from null to its default, VANILLA. 
[27Dec2025 08:08:27.652] [modloading-worker-0/DEBUG] [net.minecraftforge.common.ForgeConfigSpec/CORE]: The comment on key ingame.camera_perspective_toggle_mode does not match the spec. This may create a backup.
[27Dec2025 08:08:27.652] [modloading-worker-0/WARN] [net.minecraftforge.common.ForgeConfigSpec/CORE]: Incorrect key ingame.use_animation_shader was corrected from false to its default, null. 
[27Dec2025 08:08:27.652] [modloading-worker-0/WARN] [net.minecraftforge.common.ForgeConfigSpec/CORE]: Incorrect key ingame.laser_pointer_color was corrected from 0.328125 to its default, null. 
[27Dec2025 08:08:27.652] [modloading-worker-0/WARN] [net.minecraftforge.common.ForgeConfigSpec/CORE]: Incorrect key ingame.enable_laser_pointer was corrected from true to its default, null. 
[27Dec2025 08:08:27.652] [modloading-worker-0/WARN] [net.minecraftforge.common.ForgeConfigSpec/CORE]: Incorrect key ingame.aiming_correction was corrected from true to its default, null. 
[27Dec2025 08:08:27.672] [Worker-Main-4/INFO] [net.minecraft.client.gui.font.providers.UnihexProvider/]: Found unifont_all_no_pua-15.0.06.hex, loading
[27Dec2025 08:08:27.693] [modloading-worker-0/INFO] [epicfight/]: Epic Fight web server connection helper: Initialize
[27Dec2025 08:08:27.703] [modloading-worker-0/INFO] [epicfight/]: Created temporary lib file at: C:\Users\azooz\Desktop\Droppable\run\config\epicfight\native\ServerCommunicationHelper.dll
[27Dec2025 08:08:27.866] [modloading-worker-0/INFO] [epicfight/]: Epic Fight web server connection helper: supported
[27Dec2025 08:08:27.881] [modloading-worker-0/INFO] [epicfight/]: Epic Fight web server status: Initialize
[27Dec2025 08:08:27.918] [modloading-worker-0/INFO] [epicfight/]: Epic Fight web server status: failed because of offline mode
[27Dec2025 08:08:27.928] [modloading-worker-0/DEBUG] [net.minecraftforge.fml.config.ConfigFileTypeHandler/CONFIG]: Built TOML config for C:\Users\azooz\Desktop\Droppable\run\config\forge-client.toml
[27Dec2025 08:08:27.929] [modloading-worker-0/DEBUG] [net.minecraftforge.fml.config.ConfigFileTypeHandler/CONFIG]: Loaded TOML config file C:\Users\azooz\Desktop\Droppable\run\config\forge-client.toml
[27Dec2025 08:08:27.929] [modloading-worker-0/DEBUG] [net.minecraftforge.fml.config.ConfigFileTypeHandler/CONFIG]: Watching TOML config file C:\Users\azooz\Desktop\Droppable\run\config\forge-client.toml for changes
[27Dec2025 08:08:27.929] [modloading-worker-0/DEBUG] [net.minecraftforge.common.ForgeConfig/FORGEMOD]: Loaded forge config file forge-client.toml
[27Dec2025 08:08:27.930] [modloading-worker-0/DEBUG] [net.minecraftforge.fml.config.ConfigTracker/CONFIG]: Loading configs type COMMON
[27Dec2025 08:08:27.930] [modloading-worker-0/DEBUG] [net.minecraftforge.fml.config.ConfigFileTypeHandler/CONFIG]: Built TOML config for C:\Users\azooz\Desktop\Droppable\run\config\epicfight-common.toml
[27Dec2025 08:08:27.931] [modloading-worker-0/DEBUG] [net.minecraftforge.fml.config.ConfigFileTypeHandler/CONFIG]: Loaded TOML config file C:\Users\azooz\Desktop\Droppable\run\config\epicfight-common.toml
[27Dec2025 08:08:27.931] [modloading-worker-0/DEBUG] [net.minecraftforge.fml.config.ConfigFileTypeHandler/CONFIG]: Watching TOML config file C:\Users\azooz\Desktop\Droppable\run\config\epicfight-common.toml for changes
[27Dec2025 08:08:27.931] [modloading-worker-0/WARN] [net.minecraftforge.common.ForgeConfigSpec/CORE]: Configuration file C:\Users\azooz\Desktop\Droppable\run\config\epicfight-common.toml is not correct. Correcting
[27Dec2025 08:08:27.931] [modloading-worker-0/WARN] [net.minecraftforge.common.ForgeConfigSpec/CORE]: Incorrect key default_gamerule.skillReplaceCooldown was corrected from null to its default, 6000. 
[27Dec2025 08:08:27.932] [modloading-worker-0/DEBUG] [net.minecraftforge.common.ForgeConfigSpec/CORE]: The comment on key default_gamerule.skillReplaceCooldown does not match the spec. This may create a backup.
[27Dec2025 08:08:27.944] [Forge Version Check/INFO] [net.minecraftforge.fml.VersionChecker/]: [forge] Starting version check at https://files.minecraftforge.net/net/minecraftforge/forge/promotions_slim.json
[27Dec2025 08:08:28.056] [Render thread/DEBUG] [net.minecraftforge.fml.DeferredWorkQueue/LOADING]: Dispatching synchronous work for work queue COMMON_SETUP: 10 jobs
[27Dec2025 08:08:28.113] [Render thread/DEBUG] [net.minecraftforge.fml.DeferredWorkQueue/LOADING]: Synchronous work queue completed in 57.06 ms
[27Dec2025 08:08:28.148] [Render thread/DEBUG] [net.minecraftforge.fml.DeferredWorkQueue/LOADING]: Dispatching synchronous work for work queue SIDED_SETUP: 5 jobs
[27Dec2025 08:08:28.148] [Render thread/WARN] [epicfight/]: [Computer Shader Acceleration] OpenGL Version: 4.6.0 Core Profile Context 25.12.1.251128
[27Dec2025 08:08:28.148] [Render thread/WARN] [epicfight/]: [Computer Shader Acceleration] Compute Shader: Supported
[27Dec2025 08:08:28.158] [Render thread/DEBUG] [net.minecraftforge.fml.DeferredWorkQueue/LOADING]: Synchronous work queue completed in 10.52 ms
[27Dec2025 08:08:28.465] [Forge Version Check/DEBUG] [net.minecraftforge.fml.VersionChecker/]: [forge] Received version check data:
{
  "homepage": "https://files.minecraftforge.net/net/minecraftforge/forge/",
  "promos": {
    "1.1-latest": "1.3.4.29",
    "1.2.3-latest": "1.4.1.64",
    "1.2.4-latest": "2.0.0.68",
    "1.2.5-latest": "3.4.9.171",
    "1.3.2-latest": "4.3.5.318",
    "1.4.0-latest": "5.0.0.326",
    "1.4.1-latest": "6.0.0.329",
    "1.4.2-latest": "6.0.1.355",
    "1.4.3-latest": "6.2.1.358",
    "1.4.4-latest": "6.3.0.378",
    "1.4.5-latest": "6.4.2.448",
    "1.4.6-latest": "6.5.0.489",
    "1.4.7-latest": "6.6.2.534",
    "1.5-latest": "7.7.0.598",
    "1.5.1-latest": "7.7.2.682",
    "1.5.2-latest": "7.8.1.738",
    "1.5.2-recommended": "7.8.1.738",
    "1.6.1-latest": "8.9.0.775",
    "1.6.2-latest": "9.10.1.871",
    "1.6.2-recommended": "9.10.1.871",
    "1.6.3-latest": "9.11.0.878",
    "1.6.4-latest": "9.11.1.1345",
    "1.6.4-recommended": "9.11.1.1345",
    "1.7.2-latest": "10.12.2.1161",
    "1.7.2-recommended": "10.12.2.1161",
    "1.7.10-latest": "10.13.4.1614",
    "1.7.10-recommended": "10.13.4.1614",
    "1.8-latest": "11.14.4.1577",
    "1.8-recommended": "11.14.4.1563",
    "1.8.8-latest": "11.15.0.1655",
    "1.8.9-latest": "11.15.1.2318",
    "1.8.9-recommended": "11.15.1.2318",
    "1.9-latest": "12.16.1.1938",
    "1.9-recommended": "12.16.1.1887",
    "1.9.4-latest": "12.17.0.2317",
    "1.9.4-recommended": "12.17.0.2317",
    "1.10-latest": "12.18.0.2000",
    "1.10.2-latest": "12.18.3.2511",
    "1.10.2-recommended": "12.18.3.2511",
    "1.11-latest": "13.19.1.2199",
    "1.11-recommended": "13.19.1.2189",
    "1.11.2-latest": "13.20.1.2588",
    "1.11.2-recommended": "13.20.1.2588",
    "1.12-latest": "14.21.1.2443",
    "1.12-recommended": "14.21.1.2387",
    "1.12.1-latest": "14.22.1.2485",
    "1.12.1-recommended": "14.22.1.2478",
    "1.12.2-latest": "14.23.5.2864",
    "1.12.2-recommended": "14.23.5.2859",
    "1.13.2-latest": "25.0.223",
    "1.14.2-latest": "26.0.63",
    "1.14.3-latest": "27.0.60",
    "1.14.4-latest": "28.2.27",
    "1.14.4-recommended": "28.2.26",
    "1.15-latest": "29.0.4",
    "1.15.1-latest": "30.0.51",
    "1.15.2-latest": "31.2.60",
    "1.15.2-recommended": "31.2.57",
    "1.16.1-latest": "32.0.108",
    "1.16.2-latest": "33.0.61",
    "1.16.3-latest": "34.1.42",
    "1.16.3-recommended": "34.1.0",
    "1.16.4-latest": "35.1.37",
    "1.16.4-recommended": "35.1.4",
    "1.16.5-latest": "36.2.42",
    "1.16.5-recommended": "36.2.34",
    "1.17.1-latest": "37.1.1",
    "1.17.1-recommended": "37.1.1",
    "1.18-latest": "38.0.17",
    "1.18.1-latest": "39.1.2",
    "1.18.1-recommended": "39.1.0",
    "1.18.2-recommended": "40.3.0",
    "1.18.2-latest": "40.3.12",
    "1.19-latest": "41.1.0",
    "1.19-recommended": "41.1.0",
    "1.19.1-latest": "42.0.9",
    "1.19.2-recommended": "43.5.0",
    "1.19.2-latest": "43.5.2",
    "1.19.3-latest": "44.1.23",
    "1.19.3-recommended": "44.1.0",
    "1.19.4-recommended": "45.4.0",
    "1.19.4-latest": "45.4.3",
    "1.20-latest": "46.0.14",
    "1.20.1-recommended": "47.4.10",
    "1.20.1-latest": "47.4.13",
    "1.20.2-latest": "48.1.0",
    "1.20.2-recommended": "48.1.0",
    "1.20.3-latest": "49.0.2",
    "1.20.4-latest": "49.2.4",
    "1.20.4-recommended": "49.2.0",
    "1.20.6-latest": "50.2.4",
    "1.20.6-recommended": "50.2.0",
    "1.21-latest": "51.0.33",
    "1.21.1-latest": "52.1.8",
    "1.21.1-recommended": "52.1.0",
    "1.21.3-latest": "53.1.6",
    "1.21.3-recommended": "53.1.0",
    "1.21.4-latest": "54.1.11",
    "1.21.4-recommended": "54.1.0",
    "1.21.5-latest": "55.1.4",
    "1.21.5-recommended": "55.1.0",
    "1.21.6-latest": "56.0.9",
    "1.21.7-latest": "57.0.3",
    "1.21.8-latest": "58.1.11",
    "1.21.8-recommended": "58.1.0",
    "1.21.9-latest": "59.0.5",
    "1.21.10-latest": "60.1.5",
    "1.21.10-recommended": "60.1.0",
    "1.21.11-latest": "61.0.3"
  }
}
[27Dec2025 08:08:28.466] [Forge Version Check/INFO] [net.minecraftforge.fml.VersionChecker/]: [forge] Found status: OUTDATED Current: 47.4.0 Target: 47.4.10
[27Dec2025 08:08:28.937] [modloading-worker-0/DEBUG] [net.minecraftforge.registries.GameData/REGISTRIES]: Freezing registries
[27Dec2025 08:08:28.937] [modloading-worker-0/DEBUG] [net.minecraftforge.registries.ForgeRegistry/REGISTRIES]: Registry minecraft:block Sync: FROZEN -> ACTIVE
[27Dec2025 08:08:28.941] [modloading-worker-0/DEBUG] [net.minecraftforge.registries.ForgeRegistry/REGISTRIES]: Registry minecraft:fluid Sync: FROZEN -> ACTIVE
[27Dec2025 08:08:28.942] [modloading-worker-0/DEBUG] [net.minecraftforge.registries.ForgeRegistry/REGISTRIES]: Registry minecraft:item Sync: FROZEN -> ACTIVE
[27Dec2025 08:08:28.947] [modloading-worker-0/DEBUG] [net.minecraftforge.registries.ForgeRegistry/REGISTRIES]: Registry minecraft:mob_effect Sync: FROZEN -> ACTIVE
[27Dec2025 08:08:28.948] [modloading-worker-0/DEBUG] [net.minecraftforge.registries.ForgeRegistry/REGISTRIES]: Registry minecraft:sound_event Sync: FROZEN -> ACTIVE
[27Dec2025 08:08:28.953] [modloading-worker-0/DEBUG] [net.minecraftforge.registries.ForgeRegistry/REGISTRIES]: Registry minecraft:potion Sync: FROZEN -> ACTIVE
[27Dec2025 08:08:28.953] [modloading-worker-0/DEBUG] [net.minecraftforge.registries.ForgeRegistry/REGISTRIES]: Registry minecraft:enchantment Sync: FROZEN -> ACTIVE
[27Dec2025 08:08:28.953] [modloading-worker-0/DEBUG] [net.minecraftforge.registries.ForgeRegistry/REGISTRIES]: Registry minecraft:entity_type Sync: FROZEN -> ACTIVE
[27Dec2025 08:08:28.955] [modloading-worker-0/DEBUG] [net.minecraftforge.registries.ForgeRegistry/REGISTRIES]: Registry minecraft:block_entity_type Sync: FROZEN -> ACTIVE
[27Dec2025 08:08:28.955] [modloading-worker-0/DEBUG] [net.minecraftforge.registries.ForgeRegistry/REGISTRIES]: Registry minecraft:particle_type Sync: FROZEN -> ACTIVE
[27Dec2025 08:08:28.955] [modloading-worker-0/DEBUG] [net.minecraftforge.registries.ForgeRegistry/REGISTRIES]: Registry minecraft:menu Sync: FROZEN -> ACTIVE
[27Dec2025 08:08:28.956] [modloading-worker-0/DEBUG] [net.minecraftforge.registries.ForgeRegistry/REGISTRIES]: Registry minecraft:painting_variant Sync: FROZEN -> ACTIVE
[27Dec2025 08:08:28.956] [modloading-worker-0/DEBUG] [net.minecraftforge.registries.ForgeRegistry/REGISTRIES]: Registry minecraft:recipe_type Sync: FROZEN -> ACTIVE
[27Dec2025 08:08:28.956] [modloading-worker-0/DEBUG] [net.minecraftforge.registries.ForgeRegistry/REGISTRIES]: Registry minecraft:recipe_serializer Sync: FROZEN -> ACTIVE
[27Dec2025 08:08:28.956] [modloading-worker-0/DEBUG] [net.minecraftforge.registries.ForgeRegistry/REGISTRIES]: Registry minecraft:attribute Sync: FROZEN -> ACTIVE
[27Dec2025 08:08:28.956] [modloading-worker-0/DEBUG] [net.minecraftforge.registries.ForgeRegistry/REGISTRIES]: Registry minecraft:stat_type Sync: FROZEN -> ACTIVE
[27Dec2025 08:08:28.956] [modloading-worker-0/DEBUG] [net.minecraftforge.registries.ForgeRegistry/REGISTRIES]: Registry minecraft:command_argument_type Sync: FROZEN -> ACTIVE
[27Dec2025 08:08:28.956] [modloading-worker-0/DEBUG] [net.minecraftforge.registries.ForgeRegistry/REGISTRIES]: Registry minecraft:villager_profession Sync: FROZEN -> ACTIVE
[27Dec2025 08:08:28.956] [modloading-worker-0/DEBUG] [net.minecraftforge.registries.ForgeRegistry/REGISTRIES]: Registry minecraft:point_of_interest_type Sync: FROZEN -> ACTIVE
[27Dec2025 08:08:28.957] [modloading-worker-0/DEBUG] [net.minecraftforge.registries.ForgeRegistry/REGISTRIES]: Registry minecraft:memory_module_type Sync: FROZEN -> ACTIVE
[27Dec2025 08:08:28.957] [modloading-worker-0/DEBUG] [net.minecraftforge.registries.ForgeRegistry/REGISTRIES]: Registry minecraft:sensor_type Sync: FROZEN -> ACTIVE
[27Dec2025 08:08:28.957] [modloading-worker-0/DEBUG] [net.minecraftforge.registries.ForgeRegistry/REGISTRIES]: Registry minecraft:schedule Sync: FROZEN -> ACTIVE
[27Dec2025 08:08:28.957] [modloading-worker-0/DEBUG] [net.minecraftforge.registries.ForgeRegistry/REGISTRIES]: Registry minecraft:activity Sync: FROZEN -> ACTIVE
[27Dec2025 08:08:28.957] [modloading-worker-0/DEBUG] [net.minecraftforge.registries.ForgeRegistry/REGISTRIES]: Registry minecraft:worldgen/carver Sync: FROZEN -> ACTIVE
[27Dec2025 08:08:28.958] [modloading-worker-0/DEBUG] [net.minecraftforge.registries.ForgeRegistry/REGISTRIES]: Registry minecraft:worldgen/feature Sync: FROZEN -> ACTIVE
[27Dec2025 08:08:28.958] [modloading-worker-0/DEBUG] [net.minecraftforge.registries.ForgeRegistry/REGISTRIES]: Registry minecraft:chunk_status Sync: FROZEN -> ACTIVE
[27Dec2025 08:08:28.958] [modloading-worker-0/DEBUG] [net.minecraftforge.registries.ForgeRegistry/REGISTRIES]: Registry minecraft:worldgen/block_state_provider_type Sync: FROZEN -> ACTIVE
[27Dec2025 08:08:28.958] [modloading-worker-0/DEBUG] [net.minecraftforge.registries.ForgeRegistry/REGISTRIES]: Registry minecraft:worldgen/foliage_placer_type Sync: FROZEN -> ACTIVE
[27Dec2025 08:08:28.958] [modloading-worker-0/DEBUG] [net.minecraftforge.registries.ForgeRegistry/REGISTRIES]: Registry minecraft:worldgen/tree_decorator_type Sync: FROZEN -> ACTIVE
[27Dec2025 08:08:28.958] [modloading-worker-0/DEBUG] [net.minecraftforge.registries.ForgeRegistry/REGISTRIES]: Registry minecraft:worldgen/biome Sync: FROZEN -> ACTIVE
[27Dec2025 08:08:28.958] [modloading-worker-0/DEBUG] [net.minecraftforge.registries.ForgeRegistry/REGISTRIES]: Registry forge:entity_data_serializers Sync: FROZEN -> ACTIVE
[27Dec2025 08:08:28.958] [modloading-worker-0/DEBUG] [net.minecraftforge.registries.ForgeRegistry/REGISTRIES]: Registry forge:global_loot_modifier_serializers Sync: FROZEN -> ACTIVE
[27Dec2025 08:08:28.958] [modloading-worker-0/DEBUG] [net.minecraftforge.registries.ForgeRegistry/REGISTRIES]: Registry forge:biome_modifier_serializers Sync: FROZEN -> ACTIVE
[27Dec2025 08:08:28.958] [modloading-worker-0/DEBUG] [net.minecraftforge.registries.ForgeRegistry/REGISTRIES]: Registry forge:fluid_type Sync: FROZEN -> ACTIVE
[27Dec2025 08:08:28.958] [modloading-worker-0/DEBUG] [net.minecraftforge.registries.ForgeRegistry/REGISTRIES]: Registry forge:structure_modifier_serializers Sync: FROZEN -> ACTIVE
[27Dec2025 08:08:28.958] [modloading-worker-0/DEBUG] [net.minecraftforge.registries.ForgeRegistry/REGISTRIES]: Registry forge:holder_set_type Sync: FROZEN -> ACTIVE
[27Dec2025 08:08:28.959] [modloading-worker-0/DEBUG] [net.minecraftforge.registries.ForgeRegistry/REGISTRIES]: Registry forge:display_contexts Sync: FROZEN -> ACTIVE
[27Dec2025 08:08:28.959] [modloading-worker-0/DEBUG] [net.minecraftforge.registries.ForgeRegistry/REGISTRIES]: Registry epicfight:skill Sync: FROZEN -> ACTIVE
[27Dec2025 08:08:28.959] [modloading-worker-0/DEBUG] [net.minecraftforge.registries.ForgeRegistry/REGISTRIES]: Registry epicfight:conditions Sync: FROZEN -> ACTIVE
[27Dec2025 08:08:28.959] [modloading-worker-0/DEBUG] [net.minecraftforge.registries.ForgeRegistry/REGISTRIES]: Registry epicfight:skill_data_keys Sync: FROZEN -> ACTIVE
[27Dec2025 08:08:28.959] [modloading-worker-0/DEBUG] [net.minecraftforge.registries.ForgeRegistry/REGISTRIES]: Registry epicfight:synched_animation_variable_keys Sync: FROZEN -> ACTIVE
[27Dec2025 08:08:29.408] [modloading-worker-0/INFO] [epicfight/]: Data keys [epicfight:basic_attack_active, epicfight:combo_counter] for epicfight:basic_attack
[27Dec2025 08:08:29.408] [modloading-worker-0/INFO] [epicfight/]: Data keys [epicfight:penalty, epicfight:penalty_restore_counter] for epicfight:guard
[27Dec2025 08:08:29.408] [modloading-worker-0/INFO] [epicfight/]: Data keys [epicfight:parry_motion_counter, epicfight:penalty, epicfight:last_active, epicfight:penalty_restore_counter] for epicfight:parrying
[27Dec2025 08:08:29.408] [modloading-worker-0/INFO] [epicfight/]: Data keys [epicfight:penalty, epicfight:penalty_restore_counter] for epicfight:impact_guard
[27Dec2025 08:08:29.408] [modloading-worker-0/INFO] [epicfight/]: Data keys [epicfight:stacks, epicfight:tick_record, epicfight:resisting_damage_type] for epicfight:adaptive_skin
[27Dec2025 08:08:29.408] [modloading-worker-0/INFO] [epicfight/]: Data keys [epicfight:tick_record] for epicfight:adrenaline_fiend
[27Dec2025 08:08:29.408] [modloading-worker-0/INFO] [epicfight/]: Data keys [epicfight:entity_id, epicfight:stacks] for epicfight:bonebreaker
[27Dec2025 08:08:29.408] [modloading-worker-0/INFO] [epicfight/]: Data keys [epicfight:entity_id, epicfight:tick_record] for epicfight:vengeance
[27Dec2025 08:08:29.408] [modloading-worker-0/INFO] [epicfight/]: Data keys [epicfight:slam_protect_next_fall, epicfight:fall_distance] for epicfight:meteor_slam
[27Dec2025 08:08:29.408] [modloading-worker-0/INFO] [epicfight/]: Data keys [epicfight:stacks] for epicfight:revelation
[27Dec2025 08:08:29.408] [modloading-worker-0/INFO] [epicfight/]: Data keys [epicfight:slam_protect_next_fall] for epicfight:demolition_leap
[27Dec2025 08:08:29.408] [modloading-worker-0/INFO] [epicfight/]: Data keys [epicfight:slam_protect_next_fall, epicfight:jump_key_pressed_last_tick, epicfight:jump_count] for epicfight:phantom_ascent
[27Dec2025 08:08:29.408] [modloading-worker-0/INFO] [epicfight/]: Data keys [epicfight:last_hit_count] for epicfight:grasping_spire
[27Dec2025 08:08:29.408] [modloading-worker-0/INFO] [epicfight/]: Data keys [epicfight:sheath] for epicfight:battojutsu_passive
[27Dec2025 08:08:29.408] [modloading-worker-0/INFO] [epicfight/]: Data keys [epicfight:sheath] for epicfight:battojutsu
[27Dec2025 08:08:29.408] [modloading-worker-0/INFO] [epicfight/]: Data keys [epicfight:combo_counter] for epicfight:blade_rush
[27Dec2025 08:08:29.408] [modloading-worker-0/INFO] [epicfight/]: Data keys [epicfight:thrown_trident_entity_id] for epicfight:everlasting_allegiance
[27Dec2025 08:08:29.409] [modloading-worker-0/DEBUG] [net.minecraftforge.registries.GameData/REGISTRIES]: All registries frozen
[27Dec2025 08:08:29.434] [Render thread/DEBUG] [net.minecraftforge.common.ForgeI18n/CORE]: Loading I18N data entries: 7074
[27Dec2025 08:08:29.448] [Render thread/WARN] [net.minecraft.client.sounds.SoundEngine/]: Missing sound for event: minecraft:item.goat_horn.play
[27Dec2025 08:08:29.449] [Render thread/WARN] [net.minecraft.client.sounds.SoundEngine/]: Missing sound for event: minecraft:entity.goat.screaming.horn_break
[27Dec2025 08:08:29.477] [Render thread/INFO] [com.mojang.blaze3d.audio.Library/]: OpenAL initialized on device OpenAL Soft on Speakers (fifine Microphone)
[27Dec2025 08:08:29.478] [Render thread/INFO] [net.minecraft.client.sounds.SoundEngine/SOUNDS]: Sound engine started
[27Dec2025 08:08:29.570] [Render thread/INFO] [net.minecraft.client.renderer.texture.TextureAtlas/]: Created: 1024x512x4 minecraft:textures/atlas/blocks.png-atlas
[27Dec2025 08:08:29.577] [Render thread/INFO] [net.minecraft.client.renderer.texture.TextureAtlas/]: Created: 256x256x4 minecraft:textures/atlas/signs.png-atlas
[27Dec2025 08:08:29.578] [Render thread/INFO] [net.minecraft.client.renderer.texture.TextureAtlas/]: Created: 512x512x4 minecraft:textures/atlas/shield_patterns.png-atlas
[27Dec2025 08:08:29.578] [Render thread/INFO] [net.minecraft.client.renderer.texture.TextureAtlas/]: Created: 512x512x4 minecraft:textures/atlas/banner_patterns.png-atlas
[27Dec2025 08:08:29.578] [Render thread/INFO] [net.minecraft.client.renderer.texture.TextureAtlas/]: Created: 1024x1024x4 minecraft:textures/atlas/armor_trims.png-atlas
[27Dec2025 08:08:29.580] [Render thread/INFO] [net.minecraft.client.renderer.texture.TextureAtlas/]: Created: 128x64x4 minecraft:textures/atlas/decorated_pot.png-atlas
[27Dec2025 08:08:29.581] [Render thread/INFO] [net.minecraft.client.renderer.texture.TextureAtlas/]: Created: 256x256x4 minecraft:textures/atlas/chest.png-atlas
[27Dec2025 08:08:29.581] [Render thread/INFO] [net.minecraft.client.renderer.texture.TextureAtlas/]: Created: 512x256x4 minecraft:textures/atlas/shulker_boxes.png-atlas
[27Dec2025 08:08:29.581] [Render thread/INFO] [net.minecraft.client.renderer.texture.TextureAtlas/]: Created: 512x256x4 minecraft:textures/atlas/beds.png-atlas
[27Dec2025 08:08:29.642] [Render thread/ERROR] [epicfight/]: Can't load layer file minecraft:animated_layers/player/waveycapes.json for entity.minecraft.player: dev.tr7zw.waveycapes.renderlayers.CustomCapeRenderLayer (This is develop-only message and neglectable if the resource is not belong to you)
[27Dec2025 08:08:29.644] [Render thread/ERROR] [epicfight/]: Can't load layer file minecraft:animated_layers/player/waveycapes.json for entity.minecraft.player: dev.tr7zw.waveycapes.renderlayers.CustomCapeRenderLayer (This is develop-only message and neglectable if the resource is not belong to you)
[27Dec2025 08:08:29.650] [Render thread/ERROR] [epicfight/]: Can't load layer file minecraft:animated_layers/player/waveycapes.json for entity.minecraft.player: dev.tr7zw.waveycapes.renderlayers.CustomCapeRenderLayer (This is develop-only message and neglectable if the resource is not belong to you)
[27Dec2025 08:08:29.713] [Render thread/WARN] [net.minecraft.client.renderer.ShaderInstance/]: Shader rendertype_entity_translucent_emissive could not find sampler named Sampler2 in the specified shader program.
[27Dec2025 08:08:29.868] [Render thread/INFO] [net.minecraft.client.renderer.texture.TextureAtlas/]: Created: 2048x1024x0 minecraft:textures/atlas/particles.png-atlas
[27Dec2025 08:08:29.871] [Render thread/INFO] [net.minecraft.client.renderer.texture.TextureAtlas/]: Created: 256x256x0 minecraft:textures/atlas/paintings.png-atlas
[27Dec2025 08:08:29.871] [Render thread/INFO] [net.minecraft.client.renderer.texture.TextureAtlas/]: Created: 256x128x0 minecraft:textures/atlas/mob_effects.png-atlas
[27Dec2025 08:08:31.211] [Realms Notification Availability checker #1/INFO] [com.mojang.realmsclient.client.RealmsClient/]: Could not authorize you against Realms server: java.lang.RuntimeException: Failed to parse into SignedJWT: 0
[27Dec2025 08:08:32.979] [Render thread/WARN] [net.minecraftforge.common.ForgeHooks/WP]: The following mods have version differences that were not resolved:
epicfight (version 20.12.4 -> 20.14.4)
Things may not work well.
[27Dec2025 08:08:32.990] [Render thread/INFO] [net.minecraftforge.registries.GameData/REGISTRIES]: Injecting existing registry data into this CLIENT instance
[27Dec2025 08:08:33.009] [Render thread/DEBUG] [net.minecraftforge.registries.ForgeRegistry/REGISTRIES]: Registry epicfight:skill: Fixed epicfight:skill id mismatch epicfight:adaptive_skin: 7 (init) -> 8 (map).
[27Dec2025 08:08:33.009] [Render thread/DEBUG] [net.minecraftforge.registries.ForgeRegistry/REGISTRIES]: Registry epicfight:skill: Fixed epicfight:skill id mismatch epicfight:adrenaline_fiend: 8 (init) -> 9 (map).
[27Dec2025 08:08:33.009] [Render thread/INFO] [net.minecraftforge.registries.ForgeRegistry/REGISTRIES]: Registry epicfight:skill: Found a missing id from the world epicfight:air_attack
[27Dec2025 08:08:33.009] [Render thread/DEBUG] [net.minecraftforge.registries.ForgeRegistry/REGISTRIES]: Registry epicfight:skill: Fixed epicfight:skill id mismatch epicfight:battojutsu: 32 (init) -> 33 (map).
[27Dec2025 08:08:33.010] [Render thread/DEBUG] [net.minecraftforge.registries.ForgeRegistry/REGISTRIES]: Registry epicfight:skill: Fixed epicfight:skill id mismatch epicfight:battojutsu_passive: 31 (init) -> 32 (map).
[27Dec2025 08:08:33.010] [Render thread/DEBUG] [net.minecraftforge.registries.ForgeRegistry/REGISTRIES]: Registry epicfight:skill: Fixed epicfight:skill id mismatch epicfight:berserker: 9 (init) -> 10 (map).
[27Dec2025 08:08:33.010] [Render thread/DEBUG] [net.minecraftforge.registries.ForgeRegistry/REGISTRIES]: Registry epicfight:skill: Fixed epicfight:skill id mismatch epicfight:blade_rush: 38 (init) -> 39 (map).
[27Dec2025 08:08:33.010] [Render thread/DEBUG] [net.minecraftforge.registries.ForgeRegistry/REGISTRIES]: Registry epicfight:skill: Fixed epicfight:skill id mismatch epicfight:bonebreaker: 10 (init) -> 11 (map).
[27Dec2025 08:08:33.010] [Render thread/DEBUG] [net.minecraftforge.registries.ForgeRegistry/REGISTRIES]: Registry epicfight:skill: Fixed epicfight:skill id mismatch epicfight:catharsis: 11 (init) -> 12 (map).
[27Dec2025 08:08:33.010] [Render thread/DEBUG] [net.minecraftforge.registries.ForgeRegistry/REGISTRIES]: Registry epicfight:skill: Fixed epicfight:skill id mismatch epicfight:dancing_edge: 26 (init) -> 27 (map).
[27Dec2025 08:08:33.010] [Render thread/DEBUG] [net.minecraftforge.registries.ForgeRegistry/REGISTRIES]: Registry epicfight:skill: Fixed epicfight:skill id mismatch epicfight:death_harvest: 12 (init) -> 13 (map).
[27Dec2025 08:08:33.010] [Render thread/DEBUG] [net.minecraftforge.registries.ForgeRegistry/REGISTRIES]: Registry epicfight:skill: Fixed epicfight:skill id mismatch epicfight:demolition_leap: 23 (init) -> 24 (map).
[27Dec2025 08:08:33.010] [Render thread/DEBUG] [net.minecraftforge.registries.ForgeRegistry/REGISTRIES]: Registry epicfight:skill: Fixed epicfight:skill id mismatch epicfight:emergency_escape: 13 (init) -> 14 (map).
[27Dec2025 08:08:33.010] [Render thread/DEBUG] [net.minecraftforge.registries.ForgeRegistry/REGISTRIES]: Registry epicfight:skill: Fixed epicfight:skill id mismatch epicfight:endurance: 14 (init) -> 15 (map).
[27Dec2025 08:08:33.010] [Render thread/DEBUG] [net.minecraftforge.registries.ForgeRegistry/REGISTRIES]: Registry epicfight:skill: Fixed epicfight:skill id mismatch epicfight:everlasting_allegiance: 41 (init) -> 42 (map).
[27Dec2025 08:08:33.010] [Render thread/DEBUG] [net.minecraftforge.registries.ForgeRegistry/REGISTRIES]: Registry epicfight:skill: Fixed epicfight:skill id mismatch epicfight:eviscerate: 37 (init) -> 38 (map).
[27Dec2025 08:08:33.010] [Render thread/DEBUG] [net.minecraftforge.registries.ForgeRegistry/REGISTRIES]: Registry epicfight:skill: Fixed epicfight:skill id mismatch epicfight:forbidden_strength: 15 (init) -> 16 (map).
[27Dec2025 08:08:33.010] [Render thread/DEBUG] [net.minecraftforge.registries.ForgeRegistry/REGISTRIES]: Registry epicfight:skill: Fixed epicfight:skill id mismatch epicfight:grasping_spire: 28 (init) -> 29 (map).
[27Dec2025 08:08:33.010] [Render thread/DEBUG] [net.minecraftforge.registries.ForgeRegistry/REGISTRIES]: Registry epicfight:skill: Fixed epicfight:skill id mismatch epicfight:guard: 4 (init) -> 5 (map).
[27Dec2025 08:08:33.010] [Render thread/DEBUG] [net.minecraftforge.registries.ForgeRegistry/REGISTRIES]: Registry epicfight:skill: Fixed epicfight:skill id mismatch epicfight:heartpiercer: 29 (init) -> 30 (map).
[27Dec2025 08:08:33.010] [Render thread/DEBUG] [net.minecraftforge.registries.ForgeRegistry/REGISTRIES]: Registry epicfight:skill: Fixed epicfight:skill id mismatch epicfight:hypervitality: 16 (init) -> 17 (map).
[27Dec2025 08:08:33.010] [Render thread/DEBUG] [net.minecraftforge.registries.ForgeRegistry/REGISTRIES]: Registry epicfight:skill: Fixed epicfight:skill id mismatch epicfight:impact_guard: 6 (init) -> 7 (map).
[27Dec2025 08:08:33.010] [Render thread/DEBUG] [net.minecraftforge.registries.ForgeRegistry/REGISTRIES]: Registry epicfight:skill: Fixed epicfight:skill id mismatch epicfight:knockdown_wakeup: 3 (init) -> 4 (map).
[27Dec2025 08:08:33.010] [Render thread/DEBUG] [net.minecraftforge.registries.ForgeRegistry/REGISTRIES]: Registry epicfight:skill: Fixed epicfight:skill id mismatch epicfight:liechtenauer: 36 (init) -> 37 (map).
[27Dec2025 08:08:33.010] [Render thread/DEBUG] [net.minecraftforge.registries.ForgeRegistry/REGISTRIES]: Registry epicfight:skill: Fixed epicfight:skill id mismatch epicfight:meteor_slam: 21 (init) -> 22 (map).
[27Dec2025 08:08:33.010] [Render thread/DEBUG] [net.minecraftforge.registries.ForgeRegistry/REGISTRIES]: Registry epicfight:skill: Fixed epicfight:skill id mismatch epicfight:parrying: 5 (init) -> 6 (map).
[27Dec2025 08:08:33.010] [Render thread/DEBUG] [net.minecraftforge.registries.ForgeRegistry/REGISTRIES]: Registry epicfight:skill: Fixed epicfight:skill id mismatch epicfight:phantom_ascent: 24 (init) -> 25 (map).
[27Dec2025 08:08:33.010] [Render thread/DEBUG] [net.minecraftforge.registries.ForgeRegistry/REGISTRIES]: Registry epicfight:skill: Fixed epicfight:skill id mismatch epicfight:relentless_combo: 34 (init) -> 35 (map).
[27Dec2025 08:08:33.010] [Render thread/DEBUG] [net.minecraftforge.registries.ForgeRegistry/REGISTRIES]: Registry epicfight:skill: Fixed epicfight:skill id mismatch epicfight:revelation: 22 (init) -> 23 (map).
[27Dec2025 08:08:33.010] [Render thread/DEBUG] [net.minecraftforge.registries.ForgeRegistry/REGISTRIES]: Registry epicfight:skill: Fixed epicfight:skill id mismatch epicfight:roll: 1 (init) -> 2 (map).
[27Dec2025 08:08:33.010] [Render thread/DEBUG] [net.minecraftforge.registries.ForgeRegistry/REGISTRIES]: Registry epicfight:skill: Fixed epicfight:skill id mismatch epicfight:rushing_tempo: 33 (init) -> 34 (map).
[27Dec2025 08:08:33.010] [Render thread/DEBUG] [net.minecraftforge.registries.ForgeRegistry/REGISTRIES]: Registry epicfight:skill: Fixed epicfight:skill id mismatch epicfight:sharp_stab: 35 (init) -> 36 (map).
[27Dec2025 08:08:33.010] [Render thread/DEBUG] [net.minecraftforge.registries.ForgeRegistry/REGISTRIES]: Registry epicfight:skill: Fixed epicfight:skill id mismatch epicfight:stamina_pillager: 17 (init) -> 18 (map).
[27Dec2025 08:08:33.010] [Render thread/DEBUG] [net.minecraftforge.registries.ForgeRegistry/REGISTRIES]: Registry epicfight:skill: Fixed epicfight:skill id mismatch epicfight:steel_whirlwind: 30 (init) -> 31 (map).
[27Dec2025 08:08:33.010] [Render thread/DEBUG] [net.minecraftforge.registries.ForgeRegistry/REGISTRIES]: Registry epicfight:skill: Fixed epicfight:skill id mismatch epicfight:step: 2 (init) -> 3 (map).
[27Dec2025 08:08:33.010] [Render thread/DEBUG] [net.minecraftforge.registries.ForgeRegistry/REGISTRIES]: Registry epicfight:skill: Fixed epicfight:skill id mismatch epicfight:sweeping_edge: 25 (init) -> 26 (map).
[27Dec2025 08:08:33.010] [Render thread/DEBUG] [net.minecraftforge.registries.ForgeRegistry/REGISTRIES]: Registry epicfight:skill: Fixed epicfight:skill id mismatch epicfight:swordmaster: 18 (init) -> 19 (map).
[27Dec2025 08:08:33.010] [Render thread/DEBUG] [net.minecraftforge.registries.ForgeRegistry/REGISTRIES]: Registry epicfight:skill: Fixed epicfight:skill id mismatch epicfight:technician: 19 (init) -> 20 (map).
[27Dec2025 08:08:33.010] [Render thread/DEBUG] [net.minecraftforge.registries.ForgeRegistry/REGISTRIES]: Registry epicfight:skill: Fixed epicfight:skill id mismatch epicfight:the_guillotine: 27 (init) -> 28 (map).
[27Dec2025 08:08:33.010] [Render thread/DEBUG] [net.minecraftforge.registries.ForgeRegistry/REGISTRIES]: Registry epicfight:skill: Fixed epicfight:skill id mismatch epicfight:tsunami: 40 (init) -> 41 (map).
[27Dec2025 08:08:33.010] [Render thread/DEBUG] [net.minecraftforge.registries.ForgeRegistry/REGISTRIES]: Registry epicfight:skill: Fixed epicfight:skill id mismatch epicfight:vengeance: 20 (init) -> 21 (map).
[27Dec2025 08:08:33.010] [Render thread/DEBUG] [net.minecraftforge.registries.ForgeRegistry/REGISTRIES]: Registry epicfight:skill: Fixed epicfight:skill id mismatch epicfight:wrathful_lighting: 39 (init) -> 40 (map).
[27Dec2025 08:08:33.015] [Render thread/DEBUG] [net.minecraftforge.registries.GameData/REGISTRIES]: There are 1 mappings missing - attempting a mod remap
[27Dec2025 08:08:33.019] [Render thread/ERROR] [net.minecraftforge.registries.GameData/REGISTRIES]: Unidentified mapping from registry epicfight:skill
	epicfight:air_attack: 1

[27Dec2025 08:08:33.020] [Render thread/DEBUG] [net.minecraftforge.registries.ForgeRegistry/REGISTRIES]: Processing missing event for epicfight:skill:
[27Dec2025 08:08:33.020] [Render thread/WARN] [net.minecraftforge.registries.GameData/REGISTRIES]: Forge Mod Loader detected missing registry entries.

There are 1 missing entries in this save.
If you continue the missing entries will get removed.
A world backup will be automatically created in your saves directory.


[27Dec2025 08:08:33.020] [Render thread/WARN] [net.minecraftforge.registries.GameData/REGISTRIES]: Missing epicfight:skill:
    epicfight:air_attack


[27Dec2025 08:08:33.020] [Render thread/ERROR] [net.minecraftforge.registries.GameData/REGISTRIES]: There are unidentified mappings in this world - we are going to attempt to process anyway
[27Dec2025 08:08:33.028] [Render thread/DEBUG] [net.minecraftforge.registries.ForgeRegistry/REGISTRIES]: Registry minecraft:block Sync: ACTIVE -> STAGING
[27Dec2025 08:08:33.031] [Render thread/DEBUG] [net.minecraftforge.registries.ForgeRegistry/REGISTRIES]: Registry minecraft:fluid Sync: ACTIVE -> STAGING
[27Dec2025 08:08:33.031] [Render thread/DEBUG] [net.minecraftforge.registries.ForgeRegistry/REGISTRIES]: Registry minecraft:item Sync: ACTIVE -> STAGING
[27Dec2025 08:08:33.035] [Render thread/DEBUG] [net.minecraftforge.registries.ForgeRegistry/REGISTRIES]: Registry minecraft:mob_effect Sync: ACTIVE -> STAGING
[27Dec2025 08:08:33.035] [Render thread/DEBUG] [net.minecraftforge.registries.ForgeRegistry/REGISTRIES]: Registry minecraft:sound_event Sync: ACTIVE -> STAGING
[27Dec2025 08:08:33.038] [Render thread/DEBUG] [net.minecraftforge.registries.ForgeRegistry/REGISTRIES]: Registry minecraft:potion Sync: ACTIVE -> STAGING
[27Dec2025 08:08:33.039] [Render thread/DEBUG] [net.minecraftforge.registries.ForgeRegistry/REGISTRIES]: Registry minecraft:enchantment Sync: ACTIVE -> STAGING
[27Dec2025 08:08:33.039] [Render thread/DEBUG] [net.minecraftforge.registries.ForgeRegistry/REGISTRIES]: Registry minecraft:entity_type Sync: ACTIVE -> STAGING
[27Dec2025 08:08:33.039] [Render thread/DEBUG] [net.minecraftforge.registries.ForgeRegistry/REGISTRIES]: Registry minecraft:block_entity_type Sync: ACTIVE -> STAGING
[27Dec2025 08:08:33.039] [Render thread/DEBUG] [net.minecraftforge.registries.ForgeRegistry/REGISTRIES]: Registry minecraft:particle_type Sync: ACTIVE -> STAGING
[27Dec2025 08:08:33.039] [Render thread/DEBUG] [net.minecraftforge.registries.ForgeRegistry/REGISTRIES]: Registry minecraft:menu Sync: ACTIVE -> STAGING
[27Dec2025 08:08:33.039] [Render thread/DEBUG] [net.minecraftforge.registries.ForgeRegistry/REGISTRIES]: Registry minecraft:painting_variant Sync: ACTIVE -> STAGING
[27Dec2025 08:08:33.039] [Render thread/DEBUG] [net.minecraftforge.registries.ForgeRegistry/REGISTRIES]: Registry minecraft:recipe_type Sync: ACTIVE -> STAGING
[27Dec2025 08:08:33.041] [Render thread/DEBUG] [net.minecraftforge.registries.ForgeRegistry/REGISTRIES]: Registry minecraft:recipe_serializer Sync: ACTIVE -> STAGING
[27Dec2025 08:08:33.041] [Render thread/DEBUG] [net.minecraftforge.registries.ForgeRegistry/REGISTRIES]: Registry minecraft:attribute Sync: ACTIVE -> STAGING
[27Dec2025 08:08:33.041] [Render thread/DEBUG] [net.minecraftforge.registries.ForgeRegistry/REGISTRIES]: Registry minecraft:stat_type Sync: ACTIVE -> STAGING
[27Dec2025 08:08:33.041] [Render thread/DEBUG] [net.minecraftforge.registries.ForgeRegistry/REGISTRIES]: Registry minecraft:command_argument_type Sync: ACTIVE -> STAGING
[27Dec2025 08:08:33.041] [Render thread/DEBUG] [net.minecraftforge.registries.ForgeRegistry/REGISTRIES]: Registry minecraft:villager_profession Sync: ACTIVE -> STAGING
[27Dec2025 08:08:33.041] [Render thread/DEBUG] [net.minecraftforge.registries.ForgeRegistry/REGISTRIES]: Registry minecraft:point_of_interest_type Sync: ACTIVE -> STAGING
[27Dec2025 08:08:33.042] [Render thread/DEBUG] [net.minecraftforge.registries.ForgeRegistry/REGISTRIES]: Registry minecraft:memory_module_type Sync: ACTIVE -> STAGING
[27Dec2025 08:08:33.042] [Render thread/DEBUG] [net.minecraftforge.registries.ForgeRegistry/REGISTRIES]: Registry minecraft:sensor_type Sync: ACTIVE -> STAGING
[27Dec2025 08:08:33.042] [Render thread/DEBUG] [net.minecraftforge.registries.ForgeRegistry/REGISTRIES]: Registry minecraft:schedule Sync: ACTIVE -> STAGING
[27Dec2025 08:08:33.042] [Render thread/DEBUG] [net.minecraftforge.registries.ForgeRegistry/REGISTRIES]: Registry minecraft:activity Sync: ACTIVE -> STAGING
[27Dec2025 08:08:33.042] [Render thread/DEBUG] [net.minecraftforge.registries.ForgeRegistry/REGISTRIES]: Registry minecraft:worldgen/carver Sync: ACTIVE -> STAGING
[27Dec2025 08:08:33.042] [Render thread/DEBUG] [net.minecraftforge.registries.ForgeRegistry/REGISTRIES]: Registry minecraft:worldgen/feature Sync: ACTIVE -> STAGING
[27Dec2025 08:08:33.042] [Render thread/DEBUG] [net.minecraftforge.registries.ForgeRegistry/REGISTRIES]: Registry minecraft:chunk_status Sync: ACTIVE -> STAGING
[27Dec2025 08:08:33.042] [Render thread/DEBUG] [net.minecraftforge.registries.ForgeRegistry/REGISTRIES]: Registry minecraft:worldgen/block_state_provider_type Sync: ACTIVE -> STAGING
[27Dec2025 08:08:33.042] [Render thread/DEBUG] [net.minecraftforge.registries.ForgeRegistry/REGISTRIES]: Registry minecraft:worldgen/foliage_placer_type Sync: ACTIVE -> STAGING
[27Dec2025 08:08:33.042] [Render thread/DEBUG] [net.minecraftforge.registries.ForgeRegistry/REGISTRIES]: Registry minecraft:worldgen/tree_decorator_type Sync: ACTIVE -> STAGING
[27Dec2025 08:08:33.042] [Render thread/DEBUG] [net.minecraftforge.registries.ForgeRegistry/REGISTRIES]: Registry minecraft:worldgen/biome Sync: ACTIVE -> STAGING
[27Dec2025 08:08:33.042] [Render thread/DEBUG] [net.minecraftforge.registries.ForgeRegistry/REGISTRIES]: Registry forge:entity_data_serializers Sync: ACTIVE -> STAGING
[27Dec2025 08:08:33.042] [Render thread/DEBUG] [net.minecraftforge.registries.ForgeRegistry/REGISTRIES]: Registry forge:global_loot_modifier_serializers Sync: ACTIVE -> STAGING
[27Dec2025 08:08:33.042] [Render thread/DEBUG] [net.minecraftforge.registries.ForgeRegistry/REGISTRIES]: Registry forge:biome_modifier_serializers Sync: ACTIVE -> STAGING
[27Dec2025 08:08:33.043] [Render thread/DEBUG] [net.minecraftforge.registries.ForgeRegistry/REGISTRIES]: Registry forge:fluid_type Sync: ACTIVE -> STAGING
[27Dec2025 08:08:33.043] [Render thread/DEBUG] [net.minecraftforge.registries.ForgeRegistry/REGISTRIES]: Registry forge:structure_modifier_serializers Sync: ACTIVE -> STAGING
[27Dec2025 08:08:33.043] [Render thread/DEBUG] [net.minecraftforge.registries.ForgeRegistry/REGISTRIES]: Registry forge:holder_set_type Sync: ACTIVE -> STAGING
[27Dec2025 08:08:33.043] [Render thread/DEBUG] [net.minecraftforge.registries.ForgeRegistry/REGISTRIES]: Registry forge:display_contexts Sync: ACTIVE -> STAGING
[27Dec2025 08:08:33.043] [Render thread/DEBUG] [net.minecraftforge.registries.ForgeRegistry/REGISTRIES]: Registry epicfight:skill Sync: ACTIVE -> STAGING
[27Dec2025 08:08:33.043] [Render thread/DEBUG] [net.minecraftforge.registries.ForgeRegistry/REGISTRIES]: Registry epicfight:conditions Sync: ACTIVE -> STAGING
[27Dec2025 08:08:33.043] [Render thread/DEBUG] [net.minecraftforge.registries.ForgeRegistry/REGISTRIES]: Registry epicfight:skill_data_keys Sync: ACTIVE -> STAGING
[27Dec2025 08:08:33.043] [Render thread/DEBUG] [net.minecraftforge.registries.ForgeRegistry/REGISTRIES]: Registry epicfight:synched_animation_variable_keys Sync: ACTIVE -> STAGING
[27Dec2025 08:08:33.287] [Render thread/INFO] [epicfight/]: Data keys [epicfight:basic_attack_active, epicfight:combo_counter] for epicfight:basic_attack
[27Dec2025 08:08:33.287] [Render thread/INFO] [epicfight/]: Data keys [epicfight:penalty, epicfight:penalty_restore_counter] for epicfight:guard
[27Dec2025 08:08:33.287] [Render thread/INFO] [epicfight/]: Data keys [epicfight:parry_motion_counter, epicfight:penalty, epicfight:last_active, epicfight:penalty_restore_counter] for epicfight:parrying
[27Dec2025 08:08:33.287] [Render thread/INFO] [epicfight/]: Data keys [epicfight:penalty, epicfight:penalty_restore_counter] for epicfight:impact_guard
[27Dec2025 08:08:33.287] [Render thread/INFO] [epicfight/]: Data keys [epicfight:stacks, epicfight:tick_record, epicfight:resisting_damage_type] for epicfight:adaptive_skin
[27Dec2025 08:08:33.287] [Render thread/INFO] [epicfight/]: Data keys [epicfight:tick_record] for epicfight:adrenaline_fiend
[27Dec2025 08:08:33.287] [Render thread/INFO] [epicfight/]: Data keys [epicfight:entity_id, epicfight:stacks] for epicfight:bonebreaker
[27Dec2025 08:08:33.287] [Render thread/INFO] [epicfight/]: Data keys [epicfight:entity_id, epicfight:tick_record] for epicfight:vengeance
[27Dec2025 08:08:33.287] [Render thread/INFO] [epicfight/]: Data keys [epicfight:slam_protect_next_fall, epicfight:fall_distance] for epicfight:meteor_slam
[27Dec2025 08:08:33.287] [Render thread/INFO] [epicfight/]: Data keys [epicfight:stacks] for epicfight:revelation
[27Dec2025 08:08:33.287] [Render thread/INFO] [epicfight/]: Data keys [epicfight:slam_protect_next_fall] for epicfight:demolition_leap
[27Dec2025 08:08:33.287] [Render thread/INFO] [epicfight/]: Data keys [epicfight:slam_protect_next_fall, epicfight:jump_key_pressed_last_tick, epicfight:jump_count] for epicfight:phantom_ascent
[27Dec2025 08:08:33.287] [Render thread/INFO] [epicfight/]: Data keys [epicfight:last_hit_count] for epicfight:grasping_spire
[27Dec2025 08:08:33.287] [Render thread/INFO] [epicfight/]: Data keys [epicfight:sheath] for epicfight:battojutsu_passive
[27Dec2025 08:08:33.287] [Render thread/INFO] [epicfight/]: Data keys [epicfight:sheath] for epicfight:battojutsu
[27Dec2025 08:08:33.287] [Render thread/INFO] [epicfight/]: Data keys [epicfight:combo_counter] for epicfight:blade_rush
[27Dec2025 08:08:33.288] [Render thread/INFO] [epicfight/]: Data keys [epicfight:thrown_trident_entity_id] for epicfight:everlasting_allegiance
[27Dec2025 08:08:33.288] [Render thread/DEBUG] [net.minecraftforge.registries.ObjectHolderRegistry/REGISTRIES]: Applying holder lookups
[27Dec2025 08:08:33.292] [Render thread/DEBUG] [net.minecraftforge.registries.ObjectHolderRegistry/REGISTRIES]: Holder lookups applied
[27Dec2025 08:08:33.306] [Render thread/DEBUG] [net.minecraftforge.server.ServerLifecycleHooks/CORE]: Generating PackInfo named mod:forge for mod file /
[27Dec2025 08:08:33.306] [Render thread/DEBUG] [net.minecraftforge.server.ServerLifecycleHooks/CORE]: Generating PackInfo named mod:skinrestorer for mod file C:\Users\azooz\.gradle\caches\forge_gradle\deobf_dependencies\curse\maven\skinrestorer-443823\6015917_mapped_official_1.20.1\skinrestorer-443823-6015917_mapped_official_1.20.1.jar
[27Dec2025 08:08:33.306] [Render thread/DEBUG] [net.minecraftforge.server.ServerLifecycleHooks/CORE]: Generating PackInfo named mod:epicfight for mod file C:\Users\azooz\.gradle\caches\forge_gradle\deobf_dependencies\curse\maven\epic-fight-mod-405076\7345468_mapped_official_1.20.1\epic-fight-mod-405076-7345468_mapped_official_1.20.1.jar
[27Dec2025 08:08:33.307] [Render thread/DEBUG] [net.minecraftforge.server.ServerLifecycleHooks/CORE]: Generating PackInfo named mod:droppable for mod file C:\Users\azooz\Desktop\Droppable\build\resources\main
[27Dec2025 08:08:33.710] [Render thread/DEBUG] [net.minecraftforge.coremod.transformer.CoreModBaseTransformer/COREMOD]: Transforming net/minecraft/server/commands/SummonCommand
[27Dec2025 08:08:33.881] [Worker-Main-9/DEBUG] [net.minecraftforge.coremod.transformer.CoreModBaseTransformer/COREMOD]: Transforming net/minecraft/world/entity/raid/Raid
[27Dec2025 08:08:34.036] [Render thread/INFO] [net.minecraft.world.item.crafting.RecipeManager/]: Loaded 7 recipes
[27Dec2025 08:08:34.097] [Render thread/INFO] [net.minecraft.advancements.AdvancementList/]: Loaded 1271 advancements
[27Dec2025 08:08:34.373] [Render thread/DEBUG] [net.minecraftforge.common.ForgeHooks/WP]: Gathering id map for writing to world save New World
[27Dec2025 08:08:34.383] [Render thread/DEBUG] [net.minecraftforge.common.ForgeHooks/WP]: ID Map collection complete New World
[27Dec2025 08:08:34.411] [Server thread/INFO] [net.minecraft.client.server.IntegratedServer/]: Starting integrated minecraft server version 1.20.1
[27Dec2025 08:08:34.411] [Server thread/INFO] [net.minecraft.server.MinecraftServer/]: Generating keypair
[27Dec2025 08:08:34.471] [Server thread/DEBUG] [net.minecraftforge.fml.config.ConfigTracker/CONFIG]: Loading configs type SERVER
[27Dec2025 08:08:34.471] [Server thread/DEBUG] [net.minecraftforge.fml.config.ConfigFileTypeHandler/CONFIG]: Built TOML config for .\saves\New World (2)\serverconfig\forge-server.toml
[27Dec2025 08:08:34.472] [Server thread/DEBUG] [net.minecraftforge.fml.config.ConfigFileTypeHandler/CONFIG]: Loaded TOML config file .\saves\New World (2)\serverconfig\forge-server.toml
[27Dec2025 08:08:34.472] [Server thread/DEBUG] [net.minecraftforge.fml.config.ConfigFileTypeHandler/CONFIG]: Watching TOML config file .\saves\New World (2)\serverconfig\forge-server.toml for changes
[27Dec2025 08:08:34.473] [Server thread/DEBUG] [net.minecraftforge.common.ForgeConfig/FORGEMOD]: Loaded forge config file forge-server.toml
[27Dec2025 08:08:34.493] [Server thread/DEBUG] [net.minecraftforge.coremod.transformer.CoreModBaseTransformer/COREMOD]: Transforming net/minecraft/world/level/levelgen/PhantomSpawner
[27Dec2025 08:08:34.496] [Server thread/DEBUG] [net.minecraftforge.coremod.transformer.CoreModBaseTransformer/COREMOD]: Transforming net/minecraft/world/level/levelgen/PatrolSpawner
[27Dec2025 08:08:34.498] [Server thread/DEBUG] [net.minecraftforge.coremod.transformer.CoreModBaseTransformer/COREMOD]: Transforming net/minecraft/world/entity/npc/CatSpawner
[27Dec2025 08:08:34.501] [Server thread/DEBUG] [net.minecraftforge.coremod.transformer.CoreModBaseTransformer/COREMOD]: Transforming net/minecraft/world/entity/ai/village/VillageSiege
[27Dec2025 08:08:34.510] [Server thread/DEBUG] [mixin/]: Mixing common.MixinDamageSources from mixins.epicfight.json into net.minecraft.world.damagesource.DamageSources
[27Dec2025 08:08:34.554] [Server thread/DEBUG] [mixin/]: Mixing ChunkMapAccessor from skinrestorer.mixins.json into net.minecraft.server.level.ChunkMap
[27Dec2025 08:08:34.554] [Server thread/DEBUG] [mixin/]: skinrestorer.mixins.json:ChunkMapAccessor: Class version 61 required is higher than the class version supported by the current version of Mixin (JAVA_8 supports class version 52)
[27Dec2025 08:08:35.311] [Server thread/INFO] [net.minecraft.server.MinecraftServer/]: Preparing start region for dimension minecraft:overworld
[27Dec2025 08:08:36.530] [Render thread/INFO] [net.minecraft.server.level.progress.LoggerChunkProgressListener/]: Preparing spawn area: 0%
[27Dec2025 08:08:36.530] [Render thread/INFO] [net.minecraft.server.level.progress.LoggerChunkProgressListener/]: Preparing spawn area: 0%
[27Dec2025 08:08:36.530] [Render thread/INFO] [net.minecraft.server.level.progress.LoggerChunkProgressListener/]: Preparing spawn area: 0%
[27Dec2025 08:08:36.816] [Server thread/DEBUG] [io.netty.buffer.AbstractByteBuf/]: -Dio.netty.buffer.checkAccessible: true
[27Dec2025 08:08:36.816] [Server thread/DEBUG] [io.netty.buffer.AbstractByteBuf/]: -Dio.netty.buffer.checkBounds: true
[27Dec2025 08:08:36.816] [Server thread/DEBUG] [io.netty.util.ResourceLeakDetectorFactory/]: Loaded default ResourceLeakDetector: io.netty.util.ResourceLeakDetector@f0ef1da
[27Dec2025 08:08:36.830] [Render thread/INFO] [net.minecraft.server.level.progress.LoggerChunkProgressListener/]: Preparing spawn area: 13%
[27Dec2025 08:08:36.869] [Worker-Main-11/DEBUG] [net.minecraftforge.coremod.transformer.CoreModBaseTransformer/COREMOD]: Transforming net/minecraft/world/level/levelgen/structure/templatesystem/StructureTemplate
[27Dec2025 08:08:37.370] [Render thread/INFO] [net.minecraft.server.level.progress.LoggerChunkProgressListener/]: Preparing spawn area: 74%
[27Dec2025 08:08:37.643] [Server thread/INFO] [net.minecraftforge.server.permission.PermissionAPI/]: Successfully initialized permission handler forge:default_handler
[27Dec2025 08:08:37.650] [Render thread/INFO] [net.minecraft.server.level.progress.LoggerChunkProgressListener/]: Time elapsed: 2324 ms
[27Dec2025 08:08:37.701] [Server thread/DEBUG] [net.minecraftforge.coremod.transformer.CoreModBaseTransformer/COREMOD]: Transforming net/minecraft/world/level/NaturalSpawner
[27Dec2025 08:08:37.721] [Server thread/DEBUG] [mixin/]: Mixing TrackedEntityAccessorInvoker from skinrestorer.mixins.json into net.minecraft.server.level.ChunkMap$TrackedEntity
[27Dec2025 08:08:37.722] [Server thread/DEBUG] [mixin/]: skinrestorer.mixins.json:TrackedEntityAccessorInvoker: Class version 61 required is higher than the class version supported by the current version of Mixin (JAVA_8 supports class version 52)
[27Dec2025 08:08:37.738] [Server thread/INFO] [net.minecraft.client.server.IntegratedServer/]: Changing view distance to 12, from 10
[27Dec2025 08:08:37.740] [Server thread/INFO] [net.minecraft.client.server.IntegratedServer/]: Changing simulation distance to 12, from 0
[27Dec2025 08:08:37.762] [Render thread/DEBUG] [io.netty.channel.MultithreadEventLoopGroup/]: -Dio.netty.eventLoopThreads: 24
[27Dec2025 08:08:37.773] [Render thread/DEBUG] [io.netty.util.internal.InternalThreadLocalMap/]: -Dio.netty.threadLocalMap.stringBuilder.initialSize: 1024
[27Dec2025 08:08:37.773] [Render thread/DEBUG] [io.netty.util.internal.InternalThreadLocalMap/]: -Dio.netty.threadLocalMap.stringBuilder.maxSize: 4096
[27Dec2025 08:08:37.778] [Render thread/DEBUG] [io.netty.channel.nio.NioEventLoop/]: -Dio.netty.noKeySetOptimization: false
[27Dec2025 08:08:37.778] [Render thread/DEBUG] [io.netty.channel.nio.NioEventLoop/]: -Dio.netty.selectorAutoRebuildThreshold: 512
[27Dec2025 08:08:37.785] [Render thread/DEBUG] [io.netty.util.internal.PlatformDependent/]: org.jctools-core.MpscChunkedArrayQueue: available
[27Dec2025 08:08:37.813] [Render thread/DEBUG] [io.netty.channel.DefaultChannelId/]: -Dio.netty.processId: 25872 (auto-detected)
[27Dec2025 08:08:37.814] [Render thread/WARN] [io.netty.util.internal.SystemPropertyUtil/]: Unable to parse the boolean system property 'java.net.preferIPv6Addresses':system - using the default value: false
[27Dec2025 08:08:37.815] [Render thread/DEBUG] [io.netty.util.NetUtil/]: -Djava.net.preferIPv4Stack: false
[27Dec2025 08:08:37.815] [Render thread/DEBUG] [io.netty.util.NetUtil/]: -Djava.net.preferIPv6Addresses: false
[27Dec2025 08:08:37.821] [Render thread/DEBUG] [io.netty.util.NetUtilInitializations/]: Loopback interface: lo (Software Loopback Interface 1, 127.0.0.1)
[27Dec2025 08:08:37.823] [Render thread/DEBUG] [io.netty.util.NetUtil/]: Failed to get SOMAXCONN from sysctl and file \proc\sys\net\core\somaxconn. Default: 200
[27Dec2025 08:08:37.832] [Render thread/DEBUG] [io.netty.channel.DefaultChannelId/]: -Dio.netty.machineId: 00:00:00:00:00:00:00:e0 (auto-detected)
[27Dec2025 08:08:37.847] [Render thread/DEBUG] [io.netty.buffer.PooledByteBufAllocator/]: -Dio.netty.allocator.numHeapArenas: 24
[27Dec2025 08:08:37.847] [Render thread/DEBUG] [io.netty.buffer.PooledByteBufAllocator/]: -Dio.netty.allocator.numDirectArenas: 24
[27Dec2025 08:08:37.847] [Render thread/DEBUG] [io.netty.buffer.PooledByteBufAllocator/]: -Dio.netty.allocator.pageSize: 8192
[27Dec2025 08:08:37.847] [Render thread/DEBUG] [io.netty.buffer.PooledByteBufAllocator/]: -Dio.netty.allocator.maxOrder: 9
[27Dec2025 08:08:37.847] [Render thread/DEBUG] [io.netty.buffer.PooledByteBufAllocator/]: -Dio.netty.allocator.chunkSize: 4194304
[27Dec2025 08:08:37.847] [Render thread/DEBUG] [io.netty.buffer.PooledByteBufAllocator/]: -Dio.netty.allocator.smallCacheSize: 256
[27Dec2025 08:08:37.847] [Render thread/DEBUG] [io.netty.buffer.PooledByteBufAllocator/]: -Dio.netty.allocator.normalCacheSize: 64
[27Dec2025 08:08:37.847] [Render thread/DEBUG] [io.netty.buffer.PooledByteBufAllocator/]: -Dio.netty.allocator.maxCachedBufferCapacity: 32768
[27Dec2025 08:08:37.847] [Render thread/DEBUG] [io.netty.buffer.PooledByteBufAllocator/]: -Dio.netty.allocator.cacheTrimInterval: 8192
[27Dec2025 08:08:37.847] [Render thread/DEBUG] [io.netty.buffer.PooledByteBufAllocator/]: -Dio.netty.allocator.cacheTrimIntervalMillis: 0
[27Dec2025 08:08:37.848] [Render thread/DEBUG] [io.netty.buffer.PooledByteBufAllocator/]: -Dio.netty.allocator.useCacheForAllThreads: false
[27Dec2025 08:08:37.848] [Render thread/DEBUG] [io.netty.buffer.PooledByteBufAllocator/]: -Dio.netty.allocator.maxCachedByteBuffersPerChunk: 1023
[27Dec2025 08:08:37.854] [Render thread/DEBUG] [io.netty.buffer.ByteBufUtil/]: -Dio.netty.allocator.type: pooled
[27Dec2025 08:08:37.854] [Render thread/DEBUG] [io.netty.buffer.ByteBufUtil/]: -Dio.netty.threadLocalDirectBufferSize: 0
[27Dec2025 08:08:37.854] [Render thread/DEBUG] [io.netty.buffer.ByteBufUtil/]: -Dio.netty.maxThreadLocalCharBufferSize: 16384
[27Dec2025 08:08:37.876] [Netty Local Client IO #0/DEBUG] [net.minecraftforge.network.HandshakeHandler/FMLHANDSHAKE]: Starting local connection.
[27Dec2025 08:08:37.954] [Netty Local Client IO #0/DEBUG] [io.netty.util.Recycler/]: -Dio.netty.recycler.maxCapacityPerThread: 4096
[27Dec2025 08:08:37.954] [Netty Local Client IO #0/DEBUG] [io.netty.util.Recycler/]: -Dio.netty.recycler.ratio: 8
[27Dec2025 08:08:37.954] [Netty Local Client IO #0/DEBUG] [io.netty.util.Recycler/]: -Dio.netty.recycler.chunkSize: 32
[27Dec2025 08:08:37.954] [Netty Local Client IO #0/DEBUG] [io.netty.util.Recycler/]: -Dio.netty.recycler.blocking: false
[27Dec2025 08:08:37.962] [Netty Server IO #1/DEBUG] [net.minecraftforge.network.HandshakeHandler/FMLHANDSHAKE]: Starting local connection.
[27Dec2025 08:08:37.962] [Netty Server IO #1/DEBUG] [mixin/]: Mixing ServerLoginPacketListenerImplMixin from skinrestorer.mixins.json into net.minecraft.server.network.ServerLoginPacketListenerImpl
[27Dec2025 08:08:37.962] [Netty Server IO #1/DEBUG] [mixin/]: skinrestorer.mixins.json:ServerLoginPacketListenerImplMixin: Class version 61 required is higher than the class version supported by the current version of Mixin (JAVA_8 supports class version 52)
[27Dec2025 08:08:37.963] [Netty Server IO #1/DEBUG] [mixin/]: Renaming synthetic method lambda$skinrestorer$fetchSkin$2(Lnet/lionarius/skinrestorer/skin/provider/SkinProviderContext;)Lnet/lionarius/skinrestorer/util/Result; to mdf59ddc$lambda$skinrestorer$fetchSkin$2$0 in skinrestorer.mixins.json:ServerLoginPacketListenerImplMixin
[27Dec2025 08:08:37.963] [Netty Server IO #1/DEBUG] [mixin/]: Renaming synthetic method lambda$skinrestorer$fetchSkin$1(Lnet/lionarius/skinrestorer/skin/provider/SkinProviderContext;Lnet/lionarius/skinrestorer/skin/provider/SkinProvider;)Lnet/lionarius/skinrestorer/util/Result; to mdf59ddc$lambda$skinrestorer$fetchSkin$1$1 in skinrestorer.mixins.json:ServerLoginPacketListenerImplMixin
[27Dec2025 08:08:37.963] [Netty Server IO #1/DEBUG] [mixin/]: Renaming synthetic method lambda$waitForSkin$0()Ljava/lang/Void; to mdf59ddc$lambda$waitForSkin$0$2 in skinrestorer.mixins.json:ServerLoginPacketListenerImplMixin
[27Dec2025 08:08:38.022] [Server thread/DEBUG] [net.minecraftforge.network.HandshakeHandler/FMLHANDSHAKE]: Sending ticking packet info 'net.minecraftforge.network.HandshakeMessages$S2CModData' to 'fml:handshake' sequence 0
[27Dec2025 08:08:38.026] [Netty Local Client IO #0/DEBUG] [net.minecraftforge.network.LoginWrapper/FMLHANDSHAKE]: Recieved login wrapper packet event for channel fml:handshake with index 0
[27Dec2025 08:08:38.067] [Server thread/DEBUG] [net.minecraftforge.network.HandshakeHandler/FMLHANDSHAKE]: Sending ticking packet info 'net.minecraftforge.network.HandshakeMessages$S2CModList' to 'fml:handshake' sequence 1
[27Dec2025 08:08:38.067] [Netty Local Client IO #0/DEBUG] [net.minecraftforge.network.LoginWrapper/FMLHANDSHAKE]: Recieved login wrapper packet event for channel fml:handshake with index 1
[27Dec2025 08:08:38.068] [Netty Local Client IO #0/DEBUG] [net.minecraftforge.network.HandshakeHandler/FMLHANDSHAKE]: Logging into server with mod list [minecraft, forge, skinrestorer, epicfight, droppable]
[27Dec2025 08:08:38.068] [Netty Local Client IO #0/DEBUG] [net.minecraftforge.network.NetworkRegistry/NETREGISTRY]: Channel 'fml:loginwrapper' : Version test of 'FML3' from server : ACCEPTED
[27Dec2025 08:08:38.068] [Netty Local Client IO #0/DEBUG] [net.minecraftforge.network.NetworkRegistry/NETREGISTRY]: Channel 'skinshuffle:skin_refresh' : Version test of '' from server : ACCEPTED
[27Dec2025 08:08:38.068] [Netty Local Client IO #0/DEBUG] [net.minecraftforge.network.NetworkRegistry/NETREGISTRY]: Channel 'epicfight:network_manager' : Version test of '1' from server : ACCEPTED
[27Dec2025 08:08:38.068] [Netty Local Client IO #0/DEBUG] [net.minecraftforge.network.NetworkRegistry/NETREGISTRY]: Channel 'forge:tier_sorting' : Version test of '1.0' from server : ACCEPTED
[27Dec2025 08:08:38.068] [Netty Local Client IO #0/DEBUG] [net.minecraftforge.network.NetworkRegistry/NETREGISTRY]: Channel 'fml:handshake' : Version test of 'FML3' from server : ACCEPTED
[27Dec2025 08:08:38.068] [Netty Local Client IO #0/DEBUG] [net.minecraftforge.network.NetworkRegistry/NETREGISTRY]: Channel 'minecraft:unregister' : Version test of 'FML3' from server : ACCEPTED
[27Dec2025 08:08:38.068] [Netty Local Client IO #0/DEBUG] [net.minecraftforge.network.NetworkRegistry/NETREGISTRY]: Channel 'fml:play' : Version test of 'FML3' from server : ACCEPTED
[27Dec2025 08:08:38.068] [Netty Local Client IO #0/DEBUG] [net.minecraftforge.network.NetworkRegistry/NETREGISTRY]: Channel 'minecraft:register' : Version test of 'FML3' from server : ACCEPTED
[27Dec2025 08:08:38.068] [Netty Local Client IO #0/DEBUG] [net.minecraftforge.network.NetworkRegistry/NETREGISTRY]: Channel 'forge:split' : Version test of '1.1' from server : ACCEPTED
[27Dec2025 08:08:38.068] [Netty Local Client IO #0/DEBUG] [net.minecraftforge.network.NetworkRegistry/NETREGISTRY]: Channel 'skinshuffle:handshake' : Version test of '' from server : ACCEPTED
[27Dec2025 08:08:38.068] [Netty Local Client IO #0/DEBUG] [net.minecraftforge.network.NetworkRegistry/NETREGISTRY]: Channel 'skinshuffle:refresh' : Version test of '' from server : ACCEPTED
[27Dec2025 08:08:38.070] [Netty Local Client IO #0/DEBUG] [net.minecraftforge.network.NetworkRegistry/NETREGISTRY]: Accepting channel list from server
[27Dec2025 08:08:38.070] [Netty Local Client IO #0/DEBUG] [net.minecraftforge.network.LoginWrapper/FMLHANDSHAKE]: Dispatching wrapped packet reply for channel fml:handshake with index 1
[27Dec2025 08:08:38.070] [Netty Local Client IO #0/DEBUG] [net.minecraftforge.network.HandshakeHandler/FMLHANDSHAKE]: Accepted server connection
[27Dec2025 08:08:38.071] [Netty Server IO #1/DEBUG] [net.minecraftforge.network.LoginWrapper/FMLHANDSHAKE]: Recieved login wrapper packet event for channel fml:handshake with index 1
[27Dec2025 08:08:38.071] [Netty Server IO #1/DEBUG] [net.minecraftforge.network.HandshakeHandler/FMLHANDSHAKE]: Received client indexed reply 1 of type net.minecraftforge.network.HandshakeMessages$C2SModListReply
[27Dec2025 08:08:38.071] [Netty Server IO #1/DEBUG] [net.minecraftforge.network.HandshakeHandler/FMLHANDSHAKE]: Received client connection with modlist [minecraft, forge, skinrestorer, epicfight, droppable]
[27Dec2025 08:08:38.071] [Netty Local Client IO #0/DEBUG] [net.minecraftforge.network.HandshakeHandler/REGISTRIES]: Expecting 23 registries: [minecraft:command_argument_type, minecraft:recipe_serializer, minecraft:sound_event, minecraft:particle_type, minecraft:villager_profession, minecraft:item, minecraft:potion, minecraft:painting_variant, forge:fluid_type, epicfight:skill_data_keys, minecraft:block_entity_type, forge:display_contexts, minecraft:block, forge:entity_data_serializers, minecraft:mob_effect, minecraft:stat_type, epicfight:synched_animation_variable_keys, epicfight:conditions, minecraft:menu, minecraft:enchantment, minecraft:fluid, epicfight:skill, minecraft:entity_type]
[27Dec2025 08:08:38.071] [Netty Server IO #1/DEBUG] [net.minecraftforge.network.NetworkRegistry/NETREGISTRY]: Channel 'fml:loginwrapper' : Version test of 'FML3' from client : ACCEPTED
[27Dec2025 08:08:38.071] [Netty Server IO #1/DEBUG] [net.minecraftforge.network.NetworkRegistry/NETREGISTRY]: Channel 'skinshuffle:skin_refresh' : Version test of '' from client : ACCEPTED
[27Dec2025 08:08:38.071] [Netty Server IO #1/DEBUG] [net.minecraftforge.network.NetworkRegistry/NETREGISTRY]: Channel 'epicfight:network_manager' : Version test of '1' from client : ACCEPTED
[27Dec2025 08:08:38.071] [Netty Server IO #1/DEBUG] [net.minecraftforge.network.NetworkRegistry/NETREGISTRY]: Channel 'forge:tier_sorting' : Version test of '1.0' from client : ACCEPTED
[27Dec2025 08:08:38.071] [Netty Server IO #1/DEBUG] [net.minecraftforge.network.NetworkRegistry/NETREGISTRY]: Channel 'fml:handshake' : Version test of 'FML3' from client : ACCEPTED
[27Dec2025 08:08:38.071] [Netty Server IO #1/DEBUG] [net.minecraftforge.network.NetworkRegistry/NETREGISTRY]: Channel 'minecraft:unregister' : Version test of 'FML3' from client : ACCEPTED
[27Dec2025 08:08:38.071] [Netty Server IO #1/DEBUG] [net.minecraftforge.network.NetworkRegistry/NETREGISTRY]: Channel 'fml:play' : Version test of 'FML3' from client : ACCEPTED
[27Dec2025 08:08:38.071] [Netty Server IO #1/DEBUG] [net.minecraftforge.network.NetworkRegistry/NETREGISTRY]: Channel 'minecraft:register' : Version test of 'FML3' from client : ACCEPTED
[27Dec2025 08:08:38.072] [Netty Server IO #1/DEBUG] [net.minecraftforge.network.NetworkRegistry/NETREGISTRY]: Channel 'forge:split' : Version test of '1.1' from client : ACCEPTED
[27Dec2025 08:08:38.072] [Netty Server IO #1/DEBUG] [net.minecraftforge.network.NetworkRegistry/NETREGISTRY]: Channel 'skinshuffle:handshake' : Version test of '' from client : ACCEPTED
[27Dec2025 08:08:38.072] [Netty Server IO #1/DEBUG] [net.minecraftforge.network.NetworkRegistry/NETREGISTRY]: Channel 'skinshuffle:refresh' : Version test of '' from client : ACCEPTED
[27Dec2025 08:08:38.072] [Netty Server IO #1/DEBUG] [net.minecraftforge.network.NetworkRegistry/NETREGISTRY]: Accepting channel list from client
[27Dec2025 08:08:38.072] [Netty Server IO #1/DEBUG] [net.minecraftforge.network.HandshakeHandler/FMLHANDSHAKE]: Accepted client connection mod list
[27Dec2025 08:08:38.117] [Server thread/DEBUG] [net.minecraftforge.network.HandshakeHandler/FMLHANDSHAKE]: Sending ticking packet info 'Config forge-server.toml' to 'fml:handshake' sequence 2
[27Dec2025 08:08:38.118] [Netty Local Client IO #0/DEBUG] [net.minecraftforge.network.LoginWrapper/FMLHANDSHAKE]: Recieved login wrapper packet event for channel fml:handshake with index 2
[27Dec2025 08:08:38.118] [Netty Local Client IO #0/DEBUG] [net.minecraftforge.network.HandshakeHandler/FMLHANDSHAKE]: Received config sync from server
[27Dec2025 08:08:38.118] [Netty Local Client IO #0/DEBUG] [net.minecraftforge.network.LoginWrapper/FMLHANDSHAKE]: Dispatching wrapped packet reply for channel fml:handshake with index 2
[27Dec2025 08:08:38.118] [Netty Server IO #1/DEBUG] [net.minecraftforge.network.LoginWrapper/FMLHANDSHAKE]: Recieved login wrapper packet event for channel fml:handshake with index 2
[27Dec2025 08:08:38.118] [Netty Server IO #1/DEBUG] [net.minecraftforge.network.HandshakeHandler/FMLHANDSHAKE]: Received client indexed reply 2 of type net.minecraftforge.network.HandshakeMessages$C2SAcknowledge
[27Dec2025 08:08:38.118] [Netty Server IO #1/DEBUG] [net.minecraftforge.network.HandshakeHandler/FMLHANDSHAKE]: Received acknowledgement from client
[27Dec2025 08:08:38.163] [Server thread/DEBUG] [net.minecraftforge.network.HandshakeHandler/FMLHANDSHAKE]: Handshake complete!
[27Dec2025 08:08:38.217] [ForkJoinPool.commonPool-worker-1/DEBUG] [SkinRestorer/]: Fetching M6FGR's skin
[27Dec2025 08:08:38.808] [Netty Local Client IO #0/INFO] [net.minecraftforge.network.NetworkHooks/]: Connected to a modded server.
[27Dec2025 08:08:38.810] [Netty Local Client IO #0/DEBUG] [mixin/]: Mixing client.MixinClientPacketListener from mixins.epicfight.json into net.minecraft.client.multiplayer.ClientPacketListener
[27Dec2025 08:08:38.851] [Server thread/INFO] [net.minecraft.server.players.PlayerList/]: M6FGR[local:E:d91ad357] logged in with entity id 65 at (-1367.4364957473272, 77.0, -1512.285419543059)
[27Dec2025 08:08:38.894] [Server thread/INFO] [net.minecraft.server.MinecraftServer/]: M6FGR joined the game
[27Dec2025 08:08:39.125] [Render thread/WARN] [net.minecraft.client.multiplayer.ClientPacketListener/]: Unknown custom packet identifier: skinshuffle:handshake
[27Dec2025 08:08:39.125] [Render thread/INFO] [net.minecraft.advancements.AdvancementList/]: Loaded 2 advancements
[27Dec2025 08:08:39.568] [Render thread/INFO] [com.mojang.blaze3d.platform.GlDebug/]: OpenGL debug message: id=1005, source=API, type=ERROR, severity=HIGH, message='No detailed debug message due to a non-debug context'
[27Dec2025 08:08:39.573] [Render thread/DEBUG] [epicfight/]: Cannot find the mesh part named hat in yesman.epicfight.client.mesh.VillagerMesh
[27Dec2025 08:08:39.573] [Render thread/DEBUG] [epicfight/]: Cannot find the mesh part named leftSleeve in yesman.epicfight.client.mesh.VillagerMesh
[27Dec2025 08:08:39.573] [Render thread/DEBUG] [epicfight/]: Cannot find the mesh part named rightSleeve in yesman.epicfight.client.mesh.VillagerMesh
[27Dec2025 08:08:39.573] [Render thread/DEBUG] [epicfight/]: Cannot find the mesh part named leftPants in yesman.epicfight.client.mesh.VillagerMesh
[27Dec2025 08:08:39.573] [Render thread/DEBUG] [epicfight/]: Cannot find the mesh part named rightPants in yesman.epicfight.client.mesh.VillagerMesh
[27Dec2025 08:08:39.768] [Render thread/INFO] [com.mojang.blaze3d.platform.GlDebug/]: OpenGL debug message: id=1005, source=API, type=ERROR, severity=HIGH, message='No detailed debug message due to a non-debug context'
[27Dec2025 08:08:39.800] [Server thread/DEBUG] [io.netty.util.internal.ThreadLocalRandom/]: -Dio.netty.initialSeedUniquifier: 0xa492bf52e30472a0
[27Dec2025 08:08:40.220] [Render thread/INFO] [com.mojang.blaze3d.platform.GlDebug/]: OpenGL debug message: id=1005, source=API, type=ERROR, severity=HIGH, message='No detailed debug message due to a non-debug context'
[27Dec2025 08:08:40.315] [Render thread/INFO] [com.mojang.blaze3d.platform.GlDebug/]: OpenGL debug message: id=1005, source=API, type=ERROR, severity=HIGH, message='No detailed debug message due to a non-debug context'
[27Dec2025 08:08:40.316] [Render thread/DEBUG] [epicfight/]: Cannot find the mesh part named jacket in yesman.epicfight.client.mesh.HumanoidMesh
[27Dec2025 08:08:40.316] [Render thread/DEBUG] [epicfight/]: Cannot find the mesh part named leftSleeve in yesman.epicfight.client.mesh.HumanoidMesh
[27Dec2025 08:08:40.316] [Render thread/DEBUG] [epicfight/]: Cannot find the mesh part named rightSleeve in yesman.epicfight.client.mesh.HumanoidMesh
[27Dec2025 08:08:40.316] [Render thread/DEBUG] [epicfight/]: Cannot find the mesh part named leftPants in yesman.epicfight.client.mesh.HumanoidMesh
[27Dec2025 08:08:40.316] [Render thread/DEBUG] [epicfight/]: Cannot find the mesh part named rightPants in yesman.epicfight.client.mesh.HumanoidMesh
[27Dec2025 08:08:42.038] [Render thread/INFO] [com.mojang.blaze3d.platform.GlDebug/]: OpenGL debug message: id=1005, source=API, type=ERROR, severity=HIGH, message='No detailed debug message due to a non-debug context'
[27Dec2025 08:08:42.039] [Render thread/DEBUG] [epicfight/]: Cannot find the mesh part named jacket in yesman.epicfight.client.mesh.HumanoidMesh
[27Dec2025 08:08:42.039] [Render thread/DEBUG] [epicfight/]: Cannot find the mesh part named leftSleeve in yesman.epicfight.client.mesh.HumanoidMesh
[27Dec2025 08:08:42.039] [Render thread/DEBUG] [epicfight/]: Cannot find the mesh part named rightSleeve in yesman.epicfight.client.mesh.HumanoidMesh
[27Dec2025 08:08:42.039] [Render thread/DEBUG] [epicfight/]: Cannot find the mesh part named leftPants in yesman.epicfight.client.mesh.HumanoidMesh
[27Dec2025 08:08:42.039] [Render thread/DEBUG] [epicfight/]: Cannot find the mesh part named rightPants in yesman.epicfight.client.mesh.HumanoidMesh
[27Dec2025 08:08:42.212] [Render thread/INFO] [com.mojang.blaze3d.platform.GlDebug/]: OpenGL debug message: id=1005, source=API, type=ERROR, severity=HIGH, message='No detailed debug message due to a non-debug context'
[27Dec2025 08:08:47.458] [Render thread/INFO] [net.minecraft.advancements.AdvancementList/]: Loaded 13 advancements
[27Dec2025 08:09:27.646] [Server thread/INFO] [net.minecraft.client.server.IntegratedServer/]: Saving and pausing game...
[27Dec2025 08:09:27.652] [Server thread/INFO] [net.minecraft.server.MinecraftServer/]: Saving chunks for level 'ServerLevel[New World]'/minecraft:overworld
[27Dec2025 08:09:27.667] [Server thread/INFO] [net.minecraft.server.MinecraftServer/]: Saving chunks for level 'ServerLevel[New World]'/minecraft:the_nether
[27Dec2025 08:09:27.667] [Server thread/INFO] [net.minecraft.server.MinecraftServer/]: Saving chunks for level 'ServerLevel[New World]'/minecraft:the_end
[27Dec2025 08:09:27.670] [Server thread/DEBUG] [net.minecraftforge.common.ForgeHooks/WP]: Gathering id map for writing to world save New World
[27Dec2025 08:09:27.674] [Server thread/DEBUG] [net.minecraftforge.common.ForgeHooks/WP]: ID Map collection complete New World
[27Dec2025 08:09:30.695] [Server thread/INFO] [net.minecraft.client.server.IntegratedServer/]: Saving and pausing game...
[27Dec2025 08:09:30.700] [Server thread/INFO] [net.minecraft.server.MinecraftServer/]: Saving chunks for level 'ServerLevel[New World]'/minecraft:overworld
[27Dec2025 08:09:30.711] [Server thread/INFO] [net.minecraft.server.MinecraftServer/]: Saving chunks for level 'ServerLevel[New World]'/minecraft:the_nether
[27Dec2025 08:09:30.712] [Server thread/INFO] [net.minecraft.server.MinecraftServer/]: Saving chunks for level 'ServerLevel[New World]'/minecraft:the_end
[27Dec2025 08:09:30.713] [Server thread/DEBUG] [net.minecraftforge.common.ForgeHooks/WP]: Gathering id map for writing to world save New World
[27Dec2025 08:09:30.719] [Server thread/DEBUG] [net.minecraftforge.common.ForgeHooks/WP]: ID Map collection complete New World
[27Dec2025 08:09:46.145] [Server thread/INFO] [net.minecraft.client.server.IntegratedServer/]: Saving and pausing game...
[27Dec2025 08:09:46.149] [Server thread/INFO] [net.minecraft.server.MinecraftServer/]: Saving chunks for level 'ServerLevel[New World]'/minecraft:overworld
[27Dec2025 08:09:46.156] [Server thread/INFO] [net.minecraft.server.MinecraftServer/]: Saving chunks for level 'ServerLevel[New World]'/minecraft:the_nether
[27Dec2025 08:09:46.158] [Server thread/INFO] [net.minecraft.server.MinecraftServer/]: Saving chunks for level 'ServerLevel[New World]'/minecraft:the_end
[27Dec2025 08:09:46.159] [Server thread/DEBUG] [net.minecraftforge.common.ForgeHooks/WP]: Gathering id map for writing to world save New World
[27Dec2025 08:09:46.166] [Server thread/DEBUG] [net.minecraftforge.common.ForgeHooks/WP]: ID Map collection complete New World
[27Dec2025 08:09:51.878] [Thread-4/DEBUG] [net.minecraftforge.common.ForgeConfigSpec/CORE]: Range value 3.0 is not within its bounds 6.0-10.0
[27Dec2025 08:09:51.879] [Thread-4/WARN] [net.minecraftforge.fml.config.ConfigFileTypeHandler/CONFIG]: Configuration file C:\Users\azooz\Desktop\Droppable\run\config\epicfight-client.toml is not correct. Correcting
[27Dec2025 08:09:51.881] [Thread-4/DEBUG] [net.minecraftforge.common.ForgeConfigSpec/CORE]: Range value 3.0 is not within its bounds 6.0-10.0
[27Dec2025 08:09:51.883] [Thread-4/DEBUG] [net.minecraftforge.fml.config.ConfigFileTypeHandler/CONFIG]: Config file epicfight-client.toml changed, sending notifies
[27Dec2025 08:09:51.885] [Thread-4/INFO] [epicfight/]: Epic Fight web server connection helper: Initialize
[27Dec2025 08:09:51.889] [Thread-4/INFO] [epicfight/]: Epic Fight web server connection helper: supported
[27Dec2025 08:09:58.255] [Server thread/INFO] [net.minecraft.server.MinecraftServer/]: M6FGR has made the advancement [Monster Hunter]
[27Dec2025 08:09:58.262] [Render thread/INFO] [net.minecraft.client.gui.components.ChatComponent/]: [System] [CHAT] M6FGR has made the advancement [Monster Hunter]
[27Dec2025 08:09:58.302] [Render thread/INFO] [net.minecraft.advancements.AdvancementList/]: Loaded 44 advancements
[27Dec2025 08:10:13.973] [Render thread/INFO] [com.mojang.blaze3d.platform.GlDebug/]: OpenGL debug message: id=1005, source=API, type=ERROR, severity=HIGH, message='No detailed debug message due to a non-debug context'
[27Dec2025 08:10:43.546] [Server thread/INFO] [net.minecraft.client.server.IntegratedServer/]: Saving and pausing game...
[27Dec2025 08:10:43.549] [Server thread/INFO] [net.minecraft.server.MinecraftServer/]: Saving chunks for level 'ServerLevel[New World]'/minecraft:overworld
[27Dec2025 08:10:43.556] [Server thread/INFO] [net.minecraft.server.MinecraftServer/]: Saving chunks for level 'ServerLevel[New World]'/minecraft:the_nether
[27Dec2025 08:10:43.557] [Server thread/INFO] [net.minecraft.server.MinecraftServer/]: Saving chunks for level 'ServerLevel[New World]'/minecraft:the_end
[27Dec2025 08:10:43.558] [Server thread/DEBUG] [net.minecraftforge.common.ForgeHooks/WP]: Gathering id map for writing to world save New World
[27Dec2025 08:10:43.561] [Server thread/DEBUG] [net.minecraftforge.common.ForgeHooks/WP]: ID Map collection complete New World
[27Dec2025 08:10:43.566] [Render thread/ERROR] [epicfight/]: Can't load layer file minecraft:animated_layers/player/waveycapes.json for entity.minecraft.player: dev.tr7zw.waveycapes.renderlayers.CustomCapeRenderLayer (This is develop-only message and neglectable if the resource is not belong to you)
[27Dec2025 08:10:43.602] [Server thread/INFO] [net.minecraft.server.network.ServerGamePacketListenerImpl/]: M6FGR lost connection: Disconnected
[27Dec2025 08:10:43.602] [Server thread/INFO] [net.minecraft.server.MinecraftServer/]: M6FGR left the game
[27Dec2025 08:10:43.608] [Server thread/INFO] [net.minecraft.server.network.ServerGamePacketListenerImpl/]: Stopping singleplayer server as player logged out
[27Dec2025 08:10:43.646] [Server thread/INFO] [net.minecraft.server.MinecraftServer/]: Stopping server
[27Dec2025 08:10:43.646] [Server thread/INFO] [net.minecraft.server.MinecraftServer/]: Saving players
[27Dec2025 08:10:43.646] [Server thread/INFO] [net.minecraft.server.MinecraftServer/]: Saving worlds
[27Dec2025 08:10:44.227] [Server thread/INFO] [net.minecraft.server.MinecraftServer/]: Saving chunks for level 'ServerLevel[New World]'/minecraft:overworld
[27Dec2025 08:10:45.713] [Server thread/INFO] [net.minecraft.server.MinecraftServer/]: Saving chunks for level 'ServerLevel[New World]'/minecraft:the_nether
[27Dec2025 08:10:45.715] [Server thread/INFO] [net.minecraft.server.MinecraftServer/]: Saving chunks for level 'ServerLevel[New World]'/minecraft:the_end
[27Dec2025 08:10:45.716] [Server thread/DEBUG] [net.minecraftforge.common.ForgeHooks/WP]: Gathering id map for writing to world save New World
[27Dec2025 08:10:45.718] [Server thread/DEBUG] [net.minecraftforge.common.ForgeHooks/WP]: ID Map collection complete New World
[27Dec2025 08:10:45.726] [Server thread/INFO] [net.minecraft.server.MinecraftServer/]: ThreadedAnvilChunkStorage (New World (2)): All chunks are saved
[27Dec2025 08:10:45.726] [Server thread/INFO] [net.minecraft.server.MinecraftServer/]: ThreadedAnvilChunkStorage (DIM-1): All chunks are saved
[27Dec2025 08:10:45.726] [Server thread/INFO] [net.minecraft.server.MinecraftServer/]: ThreadedAnvilChunkStorage (DIM1): All chunks are saved
[27Dec2025 08:10:45.726] [Server thread/INFO] [net.minecraft.server.MinecraftServer/]: ThreadedAnvilChunkStorage: All dimensions are saved
[27Dec2025 08:10:45.752] [Server thread/DEBUG] [net.minecraftforge.registries.GameData/REGISTRIES]: Reverting to FROZEN data state.
[27Dec2025 08:10:45.752] [Server thread/DEBUG] [net.minecraftforge.registries.ForgeRegistry/REGISTRIES]: Registry minecraft:block Sync: ACTIVE -> FROZEN
[27Dec2025 08:10:45.755] [Server thread/DEBUG] [net.minecraftforge.registries.ForgeRegistry/REGISTRIES]: Registry minecraft:fluid Sync: ACTIVE -> FROZEN
[27Dec2025 08:10:45.756] [Server thread/DEBUG] [net.minecraftforge.registries.ForgeRegistry/REGISTRIES]: Registry minecraft:item Sync: ACTIVE -> FROZEN
[27Dec2025 08:10:45.758] [Server thread/DEBUG] [net.minecraftforge.registries.ForgeRegistry/REGISTRIES]: Registry minecraft:mob_effect Sync: ACTIVE -> FROZEN
[27Dec2025 08:10:45.758] [Server thread/DEBUG] [net.minecraftforge.registries.ForgeRegistry/REGISTRIES]: Registry minecraft:sound_event Sync: ACTIVE -> FROZEN
[27Dec2025 08:10:45.760] [Server thread/DEBUG] [net.minecraftforge.registries.ForgeRegistry/REGISTRIES]: Registry minecraft:potion Sync: ACTIVE -> FROZEN
[27Dec2025 08:10:45.760] [Server thread/DEBUG] [net.minecraftforge.registries.ForgeRegistry/REGISTRIES]: Registry minecraft:enchantment Sync: ACTIVE -> FROZEN
[27Dec2025 08:10:45.760] [Server thread/DEBUG] [net.minecraftforge.registries.ForgeRegistry/REGISTRIES]: Registry minecraft:entity_type Sync: ACTIVE -> FROZEN
[27Dec2025 08:10:45.761] [Server thread/DEBUG] [net.minecraftforge.registries.ForgeRegistry/REGISTRIES]: Registry minecraft:block_entity_type Sync: ACTIVE -> FROZEN
[27Dec2025 08:10:45.761] [Server thread/DEBUG] [net.minecraftforge.registries.ForgeRegistry/REGISTRIES]: Registry minecraft:particle_type Sync: ACTIVE -> FROZEN
[27Dec2025 08:10:45.761] [Server thread/DEBUG] [net.minecraftforge.registries.ForgeRegistry/REGISTRIES]: Registry minecraft:menu Sync: ACTIVE -> FROZEN
[27Dec2025 08:10:45.761] [Server thread/DEBUG] [net.minecraftforge.registries.ForgeRegistry/REGISTRIES]: Registry minecraft:painting_variant Sync: ACTIVE -> FROZEN
[27Dec2025 08:10:45.761] [Server thread/DEBUG] [net.minecraftforge.registries.ForgeRegistry/REGISTRIES]: Registry minecraft:recipe_type Sync: ACTIVE -> FROZEN
[27Dec2025 08:10:45.761] [Server thread/DEBUG] [net.minecraftforge.registries.ForgeRegistry/REGISTRIES]: Registry minecraft:recipe_serializer Sync: ACTIVE -> FROZEN
[27Dec2025 08:10:45.761] [Server thread/DEBUG] [net.minecraftforge.registries.ForgeRegistry/REGISTRIES]: Registry minecraft:attribute Sync: ACTIVE -> FROZEN
[27Dec2025 08:10:45.761] [Server thread/DEBUG] [net.minecraftforge.registries.ForgeRegistry/REGISTRIES]: Registry minecraft:stat_type Sync: ACTIVE -> FROZEN
[27Dec2025 08:10:45.761] [Server thread/DEBUG] [net.minecraftforge.registries.ForgeRegistry/REGISTRIES]: Registry minecraft:command_argument_type Sync: ACTIVE -> FROZEN
[27Dec2025 08:10:45.761] [Server thread/DEBUG] [net.minecraftforge.registries.ForgeRegistry/REGISTRIES]: Registry minecraft:villager_profession Sync: ACTIVE -> FROZEN
[27Dec2025 08:10:45.761] [Server thread/DEBUG] [net.minecraftforge.registries.ForgeRegistry/REGISTRIES]: Registry minecraft:point_of_interest_type Sync: ACTIVE -> FROZEN
[27Dec2025 08:10:45.762] [Server thread/DEBUG] [net.minecraftforge.registries.ForgeRegistry/REGISTRIES]: Registry minecraft:memory_module_type Sync: ACTIVE -> FROZEN
[27Dec2025 08:10:45.762] [Server thread/DEBUG] [net.minecraftforge.registries.ForgeRegistry/REGISTRIES]: Registry minecraft:sensor_type Sync: ACTIVE -> FROZEN
[27Dec2025 08:10:45.762] [Server thread/DEBUG] [net.minecraftforge.registries.ForgeRegistry/REGISTRIES]: Registry minecraft:schedule Sync: ACTIVE -> FROZEN
[27Dec2025 08:10:45.762] [Server thread/DEBUG] [net.minecraftforge.registries.ForgeRegistry/REGISTRIES]: Registry minecraft:activity Sync: ACTIVE -> FROZEN
[27Dec2025 08:10:45.762] [Server thread/DEBUG] [net.minecraftforge.registries.ForgeRegistry/REGISTRIES]: Registry minecraft:worldgen/carver Sync: ACTIVE -> FROZEN
[27Dec2025 08:10:45.762] [Server thread/DEBUG] [net.minecraftforge.registries.ForgeRegistry/REGISTRIES]: Registry minecraft:worldgen/feature Sync: ACTIVE -> FROZEN
[27Dec2025 08:10:45.763] [Server thread/DEBUG] [net.minecraftforge.registries.ForgeRegistry/REGISTRIES]: Registry minecraft:chunk_status Sync: ACTIVE -> FROZEN
[27Dec2025 08:10:45.763] [Server thread/DEBUG] [net.minecraftforge.registries.ForgeRegistry/REGISTRIES]: Registry minecraft:worldgen/block_state_provider_type Sync: ACTIVE -> FROZEN
[27Dec2025 08:10:45.763] [Server thread/DEBUG] [net.minecraftforge.registries.ForgeRegistry/REGISTRIES]: Registry minecraft:worldgen/foliage_placer_type Sync: ACTIVE -> FROZEN
[27Dec2025 08:10:45.763] [Server thread/DEBUG] [net.minecraftforge.registries.ForgeRegistry/REGISTRIES]: Registry minecraft:worldgen/tree_decorator_type Sync: ACTIVE -> FROZEN
[27Dec2025 08:10:45.763] [Server thread/DEBUG] [net.minecraftforge.registries.ForgeRegistry/REGISTRIES]: Registry minecraft:worldgen/biome Sync: ACTIVE -> FROZEN
[27Dec2025 08:10:45.763] [Server thread/DEBUG] [net.minecraftforge.registries.ForgeRegistry/REGISTRIES]: Registry forge:entity_data_serializers Sync: ACTIVE -> FROZEN
[27Dec2025 08:10:45.763] [Server thread/DEBUG] [net.minecraftforge.registries.ForgeRegistry/REGISTRIES]: Registry forge:global_loot_modifier_serializers Sync: ACTIVE -> FROZEN
[27Dec2025 08:10:45.763] [Server thread/DEBUG] [net.minecraftforge.registries.ForgeRegistry/REGISTRIES]: Registry forge:biome_modifier_serializers Sync: ACTIVE -> FROZEN
[27Dec2025 08:10:45.763] [Server thread/DEBUG] [net.minecraftforge.registries.ForgeRegistry/REGISTRIES]: Registry forge:fluid_type Sync: ACTIVE -> FROZEN
[27Dec2025 08:10:45.763] [Server thread/DEBUG] [net.minecraftforge.registries.ForgeRegistry/REGISTRIES]: Registry forge:structure_modifier_serializers Sync: ACTIVE -> FROZEN
[27Dec2025 08:10:45.763] [Server thread/DEBUG] [net.minecraftforge.registries.ForgeRegistry/REGISTRIES]: Registry forge:holder_set_type Sync: ACTIVE -> FROZEN
[27Dec2025 08:10:45.763] [Server thread/DEBUG] [net.minecraftforge.registries.ForgeRegistry/REGISTRIES]: Registry forge:display_contexts Sync: ACTIVE -> FROZEN
[27Dec2025 08:10:45.763] [Server thread/DEBUG] [net.minecraftforge.registries.ForgeRegistry/REGISTRIES]: Registry epicfight:skill Sync: ACTIVE -> FROZEN
[27Dec2025 08:10:45.763] [Server thread/DEBUG] [net.minecraftforge.registries.ForgeRegistry/REGISTRIES]: Registry epicfight:conditions Sync: ACTIVE -> FROZEN
[27Dec2025 08:10:45.763] [Server thread/DEBUG] [net.minecraftforge.registries.ForgeRegistry/REGISTRIES]: Registry epicfight:skill_data_keys Sync: ACTIVE -> FROZEN
[27Dec2025 08:10:45.763] [Server thread/DEBUG] [net.minecraftforge.registries.ForgeRegistry/REGISTRIES]: Registry epicfight:synched_animation_variable_keys Sync: ACTIVE -> FROZEN
[27Dec2025 08:10:46.011] [Server thread/INFO] [epicfight/]: Data keys [epicfight:basic_attack_active, epicfight:combo_counter] for epicfight:basic_attack
[27Dec2025 08:10:46.011] [Server thread/INFO] [epicfight/]: Data keys [epicfight:penalty, epicfight:penalty_restore_counter] for epicfight:guard
[27Dec2025 08:10:46.012] [Server thread/INFO] [epicfight/]: Data keys [epicfight:parry_motion_counter, epicfight:penalty, epicfight:last_active, epicfight:penalty_restore_counter] for epicfight:parrying
[27Dec2025 08:10:46.012] [Server thread/INFO] [epicfight/]: Data keys [epicfight:penalty, epicfight:penalty_restore_counter] for epicfight:impact_guard
[27Dec2025 08:10:46.012] [Server thread/INFO] [epicfight/]: Data keys [epicfight:stacks, epicfight:tick_record, epicfight:resisting_damage_type] for epicfight:adaptive_skin
[27Dec2025 08:10:46.012] [Server thread/INFO] [epicfight/]: Data keys [epicfight:tick_record] for epicfight:adrenaline_fiend
[27Dec2025 08:10:46.012] [Server thread/INFO] [epicfight/]: Data keys [epicfight:entity_id, epicfight:stacks] for epicfight:bonebreaker
[27Dec2025 08:10:46.012] [Server thread/INFO] [epicfight/]: Data keys [epicfight:entity_id, epicfight:tick_record] for epicfight:vengeance
[27Dec2025 08:10:46.012] [Server thread/INFO] [epicfight/]: Data keys [epicfight:slam_protect_next_fall, epicfight:fall_distance] for epicfight:meteor_slam
[27Dec2025 08:10:46.012] [Server thread/INFO] [epicfight/]: Data keys [epicfight:stacks] for epicfight:revelation
[27Dec2025 08:10:46.012] [Server thread/INFO] [epicfight/]: Data keys [epicfight:slam_protect_next_fall] for epicfight:demolition_leap
[27Dec2025 08:10:46.012] [Server thread/INFO] [epicfight/]: Data keys [epicfight:slam_protect_next_fall, epicfight:jump_key_pressed_last_tick, epicfight:jump_count] for epicfight:phantom_ascent
[27Dec2025 08:10:46.012] [Server thread/INFO] [epicfight/]: Data keys [epicfight:last_hit_count] for epicfight:grasping_spire
[27Dec2025 08:10:46.012] [Server thread/INFO] [epicfight/]: Data keys [epicfight:sheath] for epicfight:battojutsu_passive
[27Dec2025 08:10:46.012] [Server thread/INFO] [epicfight/]: Data keys [epicfight:sheath] for epicfight:battojutsu
[27Dec2025 08:10:46.012] [Server thread/INFO] [epicfight/]: Data keys [epicfight:combo_counter] for epicfight:blade_rush
[27Dec2025 08:10:46.012] [Server thread/INFO] [epicfight/]: Data keys [epicfight:thrown_trident_entity_id] for epicfight:everlasting_allegiance
[27Dec2025 08:10:46.012] [Server thread/DEBUG] [net.minecraftforge.registries.ObjectHolderRegistry/REGISTRIES]: Applying holder lookups
[27Dec2025 08:10:46.013] [Server thread/DEBUG] [net.minecraftforge.registries.ObjectHolderRegistry/REGISTRIES]: Holder lookups applied
[27Dec2025 08:10:46.013] [Server thread/DEBUG] [net.minecraftforge.registries.GameData/REGISTRIES]: FROZEN state restored.
[27Dec2025 08:10:46.013] [Server thread/DEBUG] [net.minecraftforge.fml.config.ConfigTracker/CONFIG]: Unloading configs type SERVER
[27Dec2025 08:10:46.546] [Render thread/INFO] [net.minecraft.client.Minecraft/]: Stopping!
