[21Feb2026 11:20:43.441] [main/INFO] [cpw.mods.modlauncher.Launcher/MODLAUNCHER]: ModLauncher running: args [--launchTarget, forgeclientuserdev, --version, MOD_DEV, --assetIndex, 5, --assetsDir, C:\Users\azooz\.gradle\caches\forge_gradle\assets, --gameDir, ., --fml.forgeVersion, 47.4.0, --fml.mcVersion, 1.20.1, --fml.forgeGroup, net.minecraftforge, --fml.mcpVersion, 20230612.114412]
[21Feb2026 11:20:43.445] [main/INFO] [cpw.mods.modlauncher.Launcher/MODLAUNCHER]: ModLauncher 10.0.9+10.0.9+main.dcd20f30 starting: java version 17.0.10 by Oracle Corporation; OS Windows 11 arch amd64 version 10.0
[21Feb2026 11:20:43.470] [main/DEBUG] [cpw.mods.modlauncher.LaunchServiceHandler/MODLAUNCHER]: Found launch services [fmlclientdev,forgeclient,minecraft,forgegametestserverdev,fmlserveruserdev,fmlclient,fmldatauserdev,forgeserverdev,forgeserveruserdev,forgeclientdev,forgeclientuserdev,forgeserver,forgedatadev,fmlserver,fmlclientuserdev,fmlserverdev,forgedatauserdev,testharness,forgegametestserveruserdev]
[21Feb2026 11:20:43.482] [main/DEBUG] [cpw.mods.modlauncher.NameMappingServiceHandler/MODLAUNCHER]: Found naming services : [srgtomcp]
[21Feb2026 11:20:43.496] [main/DEBUG] [cpw.mods.modlauncher.LaunchPluginHandler/MODLAUNCHER]: Found launch plugins: [mixin,eventbus,slf4jfixer,object_holder_definalize,runtime_enum_extender,capability_token_subclass,accesstransformer,runtimedistcleaner]
[21Feb2026 11:20:43.505] [main/DEBUG] [cpw.mods.modlauncher.TransformationServicesHandler/MODLAUNCHER]: Discovering transformation services
[21Feb2026 11:20:43.512] [main/DEBUG] [net.minecraftforge.fml.loading.FMLPaths/CORE]: Path GAMEDIR is C:\Users\azooz\Desktop\Droppable\versions\forge\1.20\run
[21Feb2026 11:20:43.512] [main/DEBUG] [net.minecraftforge.fml.loading.FMLPaths/CORE]: Path MODSDIR is C:\Users\azooz\Desktop\Droppable\versions\forge\1.20\run\mods
[21Feb2026 11:20:43.513] [main/DEBUG] [net.minecraftforge.fml.loading.FMLPaths/CORE]: Path CONFIGDIR is C:\Users\azooz\Desktop\Droppable\versions\forge\1.20\run\config
[21Feb2026 11:20:43.513] [main/DEBUG] [net.minecraftforge.fml.loading.FMLPaths/CORE]: Path FMLCONFIG is C:\Users\azooz\Desktop\Droppable\versions\forge\1.20\run\config\fml.toml
[21Feb2026 11:20:43.549] [main/DEBUG] [cpw.mods.modlauncher.TransformationServicesHandler/MODLAUNCHER]: Found additional transformation services from discovery services: 
[21Feb2026 11:20:43.556] [main/INFO] [net.minecraftforge.fml.loading.ImmediateWindowHandler/]: Loading ImmediateWindowProvider fmlearlywindow
[21Feb2026 11:20:43.633] [main/INFO] [EARLYDISPLAY/]: Trying GL version 4.6
[21Feb2026 11:20:43.753] [main/INFO] [EARLYDISPLAY/]: Requested GL version 4.6 got version 4.6
[21Feb2026 11:20:43.794] [main/DEBUG] [cpw.mods.modlauncher.TransformationServicesHandler/MODLAUNCHER]: Found transformer services : [mixin,fml]
[21Feb2026 11:20:43.794] [main/DEBUG] [cpw.mods.modlauncher.TransformationServicesHandler/MODLAUNCHER]: Transformation services loading
[21Feb2026 11:20:43.795] [main/DEBUG] [cpw.mods.modlauncher.TransformationServiceDecorator/MODLAUNCHER]: Loading service mixin
[21Feb2026 11:20:43.795] [main/DEBUG] [cpw.mods.modlauncher.TransformationServiceDecorator/MODLAUNCHER]: Loaded service mixin
[21Feb2026 11:20:43.795] [main/DEBUG] [cpw.mods.modlauncher.TransformationServiceDecorator/MODLAUNCHER]: Loading service fml
[21Feb2026 11:20:43.796] [main/DEBUG] [net.minecraftforge.fml.loading.LauncherVersion/CORE]: Found FMLLauncher version 1.0
[21Feb2026 11:20:43.796] [main/DEBUG] [net.minecraftforge.fml.loading.FMLLoader/CORE]: FML 1.0 loading
[21Feb2026 11:20:43.796] [main/DEBUG] [net.minecraftforge.fml.loading.FMLLoader/CORE]: FML found ModLauncher version : 10.0.9+10.0.9+main.dcd20f30
[21Feb2026 11:20:43.796] [main/DEBUG] [net.minecraftforge.fml.loading.FMLLoader/CORE]: Requesting CoreMods to not apply the fix for ASMAPI.findFirstInstructionBefore by default
[21Feb2026 11:20:43.798] [main/DEBUG] [net.minecraftforge.fml.loading.FMLLoader/CORE]: FML found AccessTransformer version : 8.0.4+66+master.c09db6d7
[21Feb2026 11:20:43.798] [main/DEBUG] [net.minecraftforge.fml.loading.FMLLoader/CORE]: FML found EventBus version : 6.0.5+6.0.5+master.eb8e549b
[21Feb2026 11:20:43.798] [main/DEBUG] [net.minecraftforge.fml.loading.FMLLoader/CORE]: Found Runtime Dist Cleaner
[21Feb2026 11:20:43.799] [main/DEBUG] [net.minecraftforge.coremod.CoreModEngine/]: CoreMods will preserve legacy behavior of ASMAPI.findFirstInstructionBefore for backwards-compatibility
[21Feb2026 11:20:43.799] [main/DEBUG] [net.minecraftforge.fml.loading.FMLLoader/CORE]: FML found CoreMod version : 5.2.4
[21Feb2026 11:20:43.801] [main/DEBUG] [net.minecraftforge.fml.loading.FMLLoader/CORE]: Found ForgeSPI package implementation version 7.0.1+7.0.1+master.d2b38bf6
[21Feb2026 11:20:43.801] [main/DEBUG] [net.minecraftforge.fml.loading.FMLLoader/CORE]: Found ForgeSPI package specification 5
[21Feb2026 11:20:43.801] [main/DEBUG] [cpw.mods.modlauncher.TransformationServiceDecorator/MODLAUNCHER]: Loaded service fml
[21Feb2026 11:20:43.802] [main/DEBUG] [cpw.mods.modlauncher.TransformationServicesHandler/MODLAUNCHER]: Configuring option handling for services
[21Feb2026 11:20:43.807] [main/DEBUG] [cpw.mods.modlauncher.TransformationServicesHandler/MODLAUNCHER]: Transformation services initializing
[21Feb2026 11:20:43.807] [main/DEBUG] [cpw.mods.modlauncher.TransformationServiceDecorator/MODLAUNCHER]: Initializing transformation service mixin
[21Feb2026 11:20:43.818] [main/DEBUG] [mixin/]: MixinService [ModLauncher] was successfully booted in cpw.mods.cl.ModuleClassLoader@cd3fee8
[21Feb2026 11:20:43.833] [main/INFO] [mixin/]: SpongePowered MIXIN Subsystem Version=0.8.5 Source=union:/C:/Users/azooz/.gradle/caches/modules-2/files-2.1/org.spongepowered/mixin/0.8.5/9d1c0c3a304ae6697ecd477218fa61b850bf57fc/mixin-0.8.5.jar%23128!/ Service=ModLauncher Env=CLIENT
[21Feb2026 11:20:43.836] [main/DEBUG] [mixin/]: Initialising Mixin Platform Manager
[21Feb2026 11:20:43.836] [main/DEBUG] [mixin/]: Adding mixin platform agents for container ModLauncher Root Container(ModLauncher:4f56a0a2)
[21Feb2026 11:20:43.838] [main/DEBUG] [mixin/]: Instancing new MixinPlatformAgentMinecraftForge for ModLauncher Root Container(ModLauncher:4f56a0a2)
[21Feb2026 11:20:43.838] [main/DEBUG] [mixin/]: MixinPlatformAgentMinecraftForge rejected container ModLauncher Root Container(ModLauncher:4f56a0a2)
[21Feb2026 11:20:43.839] [main/DEBUG] [mixin/]: Instancing new MixinPlatformAgentDefault for ModLauncher Root Container(ModLauncher:4f56a0a2)
[21Feb2026 11:20:43.839] [main/DEBUG] [mixin/]: MixinPlatformAgentDefault accepted container ModLauncher Root Container(ModLauncher:4f56a0a2)
[21Feb2026 11:20:43.841] [main/DEBUG] [cpw.mods.modlauncher.TransformationServiceDecorator/MODLAUNCHER]: Initialized transformation service mixin
[21Feb2026 11:20:43.841] [main/DEBUG] [cpw.mods.modlauncher.TransformationServiceDecorator/MODLAUNCHER]: Initializing transformation service fml
[21Feb2026 11:20:43.842] [main/DEBUG] [net.minecraftforge.fml.loading.FMLServiceProvider/CORE]: Setting up basic FML game directories
[21Feb2026 11:20:43.842] [main/DEBUG] [net.minecraftforge.fml.loading.FMLPaths/CORE]: Path GAMEDIR is C:\Users\azooz\Desktop\Droppable\versions\forge\1.20\run
[21Feb2026 11:20:43.842] [main/DEBUG] [net.minecraftforge.fml.loading.FMLPaths/CORE]: Path MODSDIR is C:\Users\azooz\Desktop\Droppable\versions\forge\1.20\run\mods
[21Feb2026 11:20:43.842] [main/DEBUG] [net.minecraftforge.fml.loading.FMLPaths/CORE]: Path CONFIGDIR is C:\Users\azooz\Desktop\Droppable\versions\forge\1.20\run\config
[21Feb2026 11:20:43.843] [main/DEBUG] [net.minecraftforge.fml.loading.FMLPaths/CORE]: Path FMLCONFIG is C:\Users\azooz\Desktop\Droppable\versions\forge\1.20\run\config\fml.toml
[21Feb2026 11:20:43.843] [main/DEBUG] [net.minecraftforge.fml.loading.FMLServiceProvider/CORE]: Loading configuration
[21Feb2026 11:20:43.845] [main/DEBUG] [net.minecraftforge.fml.loading.FMLServiceProvider/CORE]: Preparing ModFile
[21Feb2026 11:20:43.848] [main/DEBUG] [net.minecraftforge.fml.loading.FMLServiceProvider/CORE]: Preparing launch handler
[21Feb2026 11:20:43.849] [main/DEBUG] [net.minecraftforge.fml.loading.FMLLoader/CORE]: Using forgeclientuserdev as launch service
[21Feb2026 11:20:43.862] [main/DEBUG] [net.minecraftforge.fml.loading.FMLLoader/CORE]: Received command line version data  : VersionInfo[forgeVersion=47.4.0, mcVersion=1.20.1, mcpVersion=20230612.114412, forgeGroup=net.minecraftforge]
[21Feb2026 11:20:43.865] [main/DEBUG] [cpw.mods.modlauncher.TransformationServiceDecorator/MODLAUNCHER]: Initialized transformation service fml
[21Feb2026 11:20:43.865] [main/DEBUG] [cpw.mods.modlauncher.NameMappingServiceHandler/MODLAUNCHER]: Current naming domain is 'mcp'
[21Feb2026 11:20:43.866] [main/DEBUG] [cpw.mods.modlauncher.NameMappingServiceHandler/MODLAUNCHER]: Identified name mapping providers {srg=srgtomcp:1234}
[21Feb2026 11:20:43.866] [main/DEBUG] [cpw.mods.modlauncher.TransformationServicesHandler/MODLAUNCHER]: Transformation services begin scanning
[21Feb2026 11:20:43.867] [main/DEBUG] [cpw.mods.modlauncher.TransformationServiceDecorator/MODLAUNCHER]: Beginning scan trigger - transformation service mixin
[21Feb2026 11:20:43.867] [main/DEBUG] [cpw.mods.modlauncher.TransformationServiceDecorator/MODLAUNCHER]: End scan trigger - transformation service mixin
[21Feb2026 11:20:43.867] [main/DEBUG] [cpw.mods.modlauncher.TransformationServiceDecorator/MODLAUNCHER]: Beginning scan trigger - transformation service fml
[21Feb2026 11:20:43.868] [main/DEBUG] [net.minecraftforge.fml.loading.FMLServiceProvider/CORE]: Initiating mod scan
[21Feb2026 11:20:43.871] [pool-2-thread-1/INFO] [EARLYDISPLAY/]: GL info: AMD Radeon RX 6700 GL version 4.6.0 Core Profile Context 26.1.1.260108, ATI Technologies Inc.
[21Feb2026 11:20:43.880] [main/DEBUG] [net.minecraftforge.fml.loading.moddiscovery.ModListHandler/CORE]: Found mod coordinates from lists: []
[21Feb2026 11:20:43.884] [main/DEBUG] [net.minecraftforge.fml.loading.moddiscovery.ModDiscoverer/CORE]: Found Mod Locators : (mods folder:null),(maven libs:null),(exploded directory:null),(minecraft:null),(userdev classpath:null)
[21Feb2026 11:20:43.885] [main/DEBUG] [net.minecraftforge.fml.loading.moddiscovery.ModDiscoverer/CORE]: Found Dependency Locators : (JarInJar:null)
[21Feb2026 11:20:43.893] [main/DEBUG] [net.minecraftforge.fml.loading.targets.CommonLaunchHandler/CORE]: Got mod coordinates Droppable%%C:\Users\azooz\Desktop\Droppable\versions\forge\1.20\build\resources\main;Droppable%%C:\Users\azooz\Desktop\Droppable\versions\forge\1.20\build\classes\java\main from env
[21Feb2026 11:20:43.895] [main/DEBUG] [net.minecraftforge.fml.loading.targets.CommonLaunchHandler/CORE]: Found supplied mod coordinates [{Droppable=[C:\Users\azooz\Desktop\Droppable\versions\forge\1.20\build\resources\main, C:\Users\azooz\Desktop\Droppable\versions\forge\1.20\build\classes\java\main]}]
[21Feb2026 11:20:44.119] [main/DEBUG] [net.minecraftforge.fml.loading.moddiscovery.ModFileInfo/LOADING]: Found valid mod file forge-1.20.1-47.4.0_mapped_official_1.20.1.jar with {minecraft} mods - versions {1.20.1}
[21Feb2026 11:20:44.134] [main/DEBUG] [net.minecraftforge.fml.loading.moddiscovery.ModFileParser/LOADING]: Considering mod file candidate C:\Users\azooz\.gradle\caches\modules-2\files-2.1\net.minecraftforge\javafmllanguage\1.20.1-47.4.0\f0c0b352173d0a378cbdcec9cfc4ba65899a721\javafmllanguage-1.20.1-47.4.0.jar
[21Feb2026 11:20:44.135] [main/WARN] [net.minecraftforge.fml.loading.moddiscovery.ModFileParser/LOADING]: Mod file C:\Users\azooz\.gradle\caches\modules-2\files-2.1\net.minecraftforge\javafmllanguage\1.20.1-47.4.0\f0c0b352173d0a378cbdcec9cfc4ba65899a721\javafmllanguage-1.20.1-47.4.0.jar is missing mods.toml file
[21Feb2026 11:20:44.137] [main/DEBUG] [net.minecraftforge.fml.loading.moddiscovery.ModFileParser/LOADING]: Considering mod file candidate C:\Users\azooz\.gradle\caches\modules-2\files-2.1\net.minecraftforge\lowcodelanguage\1.20.1-47.4.0\e862740d8c84d08dbfedea412bef88fe42e727c5\lowcodelanguage-1.20.1-47.4.0.jar
[21Feb2026 11:20:44.137] [main/WARN] [net.minecraftforge.fml.loading.moddiscovery.ModFileParser/LOADING]: Mod file C:\Users\azooz\.gradle\caches\modules-2\files-2.1\net.minecraftforge\lowcodelanguage\1.20.1-47.4.0\e862740d8c84d08dbfedea412bef88fe42e727c5\lowcodelanguage-1.20.1-47.4.0.jar is missing mods.toml file
[21Feb2026 11:20:44.139] [main/DEBUG] [net.minecraftforge.fml.loading.moddiscovery.ModFileParser/LOADING]: Considering mod file candidate C:\Users\azooz\.gradle\caches\modules-2\files-2.1\net.minecraftforge\mclanguage\1.20.1-47.4.0\5719b3a297a33f877ed5dde4cb4bd75c859096af\mclanguage-1.20.1-47.4.0.jar
[21Feb2026 11:20:44.139] [main/WARN] [net.minecraftforge.fml.loading.moddiscovery.ModFileParser/LOADING]: Mod file C:\Users\azooz\.gradle\caches\modules-2\files-2.1\net.minecraftforge\mclanguage\1.20.1-47.4.0\5719b3a297a33f877ed5dde4cb4bd75c859096af\mclanguage-1.20.1-47.4.0.jar is missing mods.toml file
[21Feb2026 11:20:44.144] [main/DEBUG] [net.minecraftforge.fml.loading.moddiscovery.ModFileParser/LOADING]: Considering mod file candidate C:\Users\azooz\.gradle\caches\modules-2\files-2.1\net.minecraftforge\fmlcore\1.20.1-47.4.0\235975dafa4309945b59c56b53f31dc5b65a6051\fmlcore-1.20.1-47.4.0.jar
[21Feb2026 11:20:44.144] [main/WARN] [net.minecraftforge.fml.loading.moddiscovery.ModFileParser/LOADING]: Mod file C:\Users\azooz\.gradle\caches\modules-2\files-2.1\net.minecraftforge\fmlcore\1.20.1-47.4.0\235975dafa4309945b59c56b53f31dc5b65a6051\fmlcore-1.20.1-47.4.0.jar is missing mods.toml file
[21Feb2026 11:20:44.148] [main/DEBUG] [net.minecraftforge.fml.loading.moddiscovery.ModFileParser/LOADING]: Considering mod file candidate C:\Users\azooz\Desktop\Droppable\versions\forge\1.20\build\resources\main
[21Feb2026 11:20:44.154] [main/DEBUG] [net.minecraftforge.fml.loading.moddiscovery.ModFileInfo/LOADING]: Found valid mod file main with {droppable} mods - versions {20.0.5}
[21Feb2026 11:20:44.158] [main/DEBUG] [net.minecraftforge.fml.loading.moddiscovery.ModFileParser/LOADING]: Considering mod file candidate /
[21Feb2026 11:20:44.161] [main/DEBUG] [net.minecraftforge.fml.loading.moddiscovery.ModFileInfo/LOADING]: Found valid mod file  with {forge} mods - versions {47.4.0}
[21Feb2026 11:20:44.181] [main/DEBUG] [net.minecraftforge.fml.loading.moddiscovery.ModFileParser/LOADING]: Considering mod file candidate C:\Users\azooz\.gradle\caches\forge_gradle\deobf_dependencies\curse\maven\epic-fight-mod-405076\7446493_mapped_official_1.20.1\epic-fight-mod-405076-7446493_mapped_official_1.20.1.jar
[21Feb2026 11:20:44.182] [main/DEBUG] [net.minecraftforge.fml.loading.moddiscovery.ModFileInfo/LOADING]: Found valid mod file epic-fight-mod-405076-7446493_mapped_official_1.20.1.jar with {epicfight} mods - versions {20.14.5}
[21Feb2026 11:20:44.186] [main/DEBUG] [net.minecraftforge.fml.loading.moddiscovery.ModFileParser/LOADING]: Considering mod file candidate C:\Users\azooz\.gradle\caches\forge_gradle\deobf_dependencies\curse\maven\epic-fight-mod-405076\7446493_mapped_official_1.20.1\epic-fight-mod-405076-7446493_mapped_official_1.20.1.jar
[21Feb2026 11:20:44.188] [main/DEBUG] [net.minecraftforge.fml.loading.moddiscovery.ModFileInfo/LOADING]: Found valid mod file epic-fight-mod-405076-7446493_mapped_official_1.20.1.jar with {epicfight} mods - versions {20.14.5}
[21Feb2026 11:20:44.193] [main/DEBUG] [net.minecraftforge.fml.loading.UniqueModListBuilder/]: Found 2 mods for first modid epicfight, selecting most recent based on version data
[21Feb2026 11:20:44.193] [main/DEBUG] [net.minecraftforge.fml.loading.UniqueModListBuilder/]: Selected file epic-fight-mod-405076-7446493_mapped_official_1.20.1.jar for modid epicfight with version 20.14.5
[21Feb2026 11:20:44.201] [main/DEBUG] [net.minecraftforge.fml.loading.moddiscovery.AbstractJarFileDependencyLocator/]: Failed to load resource META-INF\jarjar\metadata.json from main, it does not contain dependency information.
[21Feb2026 11:20:44.201] [main/DEBUG] [net.minecraftforge.fml.loading.moddiscovery.AbstractJarFileDependencyLocator/]: Failed to load resource META-INF\jarjar\metadata.json from forge-1.20.1-47.4.0_mapped_official_1.20.1.jar, it does not contain dependency information.
[21Feb2026 11:20:44.201] [main/DEBUG] [net.minecraftforge.fml.loading.moddiscovery.AbstractJarFileDependencyLocator/]: Failed to load resource META-INF\jarjar\metadata.json from , it does not contain dependency information.
[21Feb2026 11:20:44.201] [main/DEBUG] [net.minecraftforge.fml.loading.moddiscovery.AbstractJarFileDependencyLocator/]: Failed to load resource META-INF\jarjar\metadata.json from epic-fight-mod-405076-7446493_mapped_official_1.20.1.jar, it does not contain dependency information.
[21Feb2026 11:20:44.202] [main/DEBUG] [net.minecraftforge.fml.loading.moddiscovery.AbstractJarFileDependencyLocator/]: Failed to load resource META-INF\jarjar\metadata.json from mclanguage-1.20.1-47.4.0.jar, it does not contain dependency information.
[21Feb2026 11:20:44.202] [main/DEBUG] [net.minecraftforge.fml.loading.moddiscovery.AbstractJarFileDependencyLocator/]: Failed to load resource META-INF\jarjar\metadata.json from javafmllanguage-1.20.1-47.4.0.jar, it does not contain dependency information.
[21Feb2026 11:20:44.202] [main/DEBUG] [net.minecraftforge.fml.loading.moddiscovery.AbstractJarFileDependencyLocator/]: Failed to load resource META-INF\jarjar\metadata.json from fmlcore-1.20.1-47.4.0.jar, it does not contain dependency information.
[21Feb2026 11:20:44.202] [main/DEBUG] [net.minecraftforge.fml.loading.moddiscovery.AbstractJarFileDependencyLocator/]: Failed to load resource META-INF\jarjar\metadata.json from lowcodelanguage-1.20.1-47.4.0.jar, it does not contain dependency information.
[21Feb2026 11:20:44.231] [main/INFO] [net.minecraftforge.fml.loading.moddiscovery.JarInJarDependencyLocator/]: No dependencies to load found. Skipping!
[21Feb2026 11:20:44.234] [main/DEBUG] [net.minecraftforge.fml.loading.moddiscovery.ModFileInfo/LOADING]: Found valid mod file forge-1.20.1-47.4.0_mapped_official_1.20.1.jar with {minecraft} mods - versions {1.20.1}
[21Feb2026 11:20:44.236] [main/DEBUG] [net.minecraftforge.fml.loading.moddiscovery.ModFile/LOADING]: Loading mod file C:\Users\azooz\.gradle\caches\forge_gradle\minecraft_user_repo\net\minecraftforge\forge\1.20.1-47.4.0_mapped_official_1.20.1\forge-1.20.1-47.4.0_mapped_official_1.20.1.jar with languages [LanguageSpec[languageName=minecraft, acceptedVersions=1]]
[21Feb2026 11:20:44.237] [main/DEBUG] [net.minecraftforge.fml.loading.moddiscovery.ModFileParser/LOADING]: Considering mod file candidate C:\Users\azooz\Desktop\Droppable\versions\forge\1.20\build\resources\main
[21Feb2026 11:20:44.241] [main/DEBUG] [net.minecraftforge.fml.loading.moddiscovery.ModFileInfo/LOADING]: Found valid mod file main with {droppable} mods - versions {20.0.5}
[21Feb2026 11:20:44.241] [main/DEBUG] [net.minecraftforge.fml.loading.moddiscovery.ModFile/LOADING]: Loading mod file C:\Users\azooz\Desktop\Droppable\versions\forge\1.20\build\resources\main with languages [LanguageSpec[languageName=javafml, acceptedVersions=[47,)]]
[21Feb2026 11:20:44.241] [main/DEBUG] [net.minecraftforge.fml.loading.moddiscovery.ModFileParser/LOADING]: Considering mod file candidate /
[21Feb2026 11:20:44.242] [main/DEBUG] [net.minecraftforge.fml.loading.moddiscovery.ModFileInfo/LOADING]: Found valid mod file  with {forge} mods - versions {47.4.0}
[21Feb2026 11:20:44.242] [main/DEBUG] [net.minecraftforge.fml.loading.moddiscovery.ModFile/LOADING]: Loading mod file / with languages [LanguageSpec[languageName=javafml, acceptedVersions=[24,]]]
[21Feb2026 11:20:44.284] [main/DEBUG] [net.minecraftforge.fml.loading.moddiscovery.ModFileParser/LOADING]: Found coremod field_to_method with Javascript path coremods/field_to_method.js
[21Feb2026 11:20:44.284] [main/DEBUG] [net.minecraftforge.fml.loading.moddiscovery.ModFileParser/LOADING]: Found coremod field_to_instanceof with Javascript path coremods/field_to_instanceof.js
[21Feb2026 11:20:44.284] [main/DEBUG] [net.minecraftforge.fml.loading.moddiscovery.ModFileParser/LOADING]: Found coremod add_bouncer_method with Javascript path coremods/add_bouncer_method.js
[21Feb2026 11:20:44.284] [main/DEBUG] [net.minecraftforge.fml.loading.moddiscovery.ModFileParser/LOADING]: Found coremod method_redirector with Javascript path coremods/method_redirector.js
[21Feb2026 11:20:44.284] [main/DEBUG] [net.minecraftforge.fml.loading.moddiscovery.ModFile/LOADING]: Found coremod coremods/field_to_method.js
[21Feb2026 11:20:44.284] [main/DEBUG] [net.minecraftforge.fml.loading.moddiscovery.ModFile/LOADING]: Found coremod coremods/field_to_instanceof.js
[21Feb2026 11:20:44.284] [main/DEBUG] [net.minecraftforge.fml.loading.moddiscovery.ModFile/LOADING]: Found coremod coremods/add_bouncer_method.js
[21Feb2026 11:20:44.284] [main/DEBUG] [net.minecraftforge.fml.loading.moddiscovery.ModFile/LOADING]: Found coremod coremods/method_redirector.js
[21Feb2026 11:20:44.286] [main/DEBUG] [net.minecraftforge.fml.loading.moddiscovery.ModFileParser/LOADING]: Considering mod file candidate C:\Users\azooz\.gradle\caches\forge_gradle\deobf_dependencies\curse\maven\epic-fight-mod-405076\7446493_mapped_official_1.20.1\epic-fight-mod-405076-7446493_mapped_official_1.20.1.jar
[21Feb2026 11:20:44.286] [main/DEBUG] [net.minecraftforge.fml.loading.moddiscovery.ModFileInfo/LOADING]: Found valid mod file epic-fight-mod-405076-7446493_mapped_official_1.20.1.jar with {epicfight} mods - versions {20.14.5}
[21Feb2026 11:20:44.287] [main/DEBUG] [net.minecraftforge.fml.loading.moddiscovery.ModFile/LOADING]: Loading mod file C:\Users\azooz\.gradle\caches\forge_gradle\deobf_dependencies\curse\maven\epic-fight-mod-405076\7446493_mapped_official_1.20.1\epic-fight-mod-405076-7446493_mapped_official_1.20.1.jar with languages [LanguageSpec[languageName=javafml, acceptedVersions=[47,)]]
[21Feb2026 11:20:44.288] [main/DEBUG] [cpw.mods.modlauncher.TransformationServiceDecorator/MODLAUNCHER]: End scan trigger - transformation service fml
[21Feb2026 11:20:44.297] [main/DEBUG] [net.minecraftforge.fml.loading.LanguageLoadingProvider/CORE]: Found 3 language providers
[21Feb2026 11:20:44.298] [main/DEBUG] [net.minecraftforge.fml.loading.LanguageLoadingProvider/CORE]: Found language provider minecraft, version 1.0
[21Feb2026 11:20:44.299] [main/DEBUG] [net.minecraftforge.fml.loading.LanguageLoadingProvider/CORE]: Found language provider lowcodefml, version 47
[21Feb2026 11:20:44.299] [main/DEBUG] [net.minecraftforge.fml.loading.LanguageLoadingProvider/CORE]: Found language provider javafml, version 47
[21Feb2026 11:20:44.305] [main/DEBUG] [net.minecraftforge.fml.loading.ModSorter/]: Configured system mods: [minecraft, forge]
[21Feb2026 11:20:44.305] [main/DEBUG] [net.minecraftforge.fml.loading.ModSorter/]: Found system mod: minecraft
[21Feb2026 11:20:44.305] [main/DEBUG] [net.minecraftforge.fml.loading.ModSorter/]: Found system mod: forge
[21Feb2026 11:20:44.307] [main/DEBUG] [net.minecraftforge.fml.loading.ModSorter/LOADING]: Found 5 mod requirements (5 mandatory, 0 optional)
[21Feb2026 11:20:44.308] [main/DEBUG] [net.minecraftforge.fml.loading.ModSorter/LOADING]: Found 0 mod requirements missing (0 mandatory, 0 optional)
[21Feb2026 11:20:44.669] [main/DEBUG] [net.minecraftforge.fml.loading.MCPNamingService/CORE]: Loaded 33222 method mappings from methods.csv
[21Feb2026 11:20:44.700] [main/DEBUG] [net.minecraftforge.fml.loading.MCPNamingService/CORE]: Loaded 31003 field mappings from fields.csv
[21Feb2026 11:20:44.751] [main/DEBUG] [cpw.mods.modlauncher.TransformationServicesHandler/MODLAUNCHER]: Transformation services loading transformers
[21Feb2026 11:20:44.752] [main/DEBUG] [cpw.mods.modlauncher.TransformationServiceDecorator/MODLAUNCHER]: Initializing transformers for transformation service mixin
[21Feb2026 11:20:44.752] [main/DEBUG] [cpw.mods.modlauncher.TransformationServiceDecorator/MODLAUNCHER]: Initialized transformers for transformation service mixin
[21Feb2026 11:20:44.752] [main/DEBUG] [cpw.mods.modlauncher.TransformationServiceDecorator/MODLAUNCHER]: Initializing transformers for transformation service fml
[21Feb2026 11:20:44.752] [main/DEBUG] [net.minecraftforge.fml.loading.FMLServiceProvider/CORE]: Loading coremod transformers
[21Feb2026 11:20:44.752] [main/DEBUG] [net.minecraftforge.coremod.CoreModEngine/COREMOD]: Loading CoreMod from coremods/field_to_method.js
[21Feb2026 11:20:44.893] [main/DEBUG] [net.minecraftforge.coremod.CoreModEngine/COREMOD]: CoreMod loaded successfully
[21Feb2026 11:20:44.893] [main/DEBUG] [net.minecraftforge.coremod.CoreModEngine/COREMOD]: Loading CoreMod from coremods/field_to_instanceof.js
[21Feb2026 11:20:44.949] [main/DEBUG] [net.minecraftforge.coremod.CoreModEngine/COREMOD]: CoreMod loaded successfully
[21Feb2026 11:20:44.949] [main/DEBUG] [net.minecraftforge.coremod.CoreModEngine/COREMOD]: Loading CoreMod from coremods/add_bouncer_method.js
[21Feb2026 11:20:44.986] [main/DEBUG] [net.minecraftforge.coremod.CoreModEngine/COREMOD]: CoreMod loaded successfully
[21Feb2026 11:20:44.986] [main/DEBUG] [net.minecraftforge.coremod.CoreModEngine/COREMOD]: Loading CoreMod from coremods/method_redirector.js
[21Feb2026 11:20:45.059] [main/DEBUG] [net.minecraftforge.coremod.CoreModEngine/COREMOD]: CoreMod loaded successfully
[21Feb2026 11:20:45.072] [main/DEBUG] [cpw.mods.modlauncher.TransformStore/MODLAUNCHER]: Adding transformer net.minecraftforge.coremod.transformer.CoreModClassTransformer@5b7aa898 to Target : CLASS {Lnet/minecraft/world/level/biome/Biome;} {} {V}
[21Feb2026 11:20:45.074] [main/DEBUG] [cpw.mods.modlauncher.TransformStore/MODLAUNCHER]: Adding transformer net.minecraftforge.coremod.transformer.CoreModClassTransformer@3976ebfa to Target : CLASS {Lnet/minecraft/world/level/levelgen/structure/Structure;} {} {V}
[21Feb2026 11:20:45.074] [main/DEBUG] [cpw.mods.modlauncher.TransformStore/MODLAUNCHER]: Adding transformer net.minecraftforge.coremod.transformer.CoreModClassTransformer@2676dc05 to Target : CLASS {Lnet/minecraft/world/effect/MobEffectInstance;} {} {V}
[21Feb2026 11:20:45.074] [main/DEBUG] [cpw.mods.modlauncher.TransformStore/MODLAUNCHER]: Adding transformer net.minecraftforge.coremod.transformer.CoreModClassTransformer@b0a1231 to Target : CLASS {Lnet/minecraft/world/level/block/LiquidBlock;} {} {V}
[21Feb2026 11:20:45.075] [main/DEBUG] [cpw.mods.modlauncher.TransformStore/MODLAUNCHER]: Adding transformer net.minecraftforge.coremod.transformer.CoreModClassTransformer@4833eff3 to Target : CLASS {Lnet/minecraft/world/item/BucketItem;} {} {V}
[21Feb2026 11:20:45.075] [main/DEBUG] [cpw.mods.modlauncher.TransformStore/MODLAUNCHER]: Adding transformer net.minecraftforge.coremod.transformer.CoreModClassTransformer@4694f434 to Target : CLASS {Lnet/minecraft/world/level/block/StairBlock;} {} {V}
[21Feb2026 11:20:45.075] [main/DEBUG] [cpw.mods.modlauncher.TransformStore/MODLAUNCHER]: Adding transformer net.minecraftforge.coremod.transformer.CoreModClassTransformer@56928e17 to Target : CLASS {Lnet/minecraft/world/level/block/FlowerPotBlock;} {} {V}
[21Feb2026 11:20:45.075] [main/DEBUG] [cpw.mods.modlauncher.TransformStore/MODLAUNCHER]: Adding transformer net.minecraftforge.coremod.transformer.CoreModClassTransformer@dd2856e to Target : CLASS {Lnet/minecraft/world/item/ItemStack;} {} {V}
[21Feb2026 11:20:45.075] [main/DEBUG] [cpw.mods.modlauncher.TransformStore/MODLAUNCHER]: Adding transformer net.minecraftforge.coremod.transformer.CoreModClassTransformer@5a49af50 to Target : CLASS {Lnet/minecraft/network/play/client/CClientSettingsPacket;} {} {V}
[21Feb2026 11:20:45.075] [main/DEBUG] [cpw.mods.modlauncher.TransformStore/MODLAUNCHER]: Adding transformer net.minecraftforge.coremod.transformer.CoreModClassTransformer@3b1dc579 to Target : CLASS {Lnet/minecraft/world/entity/animal/horse/SkeletonTrapGoal;} {} {V}
[21Feb2026 11:20:45.075] [main/DEBUG] [cpw.mods.modlauncher.TransformStore/MODLAUNCHER]: Adding transformer net.minecraftforge.coremod.transformer.CoreModClassTransformer@3b1dc579 to Target : CLASS {Lnet/minecraft/world/entity/raid/Raid;} {} {V}
[21Feb2026 11:20:45.075] [main/DEBUG] [cpw.mods.modlauncher.TransformStore/MODLAUNCHER]: Adding transformer net.minecraftforge.coremod.transformer.CoreModClassTransformer@3b1dc579 to Target : CLASS {Lnet/minecraft/world/level/levelgen/structure/structures/SwampHutPiece;} {} {V}
[21Feb2026 11:20:45.075] [main/DEBUG] [cpw.mods.modlauncher.TransformStore/MODLAUNCHER]: Adding transformer net.minecraftforge.coremod.transformer.CoreModClassTransformer@3b1dc579 to Target : CLASS {Lnet/minecraft/world/entity/animal/frog/Tadpole;} {} {V}
[21Feb2026 11:20:45.075] [main/DEBUG] [cpw.mods.modlauncher.TransformStore/MODLAUNCHER]: Adding transformer net.minecraftforge.coremod.transformer.CoreModClassTransformer@3b1dc579 to Target : CLASS {Lnet/minecraft/world/level/levelgen/structure/structures/WoodlandMansionPieces$WoodlandMansionPiece;} {} {V}
[21Feb2026 11:20:45.075] [main/DEBUG] [cpw.mods.modlauncher.TransformStore/MODLAUNCHER]: Adding transformer net.minecraftforge.coremod.transformer.CoreModClassTransformer@3b1dc579 to Target : CLASS {Lnet/minecraft/world/level/levelgen/structure/structures/OceanRuinPieces$OceanRuinPiece;} {} {V}
[21Feb2026 11:20:45.077] [main/DEBUG] [cpw.mods.modlauncher.TransformStore/MODLAUNCHER]: Adding transformer net.minecraftforge.coremod.transformer.CoreModClassTransformer@3b1dc579 to Target : CLASS {Lnet/minecraft/world/entity/npc/CatSpawner;} {} {V}
[21Feb2026 11:20:45.077] [main/DEBUG] [cpw.mods.modlauncher.TransformStore/MODLAUNCHER]: Adding transformer net.minecraftforge.coremod.transformer.CoreModClassTransformer@3b1dc579 to Target : CLASS {Lnet/minecraft/world/level/levelgen/PatrolSpawner;} {} {V}
[21Feb2026 11:20:45.077] [main/DEBUG] [cpw.mods.modlauncher.TransformStore/MODLAUNCHER]: Adding transformer net.minecraftforge.coremod.transformer.CoreModClassTransformer@3b1dc579 to Target : CLASS {Lnet/minecraft/world/level/levelgen/PhantomSpawner;} {} {V}
[21Feb2026 11:20:45.077] [main/DEBUG] [cpw.mods.modlauncher.TransformStore/MODLAUNCHER]: Adding transformer net.minecraftforge.coremod.transformer.CoreModClassTransformer@3b1dc579 to Target : CLASS {Lnet/minecraft/world/entity/EntityType;} {} {V}
[21Feb2026 11:20:45.077] [main/DEBUG] [cpw.mods.modlauncher.TransformStore/MODLAUNCHER]: Adding transformer net.minecraftforge.coremod.transformer.CoreModClassTransformer@3b1dc579 to Target : CLASS {Lnet/minecraft/server/commands/RaidCommand;} {} {V}
[21Feb2026 11:20:45.077] [main/DEBUG] [cpw.mods.modlauncher.TransformStore/MODLAUNCHER]: Adding transformer net.minecraftforge.coremod.transformer.CoreModClassTransformer@3b1dc579 to Target : CLASS {Lnet/minecraft/world/entity/monster/Spider;} {} {V}
[21Feb2026 11:20:45.077] [main/DEBUG] [cpw.mods.modlauncher.TransformStore/MODLAUNCHER]: Adding transformer net.minecraftforge.coremod.transformer.CoreModClassTransformer@3b1dc579 to Target : CLASS {Lnet/minecraft/world/entity/monster/Zombie;} {} {V}
[21Feb2026 11:20:45.077] [main/DEBUG] [cpw.mods.modlauncher.TransformStore/MODLAUNCHER]: Adding transformer net.minecraftforge.coremod.transformer.CoreModClassTransformer@3b1dc579 to Target : CLASS {Lnet/minecraft/world/entity/monster/Evoker$EvokerSummonSpellGoal;} {} {V}
[21Feb2026 11:20:45.077] [main/DEBUG] [cpw.mods.modlauncher.TransformStore/MODLAUNCHER]: Adding transformer net.minecraftforge.coremod.transformer.CoreModClassTransformer@3b1dc579 to Target : CLASS {Lnet/minecraft/world/entity/npc/Villager;} {} {V}
[21Feb2026 11:20:45.077] [main/DEBUG] [cpw.mods.modlauncher.TransformStore/MODLAUNCHER]: Adding transformer net.minecraftforge.coremod.transformer.CoreModClassTransformer@3b1dc579 to Target : CLASS {Lnet/minecraft/world/entity/ai/village/VillageSiege;} {} {V}
[21Feb2026 11:20:45.077] [main/DEBUG] [cpw.mods.modlauncher.TransformStore/MODLAUNCHER]: Adding transformer net.minecraftforge.coremod.transformer.CoreModClassTransformer@3b1dc579 to Target : CLASS {Lnet/minecraft/world/level/levelgen/structure/structures/OceanMonumentPieces$OceanMonumentPiece;} {} {V}
[21Feb2026 11:20:45.077] [main/DEBUG] [cpw.mods.modlauncher.TransformStore/MODLAUNCHER]: Adding transformer net.minecraftforge.coremod.transformer.CoreModClassTransformer@3b1dc579 to Target : CLASS {Lnet/minecraft/world/level/levelgen/structure/templatesystem/StructureTemplate;} {} {V}
[21Feb2026 11:20:45.077] [main/DEBUG] [cpw.mods.modlauncher.TransformStore/MODLAUNCHER]: Adding transformer net.minecraftforge.coremod.transformer.CoreModClassTransformer@3b1dc579 to Target : CLASS {Lnet/minecraft/world/entity/monster/ZombieVillager;} {} {V}
[21Feb2026 11:20:45.077] [main/DEBUG] [cpw.mods.modlauncher.TransformStore/MODLAUNCHER]: Adding transformer net.minecraftforge.coremod.transformer.CoreModClassTransformer@3b1dc579 to Target : CLASS {Lnet/minecraft/server/commands/SummonCommand;} {} {V}
[21Feb2026 11:20:45.078] [main/DEBUG] [cpw.mods.modlauncher.TransformStore/MODLAUNCHER]: Adding transformer net.minecraftforge.coremod.transformer.CoreModClassTransformer@3b1dc579 to Target : CLASS {Lnet/minecraft/world/entity/monster/Strider;} {} {V}
[21Feb2026 11:20:45.078] [main/DEBUG] [cpw.mods.modlauncher.TransformStore/MODLAUNCHER]: Adding transformer net.minecraftforge.coremod.transformer.CoreModClassTransformer@3b1dc579 to Target : CLASS {Lnet/minecraft/world/level/NaturalSpawner;} {} {V}
[21Feb2026 11:20:45.078] [main/DEBUG] [cpw.mods.modlauncher.TransformationServiceDecorator/MODLAUNCHER]: Initialized transformers for transformation service fml
[21Feb2026 11:20:45.422] [main/DEBUG] [mixin/]: Processing prepare() for PlatformAgent[MixinPlatformAgentDefault:ModLauncher Root Container(ModLauncher:4f56a0a2)]
[21Feb2026 11:20:45.422] [main/DEBUG] [mixin/]: Processing launch tasks for PlatformAgent[MixinPlatformAgentDefault:ModLauncher Root Container(ModLauncher:4f56a0a2)]
[21Feb2026 11:20:45.422] [main/DEBUG] [mixin/]: Adding mixin platform agents for container SecureJarResource(minecraft)
[21Feb2026 11:20:45.422] [main/DEBUG] [mixin/]: Instancing new MixinPlatformAgentMinecraftForge for SecureJarResource(minecraft)
[21Feb2026 11:20:45.422] [main/DEBUG] [mixin/]: MixinPlatformAgentMinecraftForge rejected container SecureJarResource(minecraft)
[21Feb2026 11:20:45.423] [main/DEBUG] [mixin/]: Instancing new MixinPlatformAgentDefault for SecureJarResource(minecraft)
[21Feb2026 11:20:45.423] [main/DEBUG] [mixin/]: MixinPlatformAgentDefault accepted container SecureJarResource(minecraft)
[21Feb2026 11:20:45.423] [main/DEBUG] [mixin/]: Processing prepare() for PlatformAgent[MixinPlatformAgentDefault:SecureJarResource(minecraft)]
[21Feb2026 11:20:45.423] [main/DEBUG] [mixin/]: Adding mixin platform agents for container SecureJarResource(forge)
[21Feb2026 11:20:45.423] [main/DEBUG] [mixin/]: Instancing new MixinPlatformAgentMinecraftForge for SecureJarResource(forge)
[21Feb2026 11:20:45.423] [main/DEBUG] [mixin/]: MixinPlatformAgentMinecraftForge rejected container SecureJarResource(forge)
[21Feb2026 11:20:45.423] [main/DEBUG] [mixin/]: Instancing new MixinPlatformAgentDefault for SecureJarResource(forge)
[21Feb2026 11:20:45.423] [main/DEBUG] [mixin/]: MixinPlatformAgentDefault accepted container SecureJarResource(forge)
[21Feb2026 11:20:45.423] [main/DEBUG] [mixin/]: Processing prepare() for PlatformAgent[MixinPlatformAgentDefault:SecureJarResource(forge)]
[21Feb2026 11:20:45.423] [main/DEBUG] [mixin/]: Adding mixin platform agents for container SecureJarResource(epicfight)
[21Feb2026 11:20:45.424] [main/DEBUG] [mixin/]: Instancing new MixinPlatformAgentMinecraftForge for SecureJarResource(epicfight)
[21Feb2026 11:20:45.424] [main/DEBUG] [mixin/]: MixinPlatformAgentMinecraftForge rejected container SecureJarResource(epicfight)
[21Feb2026 11:20:45.424] [main/DEBUG] [mixin/]: Instancing new MixinPlatformAgentDefault for SecureJarResource(epicfight)
[21Feb2026 11:20:45.424] [main/DEBUG] [mixin/]: MixinPlatformAgentDefault accepted container SecureJarResource(epicfight)
[21Feb2026 11:20:45.424] [main/DEBUG] [mixin/]: Processing prepare() for PlatformAgent[MixinPlatformAgentDefault:SecureJarResource(epicfight)]
[21Feb2026 11:20:45.424] [main/DEBUG] [mixin/]: Registering mixin config: mixins.epicfight.json
[21Feb2026 11:20:45.435] [main/DEBUG] [mixin/]: Compatibility level JAVA_17 specified by mixins.epicfight.json is higher than the maximum level supported by this version of mixin (JAVA_13).
[21Feb2026 11:20:45.440] [main/INFO] [mixin/]: Compatibility level set to JAVA_17
[21Feb2026 11:20:45.441] [main/DEBUG] [mixin/]: Adding mixin platform agents for container SecureJarResource(droppable)
[21Feb2026 11:20:45.441] [main/DEBUG] [mixin/]: Instancing new MixinPlatformAgentMinecraftForge for SecureJarResource(droppable)
[21Feb2026 11:20:45.441] [main/DEBUG] [mixin/]: MixinPlatformAgentMinecraftForge rejected container SecureJarResource(droppable)
[21Feb2026 11:20:45.441] [main/DEBUG] [mixin/]: Instancing new MixinPlatformAgentDefault for SecureJarResource(droppable)
[21Feb2026 11:20:45.441] [main/DEBUG] [mixin/]: MixinPlatformAgentDefault accepted container SecureJarResource(droppable)
[21Feb2026 11:20:45.441] [main/DEBUG] [mixin/]: Processing prepare() for PlatformAgent[MixinPlatformAgentDefault:SecureJarResource(droppable)]
[21Feb2026 11:20:45.441] [main/DEBUG] [mixin/]: inject() running with 5 agents
[21Feb2026 11:20:45.441] [main/DEBUG] [mixin/]: Processing inject() for PlatformAgent[MixinPlatformAgentDefault:ModLauncher Root Container(ModLauncher:4f56a0a2)]
[21Feb2026 11:20:45.441] [main/DEBUG] [mixin/]: Processing inject() for PlatformAgent[MixinPlatformAgentDefault:SecureJarResource(minecraft)]
[21Feb2026 11:20:45.441] [main/DEBUG] [mixin/]: Processing inject() for PlatformAgent[MixinPlatformAgentDefault:SecureJarResource(forge)]
[21Feb2026 11:20:45.442] [main/DEBUG] [mixin/]: Processing inject() for PlatformAgent[MixinPlatformAgentDefault:SecureJarResource(epicfight)]
[21Feb2026 11:20:45.442] [main/DEBUG] [mixin/]: Processing inject() for PlatformAgent[MixinPlatformAgentDefault:SecureJarResource(droppable)]
[21Feb2026 11:20:45.442] [main/INFO] [cpw.mods.modlauncher.LaunchServiceHandler/MODLAUNCHER]: Launching target 'forgeclientuserdev' with arguments [--version, MOD_DEV, --gameDir, ., --assetsDir, C:\Users\azooz\.gradle\caches\forge_gradle\assets, --assetIndex, 5]
[21Feb2026 11:20:45.523] [main/DEBUG] [mixin/]: Error cleaning class output directory: .mixin.out
[21Feb2026 11:20:45.526] [main/DEBUG] [mixin/]: Preparing mixins for MixinEnvironment[DEFAULT]
[21Feb2026 11:20:45.527] [main/DEBUG] [mixin/]: Selecting config mixins.epicfight.json
[21Feb2026 11:20:45.859] [main/INFO] [mixin/]: Remapping refMap mixins.epicfight.refmap.json using C:\Users\azooz\Desktop\Droppable\versions\forge\1.20\build\createSrgToMcp\output.srg
[21Feb2026 11:20:45.859] [main/DEBUG] [mixin/]: Preparing mixins.epicfight.json (38)
[21Feb2026 11:20:46.117] [main/WARN] [mixin/]: Error loading class: dev/tr7zw/skinlayers/versionless/render/CustomModelPart (java.lang.ClassNotFoundException: dev.tr7zw.skinlayers.versionless.render.CustomModelPart)
[21Feb2026 11:20:46.117] [main/WARN] [mixin/]: @Mixin target dev.tr7zw.skinlayers.versionless.render.CustomModelPart was not found mixins.epicfight.json:skinlayers.MixinCustomModelPart
[21Feb2026 11:20:46.118] [main/WARN] [mixin/]: Error loading class: dev/tr7zw/skinlayers/versionless/render/CustomizableCube (java.lang.ClassNotFoundException: dev.tr7zw.skinlayers.versionless.render.CustomizableCube)
[21Feb2026 11:20:46.118] [main/WARN] [mixin/]: @Mixin target dev.tr7zw.skinlayers.versionless.render.CustomizableCube was not found mixins.epicfight.json:skinlayers.MixinCustomizableCubeWrapper$SkinLayer3DMixinCustomModelCube
[21Feb2026 11:20:46.119] [main/WARN] [mixin/]: Error loading class: de/teamlapen/vampirism/client/renderer/entity/layers/VampirePlayerHeadLayer (java.lang.ClassNotFoundException: de.teamlapen.vampirism.client.renderer.entity.layers.VampirePlayerHeadLayer)
[21Feb2026 11:20:46.119] [main/WARN] [mixin/]: @Mixin target de.teamlapen.vampirism.client.renderer.entity.layers.VampirePlayerHeadLayer was not found mixins.epicfight.json:teamlapen.MixinVampirePlayerHeadLayer
[21Feb2026 11:20:46.122] [main/WARN] [mixin/]: Error loading class: de/teamlapen/werewolves/client/render/layer/HumanWerewolfLayer (java.lang.ClassNotFoundException: de.teamlapen.werewolves.client.render.layer.HumanWerewolfLayer)
[21Feb2026 11:20:46.122] [main/WARN] [mixin/]: @Mixin target de.teamlapen.werewolves.client.render.layer.HumanWerewolfLayer was not found mixins.epicfight.json:teamlapen.MixinHumanWerewolfLayer
[21Feb2026 11:20:46.132] [main/DEBUG] [mixin/]: Registering new injector for @Inject with org.spongepowered.asm.mixin.injection.struct.CallbackInjectionInfo
[21Feb2026 11:20:46.134] [main/DEBUG] [mixin/]: Registering new injector for @ModifyArg with org.spongepowered.asm.mixin.injection.struct.ModifyArgInjectionInfo
[21Feb2026 11:20:46.135] [main/DEBUG] [mixin/]: Registering new injector for @ModifyArgs with org.spongepowered.asm.mixin.injection.struct.ModifyArgsInjectionInfo
[21Feb2026 11:20:46.137] [main/DEBUG] [mixin/]: Registering new injector for @Redirect with org.spongepowered.asm.mixin.injection.struct.RedirectInjectionInfo
[21Feb2026 11:20:46.138] [main/DEBUG] [mixin/]: Registering new injector for @ModifyVariable with org.spongepowered.asm.mixin.injection.struct.ModifyVariableInjectionInfo
[21Feb2026 11:20:46.139] [main/DEBUG] [mixin/]: Registering new injector for @ModifyConstant with org.spongepowered.asm.mixin.injection.struct.ModifyConstantInjectionInfo
[21Feb2026 11:20:46.161] [main/DEBUG] [mixin/]: Prepared 34 mixins in 0.634 sec (18.6ms avg) (0ms load, 0ms transform, 0ms plugin)
[21Feb2026 11:20:46.188] [main/DEBUG] [mixin/]: Mixing client.MixinMinecraft from mixins.epicfight.json into net.minecraft.client.Minecraft
[21Feb2026 11:20:46.678] [main/DEBUG] [io.netty.util.internal.logging.InternalLoggerFactory/]: Using SLF4J as the default logging framework
[21Feb2026 11:20:46.681] [main/DEBUG] [io.netty.util.ResourceLeakDetector/]: -Dio.netty.leakDetection.level: simple
[21Feb2026 11:20:46.681] [main/DEBUG] [io.netty.util.ResourceLeakDetector/]: -Dio.netty.leakDetection.targetRecords: 4
[21Feb2026 11:20:46.782] [main/DEBUG] [oshi.util.FileUtil/]: No oshi.properties file found from ClassLoader cpw.mods.modlauncher.TransformingClassLoader@49fa1d74
[21Feb2026 11:20:47.018] [main/DEBUG] [oshi.util.FileUtil/]: No oshi.architecture.properties file found from ClassLoader cpw.mods.modlauncher.TransformingClassLoader@49fa1d74
[21Feb2026 11:20:47.199] [main/WARN] [oshi.driver.windows.perfmon.PerfmonDisabled/]: Invalid registry value type detected for PerfOS counters. Should be REG_DWORD. Ignoring: HKEY_LOCAL_MACHINE\SYSTEM\CurrentControlSet\Services\PerfOS\Performance\Disable Performance Counters.
[21Feb2026 11:20:47.650] [pool-4-thread-1/DEBUG] [mixin/]: Mixing common.MixinEntity from mixins.epicfight.json into net.minecraft.world.entity.Entity
[21Feb2026 11:20:47.651] [pool-4-thread-1/DEBUG] [mixin/]: Renaming synthetic method lambda$lerpMotion$0(Lorg/spongepowered/asm/mixin/injection/callback/CallbackInfo;Lyesman/epicfight/world/capabilities/entitypatch/LivingEntityPatch;)V to md766bca$lambda$lerpMotion$0$0 in mixins.epicfight.json:common.MixinEntity
[21Feb2026 11:20:47.725] [pool-4-thread-1/DEBUG] [mixin/]: Mixing common.MixinLivingEntity from mixins.epicfight.json into net.minecraft.world.entity.LivingEntity
[21Feb2026 11:20:47.727] [pool-4-thread-1/DEBUG] [mixin/]: Renaming synthetic method lambda$epicfight$constructor$0(Lnet/minecraft/world/entity/LivingEntity;Lyesman/epicfight/world/capabilities/entitypatch/HurtableEntityPatch;)V to md766bca$lambda$epicfight$constructor$0$0 in mixins.epicfight.json:common.MixinLivingEntity
[21Feb2026 11:20:47.764] [pool-4-thread-1/DEBUG] [net.minecraftforge.coremod.transformer.CoreModBaseTransformer/COREMOD]: Transforming net/minecraft/world/entity/EntityType
[21Feb2026 11:20:48.044] [pool-4-thread-1/DEBUG] [mixin/]: Mixing common.MixinPlayer from mixins.epicfight.json into net.minecraft.world.entity.player.Player
[21Feb2026 11:20:48.105] [pool-4-thread-1/DEBUG] [net.minecraftforge.coremod.transformer.CoreModBaseTransformer/COREMOD]: Transforming net/minecraft/world/entity/EntityType
[21Feb2026 11:20:48.510] [pool-4-thread-1/DEBUG] [net.minecraftforge.coremod.transformer.CoreModBaseTransformer/COREMOD]: Transforming net/minecraft/world/level/block/LiquidBlock
[21Feb2026 11:20:48.580] [pool-4-thread-1/DEBUG] [net.minecraftforge.coremod.transformer.CoreModBaseTransformer/COREMOD]: Transforming net/minecraft/world/level/block/StairBlock
[21Feb2026 11:20:48.637] [pool-4-thread-1/DEBUG] [net.minecraftforge.coremod.transformer.CoreModBaseTransformer/COREMOD]: Transforming net/minecraft/world/level/block/FlowerPotBlock
[21Feb2026 11:20:49.120] [pool-4-thread-1/DEBUG] [mixin/]: Mixing common.MixinProjectile from mixins.epicfight.json into net.minecraft.world.entity.projectile.Projectile
[21Feb2026 11:20:49.143] [pool-4-thread-1/DEBUG] [mixin/]: Mixing common.MixinMob from mixins.epicfight.json into net.minecraft.world.entity.Mob
[21Feb2026 11:20:49.203] [pool-4-thread-1/DEBUG] [net.minecraftforge.coremod.transformer.CoreModBaseTransformer/COREMOD]: Transforming net/minecraft/world/item/ItemStack
[21Feb2026 11:20:49.259] [pool-4-thread-1/DEBUG] [mixin/]: Mixing common.MixinWitherBoss from mixins.epicfight.json into net.minecraft.world.entity.boss.wither.WitherBoss
[21Feb2026 11:20:49.260] [pool-4-thread-1/DEBUG] [mixin/]: Renaming @Unique method getAmbientSound()Lnet/minecraft/sounds/SoundEvent; to md766bca$getAmbientSound$0 in mixins.epicfight.json:common.MixinWitherBoss
[21Feb2026 11:20:49.288] [pool-4-thread-1/WARN] [mixin/]: @Final field nextHeadUpdate:[I in mixins.epicfight.json:common.MixinWitherBoss should be final
[21Feb2026 11:20:49.288] [pool-4-thread-1/WARN] [mixin/]: @Final field idleHeadUpdates:[I in mixins.epicfight.json:common.MixinWitherBoss should be final
[21Feb2026 11:20:49.633] [pool-4-thread-1/DEBUG] [net.minecraftforge.coremod.transformer.CoreModBaseTransformer/COREMOD]: Transforming net/minecraft/world/entity/animal/frog/Tadpole
[21Feb2026 11:20:49.666] [pool-4-thread-1/DEBUG] [net.minecraftforge.coremod.transformer.CoreModBaseTransformer/COREMOD]: Transforming net/minecraft/world/item/BucketItem
[21Feb2026 11:20:50.252] [pool-4-thread-1/DEBUG] [net.minecraftforge.coremod.transformer.CoreModBaseTransformer/COREMOD]: Transforming net/minecraft/world/entity/monster/Spider
[21Feb2026 11:20:50.298] [pool-4-thread-1/DEBUG] [net.minecraftforge.coremod.transformer.CoreModBaseTransformer/COREMOD]: Transforming net/minecraft/world/entity/monster/Zombie
[21Feb2026 11:20:50.298] [Datafixer Bootstrap/INFO] [com.mojang.datafixers.DataFixerBuilder/]: 188 Datafixer optimizations took 108 milliseconds
[21Feb2026 11:20:50.331] [pool-4-thread-1/DEBUG] [net.minecraftforge.coremod.transformer.CoreModBaseTransformer/COREMOD]: Transforming net/minecraft/world/entity/monster/ZombieVillager
[21Feb2026 11:20:50.351] [pool-4-thread-1/DEBUG] [mixin/]: Mixing common.MixinThrownTrident from mixins.epicfight.json into net.minecraft.world.entity.projectile.ThrownTrident
[21Feb2026 11:20:50.378] [pool-4-thread-1/DEBUG] [mixin/]: Mixing common.MixinRangedAttackGoal from mixins.epicfight.json into net.minecraft.world.entity.ai.goal.RangedAttackGoal
[21Feb2026 11:20:50.378] [pool-4-thread-1/DEBUG] [mixin/]: Renaming synthetic method lambda$epicfight$tick$0(Lyesman/epicfight/world/capabilities/entitypatch/LivingEntityPatch;)V to md766bca$lambda$epicfight$tick$0$0 in mixins.epicfight.json:common.MixinRangedAttackGoal
[21Feb2026 11:20:50.418] [pool-4-thread-1/DEBUG] [net.minecraftforge.coremod.transformer.CoreModBaseTransformer/COREMOD]: Transforming net/minecraft/world/entity/monster/Evoker$EvokerSummonSpellGoal
[21Feb2026 11:20:50.469] [pool-4-thread-1/DEBUG] [mixin/]: Mixing common.MixinRangedBowAttackGoal from mixins.epicfight.json into net.minecraft.world.entity.ai.goal.RangedBowAttackGoal
[21Feb2026 11:20:50.470] [pool-4-thread-1/DEBUG] [mixin/]: Renaming synthetic method lambda$epicfight$tick$0(Lyesman/epicfight/world/capabilities/entitypatch/LivingEntityPatch;)V to md766bca$lambda$epicfight$tick$0$0 in mixins.epicfight.json:common.MixinRangedBowAttackGoal
[21Feb2026 11:20:50.531] [pool-4-thread-1/DEBUG] [mixin/]: Mixing common.MixinRangedCrossbowAttackGoal from mixins.epicfight.json into net.minecraft.world.entity.ai.goal.RangedCrossbowAttackGoal
[21Feb2026 11:20:50.532] [pool-4-thread-1/DEBUG] [mixin/]: Renaming synthetic method lambda$epicfight$tick$0(Lyesman/epicfight/world/capabilities/entitypatch/LivingEntityPatch;)V to md766bca$lambda$epicfight$tick$0$0 in mixins.epicfight.json:common.MixinRangedCrossbowAttackGoal
[21Feb2026 11:20:50.566] [pool-4-thread-1/DEBUG] [net.minecraftforge.coremod.transformer.CoreModBaseTransformer/COREMOD]: Transforming net/minecraft/world/entity/animal/horse/SkeletonTrapGoal
[21Feb2026 11:20:50.582] [pool-4-thread-1/DEBUG] [net.minecraftforge.coremod.transformer.CoreModBaseTransformer/COREMOD]: Transforming net/minecraft/world/entity/monster/Strider
[21Feb2026 11:20:50.633] [pool-4-thread-1/WARN] [net.minecraft.network.syncher.SynchedEntityData/]: defineId called for: class net.minecraft.world.entity.LivingEntity from class yesman.epicfight.world.capabilities.entitypatch.LivingEntityPatch
[21Feb2026 11:20:50.633] [pool-4-thread-1/WARN] [net.minecraft.network.syncher.SynchedEntityData/]: defineId called for: class net.minecraft.world.entity.LivingEntity from class yesman.epicfight.world.capabilities.entitypatch.LivingEntityPatch
[21Feb2026 11:20:50.634] [pool-4-thread-1/WARN] [net.minecraft.network.syncher.SynchedEntityData/]: defineId called for: class net.minecraft.world.entity.LivingEntity from class yesman.epicfight.world.capabilities.entitypatch.LivingEntityPatch
[21Feb2026 11:20:50.634] [pool-4-thread-1/WARN] [net.minecraft.network.syncher.SynchedEntityData/]: defineId called for: class net.minecraft.world.entity.LivingEntity from class yesman.epicfight.world.capabilities.entitypatch.LivingEntityPatch
[21Feb2026 11:20:50.678] [pool-4-thread-1/DEBUG] [net.minecraftforge.coremod.transformer.CoreModBaseTransformer/COREMOD]: Transforming net/minecraft/world/entity/npc/Villager
[21Feb2026 11:20:50.752] [pool-4-thread-1/DEBUG] [net.minecraftforge.coremod.transformer.CoreModBaseTransformer/COREMOD]: Transforming net/minecraft/world/effect/MobEffectInstance
[21Feb2026 11:20:50.780] [pool-4-thread-1/DEBUG] [mixin/]: Mixing common.MixinServerGamePacketListenerImpl from mixins.epicfight.json into net.minecraft.server.network.ServerGamePacketListenerImpl
[21Feb2026 11:20:50.918] [pool-4-thread-1/DEBUG] [mixin/]: Mixing client.MixinInventory from mixins.epicfight.json into net.minecraft.world.entity.player.Inventory
[21Feb2026 11:20:51.208] [pool-4-thread-1/DEBUG] [net.minecraftforge.coremod.transformer.CoreModBaseTransformer/COREMOD]: Transforming net/minecraft/world/level/levelgen/structure/Structure
[21Feb2026 11:20:51.251] [pool-4-thread-1/DEBUG] [net.minecraftforge.coremod.transformer.CoreModBaseTransformer/COREMOD]: Transforming net/minecraft/world/level/levelgen/structure/structures/OceanRuinPieces$OceanRuinPiece
[21Feb2026 11:20:51.260] [pool-4-thread-1/DEBUG] [net.minecraftforge.coremod.transformer.CoreModBaseTransformer/COREMOD]: Transforming net/minecraft/world/level/levelgen/structure/structures/SwampHutPiece
[21Feb2026 11:20:51.269] [pool-4-thread-1/DEBUG] [net.minecraftforge.coremod.transformer.CoreModBaseTransformer/COREMOD]: Transforming net/minecraft/world/level/levelgen/structure/structures/OceanMonumentPieces$OceanMonumentPiece
[21Feb2026 11:20:51.283] [pool-4-thread-1/DEBUG] [net.minecraftforge.coremod.transformer.CoreModBaseTransformer/COREMOD]: Transforming net/minecraft/world/level/levelgen/structure/structures/WoodlandMansionPieces$WoodlandMansionPiece
[21Feb2026 11:20:51.377] [pool-4-thread-1/DEBUG] [net.minecraftforge.coremod.transformer.CoreModBaseTransformer/COREMOD]: Transforming net/minecraft/world/level/biome/Biome
[21Feb2026 11:20:51.527] [pool-4-thread-1/DEBUG] [net.minecraftforge.registries.GameData/REGISTRIES]: Creating vanilla freeze snapshot
[21Feb2026 11:20:51.529] [pool-4-thread-1/DEBUG] [net.minecraftforge.registries.ForgeRegistry/REGISTRIES]: Registry minecraft:block Sync: VANILLA -> ACTIVE
[21Feb2026 11:20:51.537] [pool-4-thread-1/DEBUG] [net.minecraftforge.registries.ForgeRegistry/REGISTRIES]: Registry minecraft:fluid Sync: VANILLA -> ACTIVE
[21Feb2026 11:20:51.538] [pool-4-thread-1/DEBUG] [net.minecraftforge.registries.ForgeRegistry/REGISTRIES]: Registry minecraft:item Sync: VANILLA -> ACTIVE
[21Feb2026 11:20:51.544] [pool-4-thread-1/DEBUG] [net.minecraftforge.registries.ForgeRegistry/REGISTRIES]: Registry minecraft:mob_effect Sync: VANILLA -> ACTIVE
[21Feb2026 11:20:51.544] [pool-4-thread-1/DEBUG] [net.minecraftforge.registries.ForgeRegistry/REGISTRIES]: Registry minecraft:sound_event Sync: VANILLA -> ACTIVE
[21Feb2026 11:20:51.550] [pool-4-thread-1/DEBUG] [net.minecraftforge.registries.ForgeRegistry/REGISTRIES]: Registry minecraft:potion Sync: VANILLA -> ACTIVE
[21Feb2026 11:20:51.550] [pool-4-thread-1/DEBUG] [net.minecraftforge.registries.ForgeRegistry/REGISTRIES]: Registry minecraft:enchantment Sync: VANILLA -> ACTIVE
[21Feb2026 11:20:51.550] [pool-4-thread-1/DEBUG] [net.minecraftforge.registries.ForgeRegistry/REGISTRIES]: Registry minecraft:entity_type Sync: VANILLA -> ACTIVE
[21Feb2026 11:20:51.550] [pool-4-thread-1/DEBUG] [net.minecraftforge.registries.ForgeRegistry/REGISTRIES]: Registry minecraft:block_entity_type Sync: VANILLA -> ACTIVE
[21Feb2026 11:20:51.551] [pool-4-thread-1/DEBUG] [net.minecraftforge.registries.ForgeRegistry/REGISTRIES]: Registry minecraft:particle_type Sync: VANILLA -> ACTIVE
[21Feb2026 11:20:51.551] [pool-4-thread-1/DEBUG] [net.minecraftforge.registries.ForgeRegistry/REGISTRIES]: Registry minecraft:menu Sync: VANILLA -> ACTIVE
[21Feb2026 11:20:51.551] [pool-4-thread-1/DEBUG] [net.minecraftforge.registries.ForgeRegistry/REGISTRIES]: Registry minecraft:painting_variant Sync: VANILLA -> ACTIVE
[21Feb2026 11:20:51.551] [pool-4-thread-1/DEBUG] [net.minecraftforge.registries.ForgeRegistry/REGISTRIES]: Registry minecraft:recipe_type Sync: VANILLA -> ACTIVE
[21Feb2026 11:20:51.551] [pool-4-thread-1/DEBUG] [net.minecraftforge.registries.ForgeRegistry/REGISTRIES]: Registry minecraft:recipe_serializer Sync: VANILLA -> ACTIVE
[21Feb2026 11:20:51.552] [pool-4-thread-1/DEBUG] [net.minecraftforge.registries.ForgeRegistry/REGISTRIES]: Registry minecraft:attribute Sync: VANILLA -> ACTIVE
[21Feb2026 11:20:51.552] [pool-4-thread-1/DEBUG] [net.minecraftforge.registries.ForgeRegistry/REGISTRIES]: Registry minecraft:stat_type Sync: VANILLA -> ACTIVE
[21Feb2026 11:20:51.552] [pool-4-thread-1/DEBUG] [net.minecraftforge.registries.ForgeRegistry/REGISTRIES]: Registry minecraft:command_argument_type Sync: VANILLA -> ACTIVE
[21Feb2026 11:20:51.552] [pool-4-thread-1/DEBUG] [net.minecraftforge.registries.ForgeRegistry/REGISTRIES]: Registry minecraft:villager_profession Sync: VANILLA -> ACTIVE
[21Feb2026 11:20:51.553] [pool-4-thread-1/DEBUG] [net.minecraftforge.registries.ForgeRegistry/REGISTRIES]: Registry minecraft:point_of_interest_type Sync: VANILLA -> ACTIVE
[21Feb2026 11:20:51.554] [pool-4-thread-1/DEBUG] [net.minecraftforge.registries.ForgeRegistry/REGISTRIES]: Registry minecraft:memory_module_type Sync: VANILLA -> ACTIVE
[21Feb2026 11:20:51.554] [pool-4-thread-1/DEBUG] [net.minecraftforge.registries.ForgeRegistry/REGISTRIES]: Registry minecraft:sensor_type Sync: VANILLA -> ACTIVE
[21Feb2026 11:20:51.554] [pool-4-thread-1/DEBUG] [net.minecraftforge.registries.ForgeRegistry/REGISTRIES]: Registry minecraft:schedule Sync: VANILLA -> ACTIVE
[21Feb2026 11:20:51.555] [pool-4-thread-1/DEBUG] [net.minecraftforge.registries.ForgeRegistry/REGISTRIES]: Registry minecraft:activity Sync: VANILLA -> ACTIVE
[21Feb2026 11:20:51.555] [pool-4-thread-1/DEBUG] [net.minecraftforge.registries.ForgeRegistry/REGISTRIES]: Registry minecraft:worldgen/carver Sync: VANILLA -> ACTIVE
[21Feb2026 11:20:51.555] [pool-4-thread-1/DEBUG] [net.minecraftforge.registries.ForgeRegistry/REGISTRIES]: Registry minecraft:worldgen/feature Sync: VANILLA -> ACTIVE
[21Feb2026 11:20:51.555] [pool-4-thread-1/DEBUG] [net.minecraftforge.registries.ForgeRegistry/REGISTRIES]: Registry minecraft:chunk_status Sync: VANILLA -> ACTIVE
[21Feb2026 11:20:51.555] [pool-4-thread-1/DEBUG] [net.minecraftforge.registries.ForgeRegistry/REGISTRIES]: Registry minecraft:worldgen/block_state_provider_type Sync: VANILLA -> ACTIVE
[21Feb2026 11:20:51.556] [pool-4-thread-1/DEBUG] [net.minecraftforge.registries.ForgeRegistry/REGISTRIES]: Registry minecraft:worldgen/foliage_placer_type Sync: VANILLA -> ACTIVE
[21Feb2026 11:20:51.556] [pool-4-thread-1/DEBUG] [net.minecraftforge.registries.ForgeRegistry/REGISTRIES]: Registry minecraft:worldgen/tree_decorator_type Sync: VANILLA -> ACTIVE
[21Feb2026 11:20:51.556] [pool-4-thread-1/DEBUG] [net.minecraftforge.registries.ForgeRegistry/REGISTRIES]: Registry minecraft:worldgen/biome Sync: VANILLA -> ACTIVE
[21Feb2026 11:20:51.560] [pool-4-thread-1/DEBUG] [net.minecraftforge.registries.GameData/REGISTRIES]: Vanilla freeze snapshot created
[21Feb2026 11:20:51.575] [pool-4-thread-1/DEBUG] [io.netty.util.internal.PlatformDependent0/]: -Dio.netty.noUnsafe: false
[21Feb2026 11:20:51.575] [pool-4-thread-1/DEBUG] [io.netty.util.internal.PlatformDependent0/]: Java version: 17
[21Feb2026 11:20:51.575] [pool-4-thread-1/DEBUG] [io.netty.util.internal.PlatformDependent0/]: sun.misc.Unsafe.theUnsafe: available
[21Feb2026 11:20:51.577] [pool-4-thread-1/DEBUG] [io.netty.util.internal.PlatformDependent0/]: sun.misc.Unsafe.copyMemory: available
[21Feb2026 11:20:51.577] [pool-4-thread-1/DEBUG] [io.netty.util.internal.PlatformDependent0/]: sun.misc.Unsafe.storeFence: available
[21Feb2026 11:20:51.577] [pool-4-thread-1/DEBUG] [io.netty.util.internal.PlatformDependent0/]: java.nio.Buffer.address: available
[21Feb2026 11:20:51.577] [pool-4-thread-1/DEBUG] [io.netty.util.internal.PlatformDependent0/]: direct buffer constructor: unavailable
java.lang.UnsupportedOperationException: Reflective setAccessible(true) disabled
	at io.netty.util.internal.ReflectionUtil.trySetAccessible(ReflectionUtil.java:31) ~[netty-common-4.1.82.Final.jar%23151!/:4.1.82.Final]
	at io.netty.util.internal.PlatformDependent0$5.run(PlatformDependent0.java:288) ~[netty-common-4.1.82.Final.jar%23151!/:4.1.82.Final]
	at java.security.AccessController.doPrivileged(AccessController.java:318) ~[?:?]
	at io.netty.util.internal.PlatformDependent0.<clinit>(PlatformDependent0.java:282) ~[netty-common-4.1.82.Final.jar%23151!/:4.1.82.Final]
	at io.netty.util.internal.PlatformDependent.isAndroid(PlatformDependent.java:333) ~[netty-common-4.1.82.Final.jar%23151!/:4.1.82.Final]
	at io.netty.util.internal.PlatformDependent.<clinit>(PlatformDependent.java:88) ~[netty-common-4.1.82.Final.jar%23151!/:4.1.82.Final]
	at io.netty.util.ConstantPool.<init>(ConstantPool.java:34) ~[netty-common-4.1.82.Final.jar%23151!/:4.1.82.Final]
	at io.netty.util.AttributeKey$1.<init>(AttributeKey.java:27) ~[netty-common-4.1.82.Final.jar%23151!/:4.1.82.Final]
	at io.netty.util.AttributeKey.<clinit>(AttributeKey.java:27) ~[netty-common-4.1.82.Final.jar%23151!/:4.1.82.Final]
	at net.minecraftforge.network.NetworkConstants.<clinit>(NetworkConstants.java:34) ~[forge-1.20.1-47.4.0_mapped_official_1.20.1.jar%23190%23197!/:?]
	at net.minecraftforge.network.NetworkHooks.init(NetworkHooks.java:52) ~[forge-1.20.1-47.4.0_mapped_official_1.20.1.jar%23190%23197!/:?]
	at net.minecraft.server.Bootstrap.bootStrap(Bootstrap.java:62) ~[forge-1.20.1-47.4.0_mapped_official_1.20.1.jar%23191!/:?]
	at net.minecraft.client.main.Main.lambda$main$0(Main.java:151) ~[forge-1.20.1-47.4.0_mapped_official_1.20.1.jar%23191!/:?]
	at java.util.concurrent.Executors$RunnableAdapter.call(Executors.java:539) ~[?:?]
	at java.util.concurrent.FutureTask.run(FutureTask.java:264) ~[?:?]
	at java.util.concurrent.ThreadPoolExecutor.runWorker(ThreadPoolExecutor.java:1136) ~[?:?]
	at java.util.concurrent.ThreadPoolExecutor$Worker.run(ThreadPoolExecutor.java:635) ~[?:?]
	at java.lang.Thread.run(Thread.java:842) ~[?:?]
[21Feb2026 11:20:51.579] [pool-4-thread-1/DEBUG] [io.netty.util.internal.PlatformDependent0/]: java.nio.Bits.unaligned: available, true
[21Feb2026 11:20:51.580] [pool-4-thread-1/DEBUG] [io.netty.util.internal.PlatformDependent0/]: jdk.internal.misc.Unsafe.allocateUninitializedArray(int): unavailable
java.lang.IllegalAccessException: class io.netty.util.internal.PlatformDependent0$7 (in module io.netty.common) cannot access class jdk.internal.misc.Unsafe (in module java.base) because module java.base does not export jdk.internal.misc to module io.netty.common
	at jdk.internal.reflect.Reflection.newIllegalAccessException(Reflection.java:392) ~[?:?]
	at java.lang.reflect.AccessibleObject.checkAccess(AccessibleObject.java:674) ~[?:?]
	at java.lang.reflect.Method.invoke(Method.java:560) ~[?:?]
	at io.netty.util.internal.PlatformDependent0$7.run(PlatformDependent0.java:410) ~[netty-common-4.1.82.Final.jar%23151!/:4.1.82.Final]
	at java.security.AccessController.doPrivileged(AccessController.java:318) ~[?:?]
	at io.netty.util.internal.PlatformDependent0.<clinit>(PlatformDependent0.java:401) ~[netty-common-4.1.82.Final.jar%23151!/:4.1.82.Final]
	at io.netty.util.internal.PlatformDependent.isAndroid(PlatformDependent.java:333) ~[netty-common-4.1.82.Final.jar%23151!/:4.1.82.Final]
	at io.netty.util.internal.PlatformDependent.<clinit>(PlatformDependent.java:88) ~[netty-common-4.1.82.Final.jar%23151!/:4.1.82.Final]
	at io.netty.util.ConstantPool.<init>(ConstantPool.java:34) ~[netty-common-4.1.82.Final.jar%23151!/:4.1.82.Final]
	at io.netty.util.AttributeKey$1.<init>(AttributeKey.java:27) ~[netty-common-4.1.82.Final.jar%23151!/:4.1.82.Final]
	at io.netty.util.AttributeKey.<clinit>(AttributeKey.java:27) ~[netty-common-4.1.82.Final.jar%23151!/:4.1.82.Final]
	at net.minecraftforge.network.NetworkConstants.<clinit>(NetworkConstants.java:34) ~[forge-1.20.1-47.4.0_mapped_official_1.20.1.jar%23190%23197!/:?]
	at net.minecraftforge.network.NetworkHooks.init(NetworkHooks.java:52) ~[forge-1.20.1-47.4.0_mapped_official_1.20.1.jar%23190%23197!/:?]
	at net.minecraft.server.Bootstrap.bootStrap(Bootstrap.java:62) ~[forge-1.20.1-47.4.0_mapped_official_1.20.1.jar%23191!/:?]
	at net.minecraft.client.main.Main.lambda$main$0(Main.java:151) ~[forge-1.20.1-47.4.0_mapped_official_1.20.1.jar%23191!/:?]
	at java.util.concurrent.Executors$RunnableAdapter.call(Executors.java:539) ~[?:?]
	at java.util.concurrent.FutureTask.run(FutureTask.java:264) ~[?:?]
	at java.util.concurrent.ThreadPoolExecutor.runWorker(ThreadPoolExecutor.java:1136) ~[?:?]
	at java.util.concurrent.ThreadPoolExecutor$Worker.run(ThreadPoolExecutor.java:635) ~[?:?]
	at java.lang.Thread.run(Thread.java:842) ~[?:?]
[21Feb2026 11:20:51.580] [pool-4-thread-1/DEBUG] [io.netty.util.internal.PlatformDependent0/]: java.nio.DirectByteBuffer.<init>(long, int): unavailable
[21Feb2026 11:20:51.580] [pool-4-thread-1/DEBUG] [io.netty.util.internal.PlatformDependent/]: sun.misc.Unsafe: available
[21Feb2026 11:20:51.581] [pool-4-thread-1/DEBUG] [io.netty.util.internal.PlatformDependent/]: maxDirectMemory: 4227858432 bytes (maybe)
[21Feb2026 11:20:51.581] [pool-4-thread-1/DEBUG] [io.netty.util.internal.PlatformDependent/]: -Dio.netty.tmpdir: C:\Users\azooz\AppData\Local\Temp (java.io.tmpdir)
[21Feb2026 11:20:51.581] [pool-4-thread-1/DEBUG] [io.netty.util.internal.PlatformDependent/]: -Dio.netty.bitMode: 64 (sun.arch.data.model)
[21Feb2026 11:20:51.581] [pool-4-thread-1/DEBUG] [io.netty.util.internal.PlatformDependent/]: Platform: Windows
[21Feb2026 11:20:51.583] [pool-4-thread-1/DEBUG] [io.netty.util.internal.PlatformDependent/]: -Dio.netty.maxDirectMemory: -1 bytes
[21Feb2026 11:20:51.583] [pool-4-thread-1/DEBUG] [io.netty.util.internal.PlatformDependent/]: -Dio.netty.uninitializedArrayAllocationThreshold: -1
[21Feb2026 11:20:51.583] [pool-4-thread-1/DEBUG] [io.netty.util.internal.CleanerJava9/]: java.nio.ByteBuffer.cleaner(): available
[21Feb2026 11:20:51.584] [pool-4-thread-1/DEBUG] [io.netty.util.internal.PlatformDependent/]: -Dio.netty.noPreferDirect: false
[21Feb2026 11:20:51.630] [pool-4-thread-1/DEBUG] [net.minecraftforge.network.NetworkHooks/]: Loading Network data for FML net version: FML3
[21Feb2026 11:20:51.644] [Render thread/DEBUG] [mixin/]: Mixing client.MixinBufferBuilder from mixins.epicfight.json into com.mojang.blaze3d.vertex.BufferBuilder
[21Feb2026 11:20:51.734] [Render thread/DEBUG] [mixin/]: Mixing client.MixinAbstractContainerEventHandler from mixins.epicfight.json into net.minecraft.client.gui.components.events.AbstractContainerEventHandler
[21Feb2026 11:20:51.745] [Render thread/DEBUG] [mixin/]: Mixing client.MixinClientLevel from mixins.epicfight.json into net.minecraft.client.multiplayer.ClientLevel
[21Feb2026 11:20:51.769] [Render thread/DEBUG] [mixin/]: Mixing client.MixinLocalPlayer from mixins.epicfight.json into net.minecraft.client.player.LocalPlayer
[21Feb2026 11:20:51.839] [Render thread/WARN] [net.minecraft.server.packs.VanillaPackResourcesBuilder/]: Assets URL 'union:/C:/Users/azooz/.gradle/caches/forge_gradle/minecraft_user_repo/net/minecraftforge/forge/1.20.1-47.4.0_mapped_official_1.20.1/forge-1.20.1-47.4.0_mapped_official_1.20.1.jar%23191!/assets/.mcassetsroot' uses unexpected schema
[21Feb2026 11:20:51.840] [Render thread/WARN] [net.minecraft.server.packs.VanillaPackResourcesBuilder/]: Assets URL 'union:/C:/Users/azooz/.gradle/caches/forge_gradle/minecraft_user_repo/net/minecraftforge/forge/1.20.1-47.4.0_mapped_official_1.20.1/forge-1.20.1-47.4.0_mapped_official_1.20.1.jar%23191!/data/.mcassetsroot' uses unexpected schema
[21Feb2026 11:20:51.856] [Render thread/INFO] [com.mojang.authlib.yggdrasil.YggdrasilAuthenticationService/]: Environment: authHost='https://authserver.mojang.com', accountsHost='https://api.mojang.com', sessionHost='https://sessionserver.mojang.com', servicesHost='https://api.minecraftservices.com', name='PROD'
[21Feb2026 11:20:51.860] [Render thread/INFO] [net.minecraft.client.Minecraft/]: Setting user: Dev
[21Feb2026 11:20:51.867] [Render thread/DEBUG] [mixin/]: Mixing client.MixinOptions from mixins.epicfight.json into net.minecraft.client.Options
[21Feb2026 11:20:51.982] [Render thread/INFO] [net.minecraft.client.Minecraft/]: Backend library: LWJGL version 3.3.1 build 7
[21Feb2026 11:20:52.049] [Render thread/DEBUG] [mixin/]: Mixing client.MixinMouseHandler from mixins.epicfight.json into net.minecraft.client.MouseHandler
[21Feb2026 11:20:52.060] [Render thread/DEBUG] [mixin/]: Mixing client.MixinKeyboardHandler from mixins.epicfight.json into net.minecraft.client.KeyboardHandler
[21Feb2026 11:20:52.159] [Render thread/DEBUG] [net.minecraftforge.common.ForgeI18n/CORE]: Loading I18N data entries: 6434
[21Feb2026 11:20:52.178] [Render thread/DEBUG] [net.minecraftforge.fml.ModWorkManager/LOADING]: Using 12 threads for parallel mod-loading
[21Feb2026 11:20:52.187] [Render thread/DEBUG] [net.minecraftforge.fml.javafmlmod.FMLJavaModLanguageProvider/LOADING]: Loading FMLModContainer from classloader cpw.mods.modlauncher.TransformingClassLoader@49fa1d74 - got cpw.mods.cl.ModuleClassLoader@76075d65
[21Feb2026 11:20:52.189] [Render thread/DEBUG] [net.minecraftforge.fml.javafmlmod.FMLModContainer/LOADING]: Creating FMLModContainer instance for net.minecraftforge.common.ForgeMod
[21Feb2026 11:20:52.192] [Render thread/DEBUG] [net.minecraftforge.fml.javafmlmod.FMLJavaModLanguageProvider/LOADING]: Loading FMLModContainer from classloader cpw.mods.modlauncher.TransformingClassLoader@49fa1d74 - got cpw.mods.cl.ModuleClassLoader@76075d65
[21Feb2026 11:20:52.192] [Render thread/DEBUG] [net.minecraftforge.fml.javafmlmod.FMLModContainer/LOADING]: Creating FMLModContainer instance for yesman.epicfight.main.EpicFightMod
[21Feb2026 11:20:52.195] [Render thread/DEBUG] [net.minecraftforge.fml.javafmlmod.FMLJavaModLanguageProvider/LOADING]: Loading FMLModContainer from classloader cpw.mods.modlauncher.TransformingClassLoader@49fa1d74 - got cpw.mods.cl.ModuleClassLoader@76075d65
[21Feb2026 11:20:52.195] [Render thread/DEBUG] [net.minecraftforge.fml.javafmlmod.FMLModContainer/LOADING]: Creating FMLModContainer instance for M6FGR.droppable.main.Droppable
[21Feb2026 11:20:52.215] [modloading-worker-0/DEBUG] [net.minecraftforge.fml.javafmlmod.AutomaticEventSubscriber/LOADING]: Attempting to inject @EventBusSubscriber classes into the eventbus for droppable
[21Feb2026 11:20:52.218] [modloading-worker-0/DEBUG] [net.minecraftforge.fml.javafmlmod.AutomaticEventSubscriber/LOADING]: Auto-subscribing M6FGR.droppable.world.loot.EpicFightLoots to MOD
[21Feb2026 11:20:52.225] [modloading-worker-0/DEBUG] [net.minecraftforge.versions.forge.ForgeVersion/CORE]: Forge Version package package net.minecraftforge.versions.forge, Forge, version 47.4 from cpw.mods.modlauncher.TransformingClassLoader@49fa1d74
[21Feb2026 11:20:52.226] [modloading-worker-0/DEBUG] [net.minecraftforge.versions.forge.ForgeVersion/CORE]: Found Forge version 47.4.0
[21Feb2026 11:20:52.226] [modloading-worker-0/DEBUG] [net.minecraftforge.versions.forge.ForgeVersion/CORE]: Found Forge spec 47.4
[21Feb2026 11:20:52.226] [modloading-worker-0/DEBUG] [net.minecraftforge.versions.forge.ForgeVersion/CORE]: Found Forge group net.minecraftforge
[21Feb2026 11:20:52.229] [modloading-worker-0/DEBUG] [net.minecraftforge.versions.mcp.MCPVersion/CORE]: MCP Version package package net.minecraftforge.versions.mcp, Minecraft, version 1.20.1 from cpw.mods.modlauncher.TransformingClassLoader@49fa1d74
[21Feb2026 11:20:52.229] [modloading-worker-0/DEBUG] [net.minecraftforge.versions.mcp.MCPVersion/CORE]: Found MC version information 1.20.1
[21Feb2026 11:20:52.229] [modloading-worker-0/DEBUG] [net.minecraftforge.versions.mcp.MCPVersion/CORE]: Found MCP version information 20230612.114412
[21Feb2026 11:20:52.229] [modloading-worker-0/INFO] [net.minecraftforge.common.ForgeMod/FORGEMOD]: Forge mod loading, version 47.4.0, for MC 1.20.1 with MCP 20230612.114412
[21Feb2026 11:20:52.229] [modloading-worker-0/INFO] [net.minecraftforge.common.MinecraftForge/FORGE]: MinecraftForge v47.4.0 Initialized
[21Feb2026 11:20:52.267] [modloading-worker-0/DEBUG] [net.minecraftforge.fml.config.ConfigTracker/CONFIG]: Config file epicfight-client.toml for epicfight tracking
[21Feb2026 11:20:52.280] [modloading-worker-0/DEBUG] [net.minecraftforge.fml.config.ConfigTracker/CONFIG]: Config file epicfight-common.toml for epicfight tracking
[21Feb2026 11:20:52.284] [modloading-worker-0/DEBUG] [net.minecraftforge.fml.config.ConfigTracker/CONFIG]: Config file forge-client.toml for forge tracking
[21Feb2026 11:20:52.284] [modloading-worker-0/DEBUG] [net.minecraftforge.fml.config.ConfigTracker/CONFIG]: Config file forge-server.toml for forge tracking
[21Feb2026 11:20:52.284] [modloading-worker-0/DEBUG] [net.minecraftforge.fml.ModLoadingContext/]: Attempted to register an empty config for type COMMON on mod forge
[21Feb2026 11:20:52.305] [modloading-worker-0/DEBUG] [epicfight/]: Registered Extendable Enum class yesman.epicfight.api.animation.LivingMotions in living_motion
[21Feb2026 11:20:52.306] [modloading-worker-0/DEBUG] [epicfight/]: Registered Extendable Enum class yesman.epicfight.skill.SkillCategories in skill_category
[21Feb2026 11:20:52.307] [modloading-worker-0/DEBUG] [epicfight/]: Registered Extendable Enum class yesman.epicfight.skill.SkillSlots in skill_slot
[21Feb2026 11:20:52.307] [modloading-worker-0/DEBUG] [net.minecraftforge.fml.javafmlmod.AutomaticEventSubscriber/LOADING]: Attempting to inject @EventBusSubscriber classes into the eventbus for forge
[21Feb2026 11:20:52.308] [modloading-worker-0/DEBUG] [net.minecraftforge.fml.javafmlmod.AutomaticEventSubscriber/LOADING]: Auto-subscribing net.minecraftforge.common.ForgeSpawnEggItem$CommonHandler to MOD
[21Feb2026 11:20:52.308] [modloading-worker-0/DEBUG] [epicfight/]: Registered Extendable Enum class yesman.epicfight.world.capabilities.item.CapabilityItem$Styles in style
[21Feb2026 11:20:52.309] [modloading-worker-0/DEBUG] [epicfight/]: Registered Extendable Enum class yesman.epicfight.world.capabilities.item.CapabilityItem$WeaponCategories in weapon_category
[21Feb2026 11:20:52.309] [modloading-worker-0/DEBUG] [epicfight/]: Registered Extendable Enum class yesman.epicfight.world.capabilities.entitypatch.Factions in faction
[21Feb2026 11:20:52.309] [modloading-worker-0/DEBUG] [net.minecraftforge.fml.javafmlmod.AutomaticEventSubscriber/LOADING]: Auto-subscribing net.minecraftforge.common.ForgeSpawnEggItem$ColorRegisterHandler to MOD
[21Feb2026 11:20:52.311] [modloading-worker-0/DEBUG] [epicfight/]: Registered Extendable Enum class yesman.epicfight.network.EntityPairingPacketTypes in entity_pairing_packet_type
[21Feb2026 11:20:52.311] [modloading-worker-0/DEBUG] [epicfight/]: Registered Extendable Enum class yesman.epicfight.api.client.input.action.EpicFightInputAction in input_action
[21Feb2026 11:20:52.312] [modloading-worker-0/DEBUG] [epicfight/]: Registered Extendable Enum class yesman.epicfight.api.client.input.action.MinecraftInputAction in input_action
[21Feb2026 11:20:52.313] [modloading-worker-0/DEBUG] [net.minecraftforge.fml.javafmlmod.AutomaticEventSubscriber/LOADING]: Auto-subscribing net.minecraftforge.client.model.data.ModelDataManager to FORGE
[21Feb2026 11:20:52.315] [modloading-worker-0/DEBUG] [net.minecraftforge.fml.javafmlmod.AutomaticEventSubscriber/LOADING]: Auto-subscribing net.minecraftforge.client.ForgeHooksClient$ClientEvents to MOD
[21Feb2026 11:20:52.323] [modloading-worker-0/DEBUG] [net.minecraftforge.fml.javafmlmod.AutomaticEventSubscriber/LOADING]: Auto-subscribing net.minecraftforge.client.ClientForgeMod to MOD
[21Feb2026 11:20:52.353] [modloading-worker-0/DEBUG] [net.minecraftforge.fml.javafmlmod.AutomaticEventSubscriber/LOADING]: Attempting to inject @EventBusSubscriber classes into the eventbus for epicfight
[21Feb2026 11:20:52.353] [modloading-worker-0/DEBUG] [net.minecraftforge.fml.javafmlmod.AutomaticEventSubscriber/LOADING]: Auto-subscribing yesman.epicfight.world.entity.ai.attribute.EpicFightAttributes to MOD
[21Feb2026 11:20:52.355] [modloading-worker-0/DEBUG] [net.minecraftforge.fml.javafmlmod.AutomaticEventSubscriber/LOADING]: Auto-subscribing yesman.epicfight.main.EpicFightMod$ClientModEvents to MOD
[21Feb2026 11:20:52.356] [modloading-worker-0/DEBUG] [net.minecraftforge.fml.javafmlmod.AutomaticEventSubscriber/LOADING]: Auto-subscribing yesman.epicfight.gameasset.EpicFightSkills to MOD
[21Feb2026 11:20:52.363] [modloading-worker-0/DEBUG] [net.minecraftforge.fml.javafmlmod.AutomaticEventSubscriber/LOADING]: Auto-subscribing yesman.epicfight.gameasset.Animations to MOD
[21Feb2026 11:20:52.385] [modloading-worker-0/DEBUG] [net.minecraftforge.fml.javafmlmod.AutomaticEventSubscriber/LOADING]: Auto-subscribing yesman.epicfight.events.WorldEvents to FORGE
[21Feb2026 11:20:52.391] [modloading-worker-0/DEBUG] [net.minecraftforge.fml.javafmlmod.AutomaticEventSubscriber/LOADING]: Auto-subscribing yesman.epicfight.events.WorldEvents$WorldEventsClient to FORGE
[21Feb2026 11:20:52.392] [modloading-worker-0/DEBUG] [net.minecraftforge.fml.javafmlmod.AutomaticEventSubscriber/LOADING]: Auto-subscribing yesman.epicfight.events.PlayerEvents to FORGE
[21Feb2026 11:20:52.402] [modloading-worker-0/DEBUG] [net.minecraftforge.fml.javafmlmod.AutomaticEventSubscriber/LOADING]: Auto-subscribing yesman.epicfight.events.EntityEvents to FORGE
[21Feb2026 11:20:52.419] [modloading-worker-0/DEBUG] [net.minecraftforge.fml.javafmlmod.AutomaticEventSubscriber/LOADING]: Auto-subscribing yesman.epicfight.events.CapabilityEvents to FORGE
[21Feb2026 11:20:52.421] [modloading-worker-0/DEBUG] [net.minecraftforge.fml.javafmlmod.AutomaticEventSubscriber/LOADING]: Auto-subscribing yesman.epicfight.epicskins.animation.EpicSkinsAnimations to MOD
[21Feb2026 11:20:52.422] [modloading-worker-0/DEBUG] [net.minecraftforge.fml.javafmlmod.AutomaticEventSubscriber/LOADING]: Auto-subscribing yesman.epicfight.data.loot.EpicFightLootTables to FORGE
[21Feb2026 11:20:52.423] [modloading-worker-0/DEBUG] [net.minecraftforge.fml.javafmlmod.AutomaticEventSubscriber/LOADING]: Auto-subscribing yesman.epicfight.config.CommonConfig to MOD
[21Feb2026 11:20:52.423] [modloading-worker-0/DEBUG] [net.minecraftforge.fml.javafmlmod.AutomaticEventSubscriber/LOADING]: Auto-subscribing yesman.epicfight.config.ClientConfig to MOD
[21Feb2026 11:20:52.424] [modloading-worker-0/DEBUG] [net.minecraftforge.fml.javafmlmod.AutomaticEventSubscriber/LOADING]: Auto-subscribing yesman.epicfight.client.renderer.EpicFightShaders to MOD
[21Feb2026 11:20:52.426] [modloading-worker-0/DEBUG] [net.minecraftforge.fml.javafmlmod.AutomaticEventSubscriber/LOADING]: Auto-subscribing yesman.epicfight.client.input.EpicFightKeyMappings to MOD
[21Feb2026 11:20:52.429] [modloading-worker-0/DEBUG] [net.minecraftforge.fml.javafmlmod.AutomaticEventSubscriber/LOADING]: Auto-subscribing yesman.epicfight.client.events.engine.RenderEngine$Events to FORGE
[21Feb2026 11:20:52.433] [modloading-worker-0/DEBUG] [mixin/]: Mixing client.MixinEntityRenderer from mixins.epicfight.json into net.minecraft.client.renderer.entity.EntityRenderer
[21Feb2026 11:20:52.443] [modloading-worker-0/DEBUG] [mixin/]: Mixing client.MixinEnderDragonRenderer from mixins.epicfight.json into net.minecraft.client.renderer.entity.EnderDragonRenderer
[21Feb2026 11:20:52.458] [modloading-worker-0/DEBUG] [mixin/]: Mixing client.MixinLivingEntityRenderer from mixins.epicfight.json into net.minecraft.client.renderer.entity.LivingEntityRenderer
[21Feb2026 11:20:52.483] [modloading-worker-0/DEBUG] [mixin/]: Mixing client.MixinLevelRenderer from mixins.epicfight.json into net.minecraft.client.renderer.LevelRenderer
[21Feb2026 11:20:52.530] [modloading-worker-0/DEBUG] [mixin/]: Mixing client.MixinCamera from mixins.epicfight.json into net.minecraft.client.Camera
[21Feb2026 11:20:52.546] [modloading-worker-0/DEBUG] [mixin/]: Mixing client.MixinGameRenderer from mixins.epicfight.json into net.minecraft.client.renderer.GameRenderer
[21Feb2026 11:20:52.561] [modloading-worker-0/DEBUG] [net.minecraftforge.fml.javafmlmod.AutomaticEventSubscriber/LOADING]: Auto-subscribing yesman.epicfight.client.events.engine.ControlEngine$Events to FORGE
[21Feb2026 11:20:52.568] [modloading-worker-0/DEBUG] [net.minecraftforge.fml.javafmlmod.AutomaticEventSubscriber/LOADING]: Auto-subscribing yesman.epicfight.client.events.ClientModBusEvent to MOD
[21Feb2026 11:20:52.575] [modloading-worker-0/DEBUG] [mixin/]: Mixing client.MixinParticleEngine from mixins.epicfight.json into net.minecraft.client.particle.ParticleEngine
[21Feb2026 11:20:52.588] [modloading-worker-0/DEBUG] [net.minecraftforge.fml.javafmlmod.AutomaticEventSubscriber/LOADING]: Auto-subscribing yesman.epicfight.client.events.ClientEvents to FORGE
[21Feb2026 11:20:52.597] [Render thread/DEBUG] [net.minecraftforge.fml.DeferredWorkQueue/LOADING]: Dispatching synchronous work for work queue CONSTRUCT: 9 jobs
[21Feb2026 11:20:52.601] [Render thread/DEBUG] [epicfight/]: Loaded enums in class yesman.epicfight.api.animation.LivingMotions
[21Feb2026 11:20:52.601] [Render thread/DEBUG] [epicfight/]: All enums are loaded: living_motion [ALL, INACTION, IDLE, CONFRONT, ANGRY, FLOAT, WALK, RUN, SWIM, FLY, SNEAK, KNEEL, FALL, SIT, MOUNT, DEATH, CHASE, SPELLCAST, JUMP, CELEBRATE, LANDING_RECOVERY, CREATIVE_FLY, CREATIVE_IDLE, SLEEP, DIGGING, ADMIRE, CLIMB, DRINK, EAT, NONE, AIM, BLOCK, BLOCK_SHIELD, RELOAD, SHOT, SPECTATE]
[21Feb2026 11:20:52.601] [Render thread/DEBUG] [epicfight/]: Loaded enums in class yesman.epicfight.skill.SkillCategories
[21Feb2026 11:20:52.601] [Render thread/DEBUG] [epicfight/]: All enums are loaded: skill_category [BASIC_ATTACK, DODGE, PASSIVE, WEAPON_PASSIVE, WEAPON_INNATE, GUARD, KNOCKDOWN_WAKEUP, MOVER, IDENTITY]
[21Feb2026 11:20:52.601] [Render thread/DEBUG] [epicfight/]: Loaded enums in class yesman.epicfight.skill.SkillSlots
[21Feb2026 11:20:52.601] [Render thread/DEBUG] [epicfight/]: All enums are loaded: skill_slot [BASIC_ATTACK, DODGE, PASSIVE1, PASSIVE2, PASSIVE3, WEAPON_PASSIVE, WEAPON_INNATE, GUARD, KNOCKDOWN_WAKEUP, MOVER, IDENTITY]
[21Feb2026 11:20:52.602] [Render thread/DEBUG] [epicfight/]: Loaded enums in class yesman.epicfight.world.capabilities.item.CapabilityItem$Styles
[21Feb2026 11:20:52.602] [Render thread/DEBUG] [epicfight/]: All enums are loaded: style [COMMON, ONE_HAND, TWO_HAND, MOUNT, RANGED, SHEATH, OCHS]
[21Feb2026 11:20:52.602] [Render thread/DEBUG] [epicfight/]: Loaded enums in class yesman.epicfight.world.capabilities.item.CapabilityItem$WeaponCategories
[21Feb2026 11:20:52.602] [Render thread/DEBUG] [epicfight/]: All enums are loaded: weapon_category [NOT_WEAPON, AXE, FIST, GREATSWORD, HOE, PICKAXE, SHOVEL, SWORD, UCHIGATANA, SPEAR, TACHI, TRIDENT, LONGSWORD, DAGGER, SHIELD, RANGED]
[21Feb2026 11:20:52.603] [Render thread/DEBUG] [epicfight/]: Loaded enums in class yesman.epicfight.world.capabilities.entitypatch.Factions
[21Feb2026 11:20:52.603] [Render thread/DEBUG] [epicfight/]: All enums are loaded: faction [NEUTRAL, UNDEAD, BLAZE, ENDERMAN, ILLAGER, PIGLINS, WITHER, VILLAGER, ZOMBIFIED_PIGLIN]
[21Feb2026 11:20:52.603] [Render thread/DEBUG] [epicfight/]: Loaded enums in class yesman.epicfight.network.EntityPairingPacketTypes
[21Feb2026 11:20:52.604] [Render thread/DEBUG] [epicfight/]: All enums are loaded: entity_pairing_packet_type [ADRENALINE_ACTIVATED, BONEBREAKER_BEGIN, BONEBREAKER_MAX_STACK, BONEBREAKER_CLEAR, STAMINA_PILLAGER_BODY_ASHES, EMERGENCY_ESCAPE_ACTIVATED, ENDERMAN_RAGE, FLASH_WHITE, PIGLIN_BABY_SPAWN, SET_BOSS_EVENT_OWNER, TECHNICIAN_ACTIVATED, TRIDENT_THROWN, VENGEANCE_OVERLAY, VENGEANCE_TARGET_CANCEL, ZOMBIE_SPAWN]
[21Feb2026 11:20:52.604] [Render thread/DEBUG] [epicfight/]: Loaded enums in class yesman.epicfight.api.client.input.action.EpicFightInputAction
[21Feb2026 11:20:52.604] [Render thread/DEBUG] [epicfight/]: Loaded enums in class yesman.epicfight.api.client.input.action.MinecraftInputAction
[21Feb2026 11:20:52.604] [Render thread/DEBUG] [epicfight/]: All enums are loaded: input_action [ATTACK, MOBILITY, GUARD, DODGE, LOCK_ON, LOCK_ON_SHIFT_LEFT, LOCK_ON_SHIFT_RIGHT, LOCK_ON_SHIFT_FREELY, SWITCH_MODE, WEAPON_INNATE_SKILL, WEAPON_INNATE_SKILL_TOOLTIP, OPEN_SKILL_SCREEN, OPEN_CONFIG_SCREEN, SWITCH_VANILLA_MODEL_DEBUGGING, JUMP, ATTACK_DESTROY, USE, SWAP_OFF_HAND, DROP, TOGGLE_PERSPECTIVE, MOVE_FORWARD, MOVE_BACKWARD, MOVE_LEFT, MOVE_RIGHT, SPRINT, SNEAK]
[21Feb2026 11:20:52.653] [Render thread/DEBUG] [net.minecraftforge.fml.DeferredWorkQueue/LOADING]: Synchronous work queue completed in 55.77 ms
[21Feb2026 11:20:52.675] [Render thread/DEBUG] [net.minecraftforge.registries.ObjectHolderRegistry/REGISTRIES]: Processing ObjectHolder annotations
[21Feb2026 11:20:52.697] [Render thread/DEBUG] [net.minecraftforge.registries.ObjectHolderRegistry/REGISTRIES]: Found 4007 ObjectHolder annotations
[21Feb2026 11:20:52.700] [Render thread/DEBUG] [net.minecraftforge.common.capabilities.CapabilityManager/CAPABILITIES]: Attempting to automatically register: Lnet/minecraftforge/energy/IEnergyStorage;
[21Feb2026 11:20:52.701] [Render thread/DEBUG] [net.minecraftforge.common.capabilities.CapabilityManager/CAPABILITIES]: Attempting to automatically register: Lnet/minecraftforge/fluids/capability/IFluidHandler;
[21Feb2026 11:20:52.701] [Render thread/DEBUG] [net.minecraftforge.common.capabilities.CapabilityManager/CAPABILITIES]: Attempting to automatically register: Lnet/minecraftforge/fluids/capability/IFluidHandlerItem;
[21Feb2026 11:20:52.701] [Render thread/DEBUG] [net.minecraftforge.common.capabilities.CapabilityManager/CAPABILITIES]: Attempting to automatically register: Lnet/minecraftforge/items/IItemHandler;
[21Feb2026 11:20:52.705] [Render thread/DEBUG] [net.minecraftforge.registries.GameData/REGISTRIES]: Unfreezing vanilla registries
[21Feb2026 11:20:52.707] [Render thread/DEBUG] [net.minecraftforge.registries.GameData/REGISTRIES]: Applying holder lookups: minecraft:sound_event
[21Feb2026 11:20:52.711] [Render thread/DEBUG] [net.minecraftforge.registries.GameData/REGISTRIES]: Holder lookups applied: minecraft:sound_event
[21Feb2026 11:20:52.711] [Render thread/DEBUG] [net.minecraftforge.registries.GameData/REGISTRIES]: Applying holder lookups: minecraft:fluid
[21Feb2026 11:20:52.713] [Render thread/DEBUG] [net.minecraftforge.registries.GameData/REGISTRIES]: Holder lookups applied: minecraft:fluid
[21Feb2026 11:20:52.715] [Render thread/DEBUG] [net.minecraftforge.registries.GameData/REGISTRIES]: Applying holder lookups: minecraft:block
[21Feb2026 11:20:52.718] [Render thread/DEBUG] [net.minecraftforge.registries.GameData/REGISTRIES]: Holder lookups applied: minecraft:block
[21Feb2026 11:20:52.720] [Render thread/DEBUG] [net.minecraftforge.registries.GameData/REGISTRIES]: Applying holder lookups: minecraft:attribute
[21Feb2026 11:20:52.721] [Render thread/DEBUG] [net.minecraftforge.registries.GameData/REGISTRIES]: Holder lookups applied: minecraft:attribute
[21Feb2026 11:20:52.722] [Render thread/DEBUG] [net.minecraftforge.registries.GameData/REGISTRIES]: Applying holder lookups: minecraft:mob_effect
[21Feb2026 11:20:52.723] [Render thread/DEBUG] [net.minecraftforge.registries.GameData/REGISTRIES]: Holder lookups applied: minecraft:mob_effect
[21Feb2026 11:20:52.727] [Render thread/DEBUG] [net.minecraftforge.registries.GameData/REGISTRIES]: Applying holder lookups: minecraft:particle_type
[21Feb2026 11:20:52.728] [Render thread/DEBUG] [net.minecraftforge.registries.GameData/REGISTRIES]: Holder lookups applied: minecraft:particle_type
[21Feb2026 11:20:52.732] [Render thread/DEBUG] [net.minecraftforge.registries.GameData/REGISTRIES]: Applying holder lookups: minecraft:item
[21Feb2026 11:20:52.734] [Render thread/DEBUG] [net.minecraftforge.registries.GameData/REGISTRIES]: Holder lookups applied: minecraft:item
[21Feb2026 11:20:52.742] [Render thread/DEBUG] [net.minecraftforge.registries.GameData/REGISTRIES]: Applying holder lookups: minecraft:entity_type
[21Feb2026 11:20:52.743] [Render thread/DEBUG] [net.minecraftforge.registries.GameData/REGISTRIES]: Holder lookups applied: minecraft:entity_type
[21Feb2026 11:20:52.743] [Render thread/DEBUG] [net.minecraftforge.registries.GameData/REGISTRIES]: Applying holder lookups: minecraft:sensor_type
[21Feb2026 11:20:52.744] [Render thread/DEBUG] [net.minecraftforge.registries.GameData/REGISTRIES]: Holder lookups applied: minecraft:sensor_type
[21Feb2026 11:20:52.744] [Render thread/DEBUG] [net.minecraftforge.registries.GameData/REGISTRIES]: Applying holder lookups: minecraft:memory_module_type
[21Feb2026 11:20:52.745] [Render thread/DEBUG] [net.minecraftforge.registries.GameData/REGISTRIES]: Holder lookups applied: minecraft:memory_module_type
[21Feb2026 11:20:52.745] [Render thread/DEBUG] [net.minecraftforge.registries.GameData/REGISTRIES]: Applying holder lookups: minecraft:potion
[21Feb2026 11:20:52.747] [Render thread/DEBUG] [net.minecraftforge.registries.GameData/REGISTRIES]: Holder lookups applied: minecraft:potion
[21Feb2026 11:20:52.748] [Render thread/DEBUG] [net.minecraftforge.registries.GameData/REGISTRIES]: Applying holder lookups: minecraft:game_event
[21Feb2026 11:20:52.749] [Render thread/DEBUG] [net.minecraftforge.registries.GameData/REGISTRIES]: Holder lookups applied: minecraft:game_event
[21Feb2026 11:20:52.749] [Render thread/DEBUG] [net.minecraftforge.registries.GameData/REGISTRIES]: Applying holder lookups: minecraft:enchantment
[21Feb2026 11:20:52.750] [Render thread/DEBUG] [net.minecraftforge.registries.GameData/REGISTRIES]: Holder lookups applied: minecraft:enchantment
[21Feb2026 11:20:52.753] [Render thread/DEBUG] [net.minecraftforge.registries.GameData/REGISTRIES]: Applying holder lookups: minecraft:block_entity_type
[21Feb2026 11:20:52.754] [Render thread/DEBUG] [net.minecraftforge.registries.GameData/REGISTRIES]: Holder lookups applied: minecraft:block_entity_type
[21Feb2026 11:20:52.754] [Render thread/DEBUG] [net.minecraftforge.registries.GameData/REGISTRIES]: Applying holder lookups: minecraft:painting_variant
[21Feb2026 11:20:52.756] [Render thread/DEBUG] [net.minecraftforge.registries.GameData/REGISTRIES]: Holder lookups applied: minecraft:painting_variant
[21Feb2026 11:20:52.756] [Render thread/DEBUG] [net.minecraftforge.registries.GameData/REGISTRIES]: Applying holder lookups: minecraft:stat_type
[21Feb2026 11:20:52.757] [Render thread/DEBUG] [net.minecraftforge.registries.GameData/REGISTRIES]: Holder lookups applied: minecraft:stat_type
[21Feb2026 11:20:52.757] [Render thread/DEBUG] [net.minecraftforge.registries.GameData/REGISTRIES]: Applying holder lookups: minecraft:custom_stat
[21Feb2026 11:20:52.758] [Render thread/DEBUG] [net.minecraftforge.registries.GameData/REGISTRIES]: Holder lookups applied: minecraft:custom_stat
[21Feb2026 11:20:52.758] [Render thread/DEBUG] [net.minecraftforge.registries.GameData/REGISTRIES]: Applying holder lookups: minecraft:chunk_status
[21Feb2026 11:20:52.759] [Render thread/DEBUG] [net.minecraftforge.registries.GameData/REGISTRIES]: Holder lookups applied: minecraft:chunk_status
[21Feb2026 11:20:52.759] [Render thread/DEBUG] [net.minecraftforge.registries.GameData/REGISTRIES]: Applying holder lookups: minecraft:rule_test
[21Feb2026 11:20:52.760] [Render thread/DEBUG] [net.minecraftforge.registries.GameData/REGISTRIES]: Holder lookups applied: minecraft:rule_test
[21Feb2026 11:20:52.760] [Render thread/DEBUG] [net.minecraftforge.registries.GameData/REGISTRIES]: Applying holder lookups: minecraft:rule_block_entity_modifier
[21Feb2026 11:20:52.760] [Render thread/DEBUG] [net.minecraftforge.registries.GameData/REGISTRIES]: Holder lookups applied: minecraft:rule_block_entity_modifier
[21Feb2026 11:20:52.761] [Render thread/DEBUG] [net.minecraftforge.registries.GameData/REGISTRIES]: Applying holder lookups: minecraft:pos_rule_test
[21Feb2026 11:20:52.761] [Render thread/DEBUG] [net.minecraftforge.registries.GameData/REGISTRIES]: Holder lookups applied: minecraft:pos_rule_test
[21Feb2026 11:20:52.761] [Render thread/DEBUG] [net.minecraftforge.registries.GameData/REGISTRIES]: Applying holder lookups: minecraft:menu
[21Feb2026 11:20:52.761] [Render thread/DEBUG] [net.minecraftforge.registries.GameData/REGISTRIES]: Holder lookups applied: minecraft:menu
[21Feb2026 11:20:52.763] [Render thread/DEBUG] [net.minecraftforge.registries.GameData/REGISTRIES]: Applying holder lookups: minecraft:recipe_type
[21Feb2026 11:20:52.763] [Render thread/DEBUG] [net.minecraftforge.registries.GameData/REGISTRIES]: Holder lookups applied: minecraft:recipe_type
[21Feb2026 11:20:52.775] [Render thread/DEBUG] [net.minecraftforge.registries.GameData/REGISTRIES]: Applying holder lookups: minecraft:recipe_serializer
[21Feb2026 11:20:52.776] [Render thread/DEBUG] [net.minecraftforge.registries.GameData/REGISTRIES]: Holder lookups applied: minecraft:recipe_serializer
[21Feb2026 11:20:52.776] [Render thread/DEBUG] [net.minecraftforge.registries.GameData/REGISTRIES]: Applying holder lookups: minecraft:position_source_type
[21Feb2026 11:20:52.777] [Render thread/DEBUG] [net.minecraftforge.registries.GameData/REGISTRIES]: Holder lookups applied: minecraft:position_source_type
[21Feb2026 11:20:52.781] [Render thread/DEBUG] [net.minecraftforge.registries.GameData/REGISTRIES]: Applying holder lookups: minecraft:command_argument_type
[21Feb2026 11:20:52.781] [Render thread/DEBUG] [net.minecraftforge.registries.GameData/REGISTRIES]: Holder lookups applied: minecraft:command_argument_type
[21Feb2026 11:20:52.781] [Render thread/DEBUG] [net.minecraftforge.registries.GameData/REGISTRIES]: Applying holder lookups: minecraft:villager_type
[21Feb2026 11:20:52.783] [Render thread/DEBUG] [net.minecraftforge.registries.GameData/REGISTRIES]: Holder lookups applied: minecraft:villager_type
[21Feb2026 11:20:52.783] [Render thread/DEBUG] [net.minecraftforge.registries.GameData/REGISTRIES]: Applying holder lookups: minecraft:villager_profession
[21Feb2026 11:20:52.784] [Render thread/DEBUG] [net.minecraftforge.registries.GameData/REGISTRIES]: Holder lookups applied: minecraft:villager_profession
[21Feb2026 11:20:52.784] [Render thread/DEBUG] [net.minecraftforge.registries.GameData/REGISTRIES]: Applying holder lookups: minecraft:point_of_interest_type
[21Feb2026 11:20:52.785] [Render thread/DEBUG] [net.minecraftforge.registries.GameData/REGISTRIES]: Holder lookups applied: minecraft:point_of_interest_type
[21Feb2026 11:20:52.785] [Render thread/DEBUG] [net.minecraftforge.registries.GameData/REGISTRIES]: Applying holder lookups: minecraft:schedule
[21Feb2026 11:20:52.786] [Render thread/DEBUG] [net.minecraftforge.registries.GameData/REGISTRIES]: Holder lookups applied: minecraft:schedule
[21Feb2026 11:20:52.786] [Render thread/DEBUG] [net.minecraftforge.registries.GameData/REGISTRIES]: Applying holder lookups: minecraft:activity
[21Feb2026 11:20:52.787] [Render thread/DEBUG] [net.minecraftforge.registries.GameData/REGISTRIES]: Holder lookups applied: minecraft:activity
[21Feb2026 11:20:52.787] [Render thread/DEBUG] [net.minecraftforge.registries.GameData/REGISTRIES]: Applying holder lookups: minecraft:loot_pool_entry_type
[21Feb2026 11:20:52.789] [Render thread/DEBUG] [net.minecraftforge.registries.GameData/REGISTRIES]: Holder lookups applied: minecraft:loot_pool_entry_type
[21Feb2026 11:20:52.789] [Render thread/DEBUG] [net.minecraftforge.registries.GameData/REGISTRIES]: Applying holder lookups: minecraft:loot_function_type
[21Feb2026 11:20:52.790] [Render thread/DEBUG] [net.minecraftforge.registries.GameData/REGISTRIES]: Holder lookups applied: minecraft:loot_function_type
[21Feb2026 11:20:52.792] [Render thread/DEBUG] [net.minecraftforge.registries.GameData/REGISTRIES]: Applying holder lookups: minecraft:loot_condition_type
[21Feb2026 11:20:52.792] [Render thread/DEBUG] [net.minecraftforge.registries.GameData/REGISTRIES]: Holder lookups applied: minecraft:loot_condition_type
[21Feb2026 11:20:52.793] [Render thread/DEBUG] [net.minecraftforge.registries.GameData/REGISTRIES]: Applying holder lookups: minecraft:loot_number_provider_type
[21Feb2026 11:20:52.793] [Render thread/DEBUG] [net.minecraftforge.registries.GameData/REGISTRIES]: Holder lookups applied: minecraft:loot_number_provider_type
[21Feb2026 11:20:52.793] [Render thread/DEBUG] [net.minecraftforge.registries.GameData/REGISTRIES]: Applying holder lookups: minecraft:loot_nbt_provider_type
[21Feb2026 11:20:52.794] [Render thread/DEBUG] [net.minecraftforge.registries.GameData/REGISTRIES]: Holder lookups applied: minecraft:loot_nbt_provider_type
[21Feb2026 11:20:52.794] [Render thread/DEBUG] [net.minecraftforge.registries.GameData/REGISTRIES]: Applying holder lookups: minecraft:loot_score_provider_type
[21Feb2026 11:20:52.794] [Render thread/DEBUG] [net.minecraftforge.registries.GameData/REGISTRIES]: Holder lookups applied: minecraft:loot_score_provider_type
[21Feb2026 11:20:52.794] [Render thread/DEBUG] [net.minecraftforge.registries.GameData/REGISTRIES]: Applying holder lookups: minecraft:float_provider_type
[21Feb2026 11:20:52.795] [Render thread/DEBUG] [net.minecraftforge.registries.GameData/REGISTRIES]: Holder lookups applied: minecraft:float_provider_type
[21Feb2026 11:20:52.795] [Render thread/DEBUG] [net.minecraftforge.registries.GameData/REGISTRIES]: Applying holder lookups: minecraft:int_provider_type
[21Feb2026 11:20:52.795] [Render thread/DEBUG] [net.minecraftforge.registries.GameData/REGISTRIES]: Holder lookups applied: minecraft:int_provider_type
[21Feb2026 11:20:52.795] [Render thread/DEBUG] [net.minecraftforge.registries.GameData/REGISTRIES]: Applying holder lookups: minecraft:height_provider_type
[21Feb2026 11:20:52.795] [Render thread/DEBUG] [net.minecraftforge.registries.GameData/REGISTRIES]: Holder lookups applied: minecraft:height_provider_type
[21Feb2026 11:20:52.795] [Render thread/DEBUG] [net.minecraftforge.registries.GameData/REGISTRIES]: Applying holder lookups: minecraft:block_predicate_type
[21Feb2026 11:20:52.795] [Render thread/DEBUG] [net.minecraftforge.registries.GameData/REGISTRIES]: Holder lookups applied: minecraft:block_predicate_type
[21Feb2026 11:20:52.797] [Render thread/DEBUG] [net.minecraftforge.registries.GameData/REGISTRIES]: Applying holder lookups: minecraft:worldgen/carver
[21Feb2026 11:20:52.797] [Render thread/DEBUG] [net.minecraftforge.registries.GameData/REGISTRIES]: Holder lookups applied: minecraft:worldgen/carver
[21Feb2026 11:20:52.797] [Render thread/DEBUG] [net.minecraftforge.registries.GameData/REGISTRIES]: Applying holder lookups: minecraft:worldgen/feature
[21Feb2026 11:20:52.797] [Render thread/DEBUG] [net.minecraftforge.registries.GameData/REGISTRIES]: Holder lookups applied: minecraft:worldgen/feature
[21Feb2026 11:20:52.797] [Render thread/DEBUG] [net.minecraftforge.registries.GameData/REGISTRIES]: Applying holder lookups: minecraft:worldgen/structure_processor
[21Feb2026 11:20:52.797] [Render thread/DEBUG] [net.minecraftforge.registries.GameData/REGISTRIES]: Holder lookups applied: minecraft:worldgen/structure_processor
[21Feb2026 11:20:52.797] [Render thread/DEBUG] [net.minecraftforge.registries.GameData/REGISTRIES]: Applying holder lookups: minecraft:worldgen/structure_placement
[21Feb2026 11:20:52.797] [Render thread/DEBUG] [net.minecraftforge.registries.GameData/REGISTRIES]: Holder lookups applied: minecraft:worldgen/structure_placement
[21Feb2026 11:20:52.798] [Render thread/DEBUG] [net.minecraftforge.registries.GameData/REGISTRIES]: Applying holder lookups: minecraft:worldgen/structure_piece
[21Feb2026 11:20:52.798] [Render thread/DEBUG] [net.minecraftforge.registries.GameData/REGISTRIES]: Holder lookups applied: minecraft:worldgen/structure_piece
[21Feb2026 11:20:52.798] [Render thread/DEBUG] [net.minecraftforge.registries.GameData/REGISTRIES]: Applying holder lookups: minecraft:worldgen/structure_type
[21Feb2026 11:20:52.798] [Render thread/DEBUG] [net.minecraftforge.registries.GameData/REGISTRIES]: Holder lookups applied: minecraft:worldgen/structure_type
[21Feb2026 11:20:52.798] [Render thread/DEBUG] [net.minecraftforge.registries.GameData/REGISTRIES]: Applying holder lookups: minecraft:worldgen/placement_modifier_type
[21Feb2026 11:20:52.798] [Render thread/DEBUG] [net.minecraftforge.registries.GameData/REGISTRIES]: Holder lookups applied: minecraft:worldgen/placement_modifier_type
[21Feb2026 11:20:52.798] [Render thread/DEBUG] [net.minecraftforge.registries.GameData/REGISTRIES]: Applying holder lookups: minecraft:worldgen/block_state_provider_type
[21Feb2026 11:20:52.799] [Render thread/DEBUG] [net.minecraftforge.registries.GameData/REGISTRIES]: Holder lookups applied: minecraft:worldgen/block_state_provider_type
[21Feb2026 11:20:52.799] [Render thread/DEBUG] [net.minecraftforge.registries.GameData/REGISTRIES]: Applying holder lookups: minecraft:worldgen/foliage_placer_type
[21Feb2026 11:20:52.799] [Render thread/DEBUG] [net.minecraftforge.registries.GameData/REGISTRIES]: Holder lookups applied: minecraft:worldgen/foliage_placer_type
[21Feb2026 11:20:52.799] [Render thread/DEBUG] [net.minecraftforge.registries.GameData/REGISTRIES]: Applying holder lookups: minecraft:worldgen/trunk_placer_type
[21Feb2026 11:20:52.800] [Render thread/DEBUG] [net.minecraftforge.registries.GameData/REGISTRIES]: Holder lookups applied: minecraft:worldgen/trunk_placer_type
[21Feb2026 11:20:52.800] [Render thread/DEBUG] [net.minecraftforge.registries.GameData/REGISTRIES]: Applying holder lookups: minecraft:worldgen/root_placer_type
[21Feb2026 11:20:52.801] [Render thread/DEBUG] [net.minecraftforge.registries.GameData/REGISTRIES]: Holder lookups applied: minecraft:worldgen/root_placer_type
[21Feb2026 11:20:52.801] [Render thread/DEBUG] [net.minecraftforge.registries.GameData/REGISTRIES]: Applying holder lookups: minecraft:worldgen/tree_decorator_type
[21Feb2026 11:20:52.801] [Render thread/DEBUG] [net.minecraftforge.registries.GameData/REGISTRIES]: Holder lookups applied: minecraft:worldgen/tree_decorator_type
[21Feb2026 11:20:52.801] [Render thread/DEBUG] [net.minecraftforge.registries.GameData/REGISTRIES]: Applying holder lookups: minecraft:worldgen/feature_size_type
[21Feb2026 11:20:52.802] [Render thread/DEBUG] [net.minecraftforge.registries.GameData/REGISTRIES]: Holder lookups applied: minecraft:worldgen/feature_size_type
[21Feb2026 11:20:52.802] [Render thread/DEBUG] [net.minecraftforge.registries.GameData/REGISTRIES]: Applying holder lookups: minecraft:worldgen/biome_source
[21Feb2026 11:20:52.802] [Render thread/DEBUG] [net.minecraftforge.registries.GameData/REGISTRIES]: Holder lookups applied: minecraft:worldgen/biome_source
[21Feb2026 11:20:52.802] [Render thread/DEBUG] [net.minecraftforge.registries.GameData/REGISTRIES]: Applying holder lookups: minecraft:worldgen/chunk_generator
[21Feb2026 11:20:52.803] [Render thread/DEBUG] [net.minecraftforge.registries.GameData/REGISTRIES]: Holder lookups applied: minecraft:worldgen/chunk_generator
[21Feb2026 11:20:52.803] [Render thread/DEBUG] [net.minecraftforge.registries.GameData/REGISTRIES]: Applying holder lookups: minecraft:worldgen/material_condition
[21Feb2026 11:20:52.803] [Render thread/DEBUG] [net.minecraftforge.registries.GameData/REGISTRIES]: Holder lookups applied: minecraft:worldgen/material_condition
[21Feb2026 11:20:52.803] [Render thread/DEBUG] [net.minecraftforge.registries.GameData/REGISTRIES]: Applying holder lookups: minecraft:worldgen/material_rule
[21Feb2026 11:20:52.803] [Render thread/DEBUG] [net.minecraftforge.registries.GameData/REGISTRIES]: Holder lookups applied: minecraft:worldgen/material_rule
[21Feb2026 11:20:52.803] [Render thread/DEBUG] [net.minecraftforge.registries.GameData/REGISTRIES]: Applying holder lookups: minecraft:worldgen/density_function_type
[21Feb2026 11:20:52.804] [Render thread/DEBUG] [net.minecraftforge.registries.GameData/REGISTRIES]: Holder lookups applied: minecraft:worldgen/density_function_type
[21Feb2026 11:20:52.804] [Render thread/DEBUG] [net.minecraftforge.registries.GameData/REGISTRIES]: Applying holder lookups: minecraft:worldgen/structure_pool_element
[21Feb2026 11:20:52.804] [Render thread/DEBUG] [net.minecraftforge.registries.GameData/REGISTRIES]: Holder lookups applied: minecraft:worldgen/structure_pool_element
[21Feb2026 11:20:52.804] [Render thread/DEBUG] [net.minecraftforge.registries.GameData/REGISTRIES]: Applying holder lookups: minecraft:cat_variant
[21Feb2026 11:20:52.804] [Render thread/DEBUG] [net.minecraftforge.registries.GameData/REGISTRIES]: Holder lookups applied: minecraft:cat_variant
[21Feb2026 11:20:52.804] [Render thread/DEBUG] [net.minecraftforge.registries.GameData/REGISTRIES]: Applying holder lookups: minecraft:frog_variant
[21Feb2026 11:20:52.804] [Render thread/DEBUG] [net.minecraftforge.registries.GameData/REGISTRIES]: Holder lookups applied: minecraft:frog_variant
[21Feb2026 11:20:52.804] [Render thread/DEBUG] [net.minecraftforge.registries.GameData/REGISTRIES]: Applying holder lookups: minecraft:banner_pattern
[21Feb2026 11:20:52.805] [Render thread/DEBUG] [net.minecraftforge.registries.GameData/REGISTRIES]: Holder lookups applied: minecraft:banner_pattern
[21Feb2026 11:20:52.805] [Render thread/DEBUG] [net.minecraftforge.registries.GameData/REGISTRIES]: Applying holder lookups: minecraft:instrument
[21Feb2026 11:20:52.805] [Render thread/DEBUG] [net.minecraftforge.registries.GameData/REGISTRIES]: Holder lookups applied: minecraft:instrument
[21Feb2026 11:20:52.805] [Render thread/DEBUG] [net.minecraftforge.registries.GameData/REGISTRIES]: Applying holder lookups: minecraft:decorated_pot_patterns
[21Feb2026 11:20:52.806] [Render thread/DEBUG] [net.minecraftforge.registries.GameData/REGISTRIES]: Holder lookups applied: minecraft:decorated_pot_patterns
[21Feb2026 11:20:52.807] [Render thread/DEBUG] [net.minecraftforge.registries.GameData/REGISTRIES]: Applying holder lookups: minecraft:creative_mode_tab
[21Feb2026 11:20:52.808] [Render thread/DEBUG] [net.minecraftforge.registries.GameData/REGISTRIES]: Holder lookups applied: minecraft:creative_mode_tab
[21Feb2026 11:20:52.825] [Render thread/DEBUG] [net.minecraftforge.registries.GameData/REGISTRIES]: Applying holder lookups: epicfight:conditions
[21Feb2026 11:20:52.825] [Render thread/DEBUG] [net.minecraftforge.registries.GameData/REGISTRIES]: Holder lookups applied: epicfight:conditions
[21Feb2026 11:20:52.885] [Render thread/DEBUG] [net.minecraftforge.registries.GameData/REGISTRIES]: Applying holder lookups: epicfight:skill
[21Feb2026 11:20:52.886] [Render thread/DEBUG] [net.minecraftforge.registries.GameData/REGISTRIES]: Holder lookups applied: epicfight:skill
[21Feb2026 11:20:52.887] [Render thread/DEBUG] [net.minecraftforge.registries.GameData/REGISTRIES]: Applying holder lookups: epicfight:skill_data_keys
[21Feb2026 11:20:52.888] [Render thread/DEBUG] [net.minecraftforge.registries.GameData/REGISTRIES]: Holder lookups applied: epicfight:skill_data_keys
[21Feb2026 11:20:52.888] [Render thread/DEBUG] [net.minecraftforge.registries.GameData/REGISTRIES]: Applying holder lookups: epicfight:synched_animation_variable_keys
[21Feb2026 11:20:52.889] [Render thread/DEBUG] [net.minecraftforge.registries.GameData/REGISTRIES]: Holder lookups applied: epicfight:synched_animation_variable_keys
[21Feb2026 11:20:52.898] [Render thread/DEBUG] [net.minecraftforge.registries.GameData/REGISTRIES]: Applying holder lookups: forge:biome_modifier_serializers
[21Feb2026 11:20:52.898] [Render thread/DEBUG] [net.minecraftforge.registries.GameData/REGISTRIES]: Holder lookups applied: forge:biome_modifier_serializers
[21Feb2026 11:20:52.899] [Render thread/DEBUG] [net.minecraftforge.registries.GameData/REGISTRIES]: Applying holder lookups: forge:display_contexts
[21Feb2026 11:20:52.900] [Render thread/DEBUG] [net.minecraftforge.registries.GameData/REGISTRIES]: Holder lookups applied: forge:display_contexts
[21Feb2026 11:20:52.900] [Render thread/DEBUG] [net.minecraftforge.registries.GameData/REGISTRIES]: Applying holder lookups: forge:entity_data_serializers
[21Feb2026 11:20:52.901] [Render thread/DEBUG] [net.minecraftforge.registries.GameData/REGISTRIES]: Holder lookups applied: forge:entity_data_serializers
[21Feb2026 11:20:52.909] [Render thread/DEBUG] [net.minecraftforge.registries.GameData/REGISTRIES]: Applying holder lookups: forge:fluid_type
[21Feb2026 11:20:52.910] [Render thread/DEBUG] [net.minecraftforge.registries.GameData/REGISTRIES]: Holder lookups applied: forge:fluid_type
[21Feb2026 11:20:52.911] [Render thread/DEBUG] [net.minecraftforge.registries.GameData/REGISTRIES]: Applying holder lookups: forge:global_loot_modifier_serializers
[21Feb2026 11:20:52.911] [Render thread/DEBUG] [net.minecraftforge.registries.GameData/REGISTRIES]: Holder lookups applied: forge:global_loot_modifier_serializers
[21Feb2026 11:20:52.915] [Render thread/DEBUG] [net.minecraftforge.registries.GameData/REGISTRIES]: Applying holder lookups: forge:holder_set_type
[21Feb2026 11:20:52.915] [Render thread/DEBUG] [net.minecraftforge.registries.GameData/REGISTRIES]: Holder lookups applied: forge:holder_set_type
[21Feb2026 11:20:52.917] [Render thread/DEBUG] [net.minecraftforge.registries.GameData/REGISTRIES]: Applying holder lookups: forge:structure_modifier_serializers
[21Feb2026 11:20:52.917] [Render thread/DEBUG] [net.minecraftforge.registries.GameData/REGISTRIES]: Holder lookups applied: forge:structure_modifier_serializers
[21Feb2026 11:20:52.917] [Render thread/DEBUG] [net.minecraftforge.registries.GameData/REGISTRIES]: Applying holder lookups: minecraft:worldgen/biome
[21Feb2026 11:20:52.918] [Render thread/DEBUG] [net.minecraftforge.registries.GameData/REGISTRIES]: Holder lookups applied: minecraft:worldgen/biome
[21Feb2026 11:20:52.957] [Render thread/WARN] [net.minecraft.network.syncher.SynchedEntityData/]: defineId called for: class net.minecraft.world.entity.player.Player from class yesman.epicfight.world.capabilities.entitypatch.player.PlayerPatch
[21Feb2026 11:20:52.982] [Render thread/WARN] [net.minecraft.network.syncher.SynchedEntityData/]: defineId called for: class net.minecraft.world.entity.boss.wither.WitherBoss from class yesman.epicfight.world.capabilities.entitypatch.boss.WitherPatch
[21Feb2026 11:20:52.983] [Render thread/WARN] [net.minecraft.network.syncher.SynchedEntityData/]: defineId called for: class net.minecraft.world.entity.boss.wither.WitherBoss from class yesman.epicfight.world.capabilities.entitypatch.boss.WitherPatch
[21Feb2026 11:20:52.983] [Render thread/WARN] [net.minecraft.network.syncher.SynchedEntityData/]: defineId called for: class net.minecraft.world.entity.boss.wither.WitherBoss from class yesman.epicfight.world.capabilities.entitypatch.boss.WitherPatch
[21Feb2026 11:20:52.983] [Render thread/WARN] [net.minecraft.network.syncher.SynchedEntityData/]: defineId called for: class net.minecraft.world.entity.boss.wither.WitherBoss from class yesman.epicfight.world.capabilities.entitypatch.boss.WitherPatch
[21Feb2026 11:20:52.983] [Render thread/WARN] [net.minecraft.network.syncher.SynchedEntityData/]: defineId called for: class net.minecraft.world.entity.boss.wither.WitherBoss from class yesman.epicfight.world.capabilities.entitypatch.boss.WitherPatch
[21Feb2026 11:20:52.983] [Render thread/WARN] [net.minecraft.network.syncher.SynchedEntityData/]: defineId called for: class net.minecraft.world.entity.boss.wither.WitherBoss from class yesman.epicfight.world.capabilities.entitypatch.boss.WitherPatch
[21Feb2026 11:20:52.984] [Render thread/WARN] [net.minecraft.network.syncher.SynchedEntityData/]: defineId called for: class net.minecraft.world.entity.boss.wither.WitherBoss from class yesman.epicfight.world.capabilities.entitypatch.boss.WitherPatch
[21Feb2026 11:20:52.984] [Render thread/WARN] [net.minecraft.network.syncher.SynchedEntityData/]: defineId called for: class net.minecraft.world.entity.boss.wither.WitherBoss from class yesman.epicfight.world.capabilities.entitypatch.boss.WitherPatch
[21Feb2026 11:20:52.984] [Render thread/WARN] [net.minecraft.network.syncher.SynchedEntityData/]: defineId called for: class net.minecraft.world.entity.boss.wither.WitherBoss from class yesman.epicfight.world.capabilities.entitypatch.boss.WitherPatch
[21Feb2026 11:20:53.050] [Render thread/DEBUG] [net.minecraftforge.client.loading.ClientModLoader/CORE]: Generating PackInfo named mod:forge for mod file /
[21Feb2026 11:20:53.051] [Render thread/DEBUG] [net.minecraftforge.client.loading.ClientModLoader/CORE]: Generating PackInfo named mod:epicfight for mod file C:\Users\azooz\.gradle\caches\forge_gradle\deobf_dependencies\curse\maven\epic-fight-mod-405076\7446493_mapped_official_1.20.1\epic-fight-mod-405076-7446493_mapped_official_1.20.1.jar
[21Feb2026 11:20:53.054] [Render thread/DEBUG] [net.minecraftforge.client.loading.ClientModLoader/CORE]: Generating PackInfo named mod:droppable for mod file C:\Users\azooz\Desktop\Droppable\versions\forge\1.20\build\resources\main
[21Feb2026 11:20:53.209] [Render thread/DEBUG] [mixin/]: Mixing client.MixinCompositeRenderType from mixins.epicfight.json into net.minecraft.client.renderer.RenderType$CompositeRenderType
[21Feb2026 11:20:53.394] [Render thread/DEBUG] [mixin/]: Mixing client.MixinLightTexture from mixins.epicfight.json into net.minecraft.client.renderer.LightTexture
[21Feb2026 11:20:53.536] [Render thread/INFO] [net.minecraftforge.gametest.ForgeGameTestHooks/]: Enabled Gametest Namespaces: [Droppable]
[21Feb2026 11:20:53.573] [Render thread/DEBUG] [mixin/]: Mixing client.MixinAgeableListModel from mixins.epicfight.json into net.minecraft.client.model.AgeableListModel
[21Feb2026 11:20:53.668] [Render thread/DEBUG] [mixin/]: Mixing client.MixinThrownTridentRenderer from mixins.epicfight.json into net.minecraft.client.renderer.entity.ThrownTridentRenderer
[21Feb2026 11:20:53.837] [Render thread/INFO] [net.minecraft.server.packs.resources.ReloadableResourceManager/]: Reloading ResourceManager: vanilla, mod_resources
[21Feb2026 11:20:53.863] [modloading-worker-0/DEBUG] [net.minecraftforge.fml.config.ConfigTracker/CONFIG]: Loading configs type CLIENT
[21Feb2026 11:20:53.868] [modloading-worker-0/DEBUG] [net.minecraftforge.fml.config.ConfigFileTypeHandler/CONFIG]: Built TOML config for C:\Users\azooz\Desktop\Droppable\versions\forge\1.20\run\config\epicfight-client.toml
[21Feb2026 11:20:53.869] [modloading-worker-0/DEBUG] [net.minecraftforge.fml.config.ConfigFileTypeHandler/CONFIG]: Loaded TOML config file C:\Users\azooz\Desktop\Droppable\versions\forge\1.20\run\config\epicfight-client.toml
[21Feb2026 11:20:53.901] [modloading-worker-0/DEBUG] [net.minecraftforge.fml.config.ConfigFileTypeHandler/CONFIG]: Watching TOML config file C:\Users\azooz\Desktop\Droppable\versions\forge\1.20\run\config\epicfight-client.toml for changes
[21Feb2026 11:20:53.937] [Worker-Main-4/INFO] [net.minecraft.client.gui.font.providers.UnihexProvider/]: Found unifont_all_no_pua-15.0.06.hex, loading
[21Feb2026 11:20:53.944] [modloading-worker-0/INFO] [epicfight/]: Epic Fight web server connection helper: Initialize
[21Feb2026 11:20:54.132] [modloading-worker-0/INFO] [epicfight/]: Epic Fight web server connection helper: supported
[21Feb2026 11:20:54.142] [modloading-worker-0/INFO] [epicfight/]: Epic Fight web server status: Initialize
[21Feb2026 11:20:54.187] [modloading-worker-0/INFO] [epicfight/]: Epic Fight web server status: failed because of offline mode
[21Feb2026 11:20:54.198] [modloading-worker-0/DEBUG] [net.minecraftforge.fml.config.ConfigFileTypeHandler/CONFIG]: Built TOML config for C:\Users\azooz\Desktop\Droppable\versions\forge\1.20\run\config\forge-client.toml
[21Feb2026 11:20:54.198] [modloading-worker-0/DEBUG] [net.minecraftforge.fml.config.ConfigFileTypeHandler/CONFIG]: Loaded TOML config file C:\Users\azooz\Desktop\Droppable\versions\forge\1.20\run\config\forge-client.toml
[21Feb2026 11:20:54.198] [modloading-worker-0/DEBUG] [net.minecraftforge.fml.config.ConfigFileTypeHandler/CONFIG]: Watching TOML config file C:\Users\azooz\Desktop\Droppable\versions\forge\1.20\run\config\forge-client.toml for changes
[21Feb2026 11:20:54.199] [modloading-worker-0/DEBUG] [net.minecraftforge.common.ForgeConfig/FORGEMOD]: Loaded forge config file forge-client.toml
[21Feb2026 11:20:54.200] [modloading-worker-0/DEBUG] [net.minecraftforge.fml.config.ConfigTracker/CONFIG]: Loading configs type COMMON
[21Feb2026 11:20:54.200] [modloading-worker-0/DEBUG] [net.minecraftforge.fml.config.ConfigFileTypeHandler/CONFIG]: Built TOML config for C:\Users\azooz\Desktop\Droppable\versions\forge\1.20\run\config\epicfight-common.toml
[21Feb2026 11:20:54.200] [Thread-3/DEBUG] [net.minecraftforge.fml.config.ConfigFileTypeHandler/CONFIG]: Config file epicfight-client.toml changed, sending notifies
[21Feb2026 11:20:54.200] [modloading-worker-0/DEBUG] [net.minecraftforge.fml.config.ConfigFileTypeHandler/CONFIG]: Loaded TOML config file C:\Users\azooz\Desktop\Droppable\versions\forge\1.20\run\config\epicfight-common.toml
[21Feb2026 11:20:54.200] [modloading-worker-0/DEBUG] [net.minecraftforge.fml.config.ConfigFileTypeHandler/CONFIG]: Watching TOML config file C:\Users\azooz\Desktop\Droppable\versions\forge\1.20\run\config\epicfight-common.toml for changes
[21Feb2026 11:20:54.205] [Thread-3/INFO] [epicfight/]: Epic Fight web server connection helper: Initialize
[21Feb2026 11:20:54.212] [Thread-3/INFO] [epicfight/]: Epic Fight web server connection helper: supported
[21Feb2026 11:20:54.224] [Forge Version Check/INFO] [net.minecraftforge.fml.VersionChecker/]: [forge] Starting version check at https://files.minecraftforge.net/net/minecraftforge/forge/promotions_slim.json
[21Feb2026 11:20:54.266] [Render thread/DEBUG] [net.minecraftforge.fml.DeferredWorkQueue/LOADING]: Dispatching synchronous work for work queue COMMON_SETUP: 10 jobs
[21Feb2026 11:20:54.339] [Render thread/DEBUG] [net.minecraftforge.fml.DeferredWorkQueue/LOADING]: Synchronous work queue completed in 72.79 ms
[21Feb2026 11:20:54.374] [Render thread/DEBUG] [net.minecraftforge.fml.DeferredWorkQueue/LOADING]: Dispatching synchronous work for work queue SIDED_SETUP: 5 jobs
[21Feb2026 11:20:54.375] [Render thread/WARN] [epicfight/]: [Computer Shader Acceleration] OpenGL Version: 4.6.0 Core Profile Context 26.1.1.260108
[21Feb2026 11:20:54.375] [Render thread/WARN] [epicfight/]: [Computer Shader Acceleration] Compute Shader: Supported
[21Feb2026 11:20:54.389] [Render thread/DEBUG] [net.minecraftforge.fml.DeferredWorkQueue/LOADING]: Synchronous work queue completed in 14.52 ms
[21Feb2026 11:20:54.695] [Forge Version Check/DEBUG] [net.minecraftforge.fml.VersionChecker/]: [forge] Received version check data:
{
  "homepage": "https://files.minecraftforge.net/net/minecraftforge/forge/",
  "promos": {
    "1.1-latest": "1.3.4.29",
    "1.2.3-latest": "1.4.1.64",
    "1.2.4-latest": "2.0.0.68",
    "1.2.5-latest": "3.4.9.171",
    "1.3.2-latest": "4.3.5.318",
    "1.4.0-latest": "5.0.0.326",
    "1.4.1-latest": "6.0.0.329",
    "1.4.2-latest": "6.0.1.355",
    "1.4.3-latest": "6.2.1.358",
    "1.4.4-latest": "6.3.0.378",
    "1.4.5-latest": "6.4.2.448",
    "1.4.6-latest": "6.5.0.489",
    "1.4.7-latest": "6.6.2.534",
    "1.5-latest": "7.7.0.598",
    "1.5.1-latest": "7.7.2.682",
    "1.5.2-latest": "7.8.1.738",
    "1.5.2-recommended": "7.8.1.738",
    "1.6.1-latest": "8.9.0.775",
    "1.6.2-latest": "9.10.1.871",
    "1.6.2-recommended": "9.10.1.871",
    "1.6.3-latest": "9.11.0.878",
    "1.6.4-latest": "9.11.1.1345",
    "1.6.4-recommended": "9.11.1.1345",
    "1.7.2-latest": "10.12.2.1161",
    "1.7.2-recommended": "10.12.2.1161",
    "1.7.10-latest": "10.13.4.1614",
    "1.7.10-recommended": "10.13.4.1614",
    "1.8-latest": "11.14.4.1577",
    "1.8-recommended": "11.14.4.1563",
    "1.8.8-latest": "11.15.0.1655",
    "1.8.9-latest": "11.15.1.2318",
    "1.8.9-recommended": "11.15.1.2318",
    "1.9-latest": "12.16.1.1938",
    "1.9-recommended": "12.16.1.1887",
    "1.9.4-latest": "12.17.0.2317",
    "1.9.4-recommended": "12.17.0.2317",
    "1.10-latest": "12.18.0.2000",
    "1.10.2-latest": "12.18.3.2511",
    "1.10.2-recommended": "12.18.3.2511",
    "1.11-latest": "13.19.1.2199",
    "1.11-recommended": "13.19.1.2189",
    "1.11.2-latest": "13.20.1.2588",
    "1.11.2-recommended": "13.20.1.2588",
    "1.12-latest": "14.21.1.2443",
    "1.12-recommended": "14.21.1.2387",
    "1.12.1-latest": "14.22.1.2485",
    "1.12.1-recommended": "14.22.1.2478",
    "1.12.2-latest": "14.23.5.2864",
    "1.12.2-recommended": "14.23.5.2859",
    "1.13.2-latest": "25.0.223",
    "1.14.2-latest": "26.0.63",
    "1.14.3-latest": "27.0.60",
    "1.14.4-latest": "28.2.28",
    "1.14.4-recommended": "28.2.26",
    "1.15-latest": "29.0.4",
    "1.15.1-latest": "30.0.51",
    "1.15.2-latest": "31.2.60",
    "1.15.2-recommended": "31.2.57",
    "1.16.1-latest": "32.0.108",
    "1.16.2-latest": "33.0.61",
    "1.16.3-latest": "34.1.42",
    "1.16.3-recommended": "34.1.0",
    "1.16.4-latest": "35.1.37",
    "1.16.4-recommended": "35.1.4",
    "1.16.5-latest": "36.2.42",
    "1.16.5-recommended": "36.2.34",
    "1.17.1-latest": "37.1.1",
    "1.17.1-recommended": "37.1.1",
    "1.18-latest": "38.0.17",
    "1.18.1-latest": "39.1.2",
    "1.18.1-recommended": "39.1.0",
    "1.18.2-recommended": "40.3.0",
    "1.18.2-latest": "40.3.12",
    "1.19-latest": "41.1.0",
    "1.19-recommended": "41.1.0",
    "1.19.1-latest": "42.0.9",
    "1.19.2-recommended": "43.5.0",
    "1.19.2-latest": "43.5.2",
    "1.19.3-latest": "44.1.23",
    "1.19.3-recommended": "44.1.0",
    "1.19.4-recommended": "45.4.0",
    "1.19.4-latest": "45.4.3",
    "1.20-latest": "46.0.14",
    "1.20.1-recommended": "47.4.10",
    "1.20.1-latest": "47.4.16",
    "1.20.2-latest": "48.1.0",
    "1.20.2-recommended": "48.1.0",
    "1.20.3-latest": "49.0.2",
    "1.20.4-latest": "49.2.4",
    "1.20.4-recommended": "49.2.0",
    "1.20.6-latest": "50.2.4",
    "1.20.6-recommended": "50.2.0",
    "1.21-latest": "51.0.33",
    "1.21.1-latest": "52.1.10",
    "1.21.1-recommended": "52.1.0",
    "1.21.3-latest": "53.1.7",
    "1.21.3-recommended": "53.1.0",
    "1.21.4-latest": "54.1.13",
    "1.21.4-recommended": "54.1.0",
    "1.21.5-latest": "55.1.7",
    "1.21.5-recommended": "55.1.0",
    "1.21.6-latest": "56.0.9",
    "1.21.7-latest": "57.0.3",
    "1.21.8-latest": "58.1.14",
    "1.21.8-recommended": "58.1.0",
    "1.21.9-latest": "59.0.5",
    "1.21.10-latest": "60.1.8",
    "1.21.10-recommended": "60.1.0",
    "1.21.11-latest": "61.1.1",
    "1.21.11-recommended": "61.1.0"
  }
}
[21Feb2026 11:20:54.697] [Forge Version Check/INFO] [net.minecraftforge.fml.VersionChecker/]: [forge] Found status: OUTDATED Current: 47.4.0 Target: 47.4.10
[21Feb2026 11:20:55.306] [modloading-worker-0/DEBUG] [net.minecraftforge.registries.GameData/REGISTRIES]: Freezing registries
[21Feb2026 11:20:55.306] [modloading-worker-0/DEBUG] [net.minecraftforge.registries.ForgeRegistry/REGISTRIES]: Registry minecraft:block Sync: FROZEN -> ACTIVE
[21Feb2026 11:20:55.314] [modloading-worker-0/DEBUG] [net.minecraftforge.registries.ForgeRegistry/REGISTRIES]: Registry minecraft:fluid Sync: FROZEN -> ACTIVE
[21Feb2026 11:20:55.316] [modloading-worker-0/DEBUG] [net.minecraftforge.registries.ForgeRegistry/REGISTRIES]: Registry minecraft:item Sync: FROZEN -> ACTIVE
[21Feb2026 11:20:55.323] [modloading-worker-0/DEBUG] [net.minecraftforge.registries.ForgeRegistry/REGISTRIES]: Registry minecraft:mob_effect Sync: FROZEN -> ACTIVE
[21Feb2026 11:20:55.323] [modloading-worker-0/DEBUG] [net.minecraftforge.registries.ForgeRegistry/REGISTRIES]: Registry minecraft:sound_event Sync: FROZEN -> ACTIVE
[21Feb2026 11:20:55.331] [modloading-worker-0/DEBUG] [net.minecraftforge.registries.ForgeRegistry/REGISTRIES]: Registry minecraft:potion Sync: FROZEN -> ACTIVE
[21Feb2026 11:20:55.332] [modloading-worker-0/DEBUG] [net.minecraftforge.registries.ForgeRegistry/REGISTRIES]: Registry minecraft:enchantment Sync: FROZEN -> ACTIVE
[21Feb2026 11:20:55.332] [modloading-worker-0/DEBUG] [net.minecraftforge.registries.ForgeRegistry/REGISTRIES]: Registry minecraft:entity_type Sync: FROZEN -> ACTIVE
[21Feb2026 11:20:55.332] [modloading-worker-0/DEBUG] [net.minecraftforge.registries.ForgeRegistry/REGISTRIES]: Registry minecraft:block_entity_type Sync: FROZEN -> ACTIVE
[21Feb2026 11:20:55.333] [modloading-worker-0/DEBUG] [net.minecraftforge.registries.ForgeRegistry/REGISTRIES]: Registry minecraft:particle_type Sync: FROZEN -> ACTIVE
[21Feb2026 11:20:55.333] [modloading-worker-0/DEBUG] [net.minecraftforge.registries.ForgeRegistry/REGISTRIES]: Registry minecraft:menu Sync: FROZEN -> ACTIVE
[21Feb2026 11:20:55.334] [modloading-worker-0/DEBUG] [net.minecraftforge.registries.ForgeRegistry/REGISTRIES]: Registry minecraft:painting_variant Sync: FROZEN -> ACTIVE
[21Feb2026 11:20:55.334] [modloading-worker-0/DEBUG] [net.minecraftforge.registries.ForgeRegistry/REGISTRIES]: Registry minecraft:recipe_type Sync: FROZEN -> ACTIVE
[21Feb2026 11:20:55.334] [modloading-worker-0/DEBUG] [net.minecraftforge.registries.ForgeRegistry/REGISTRIES]: Registry minecraft:recipe_serializer Sync: FROZEN -> ACTIVE
[21Feb2026 11:20:55.334] [modloading-worker-0/DEBUG] [net.minecraftforge.registries.ForgeRegistry/REGISTRIES]: Registry minecraft:attribute Sync: FROZEN -> ACTIVE
[21Feb2026 11:20:55.334] [modloading-worker-0/DEBUG] [net.minecraftforge.registries.ForgeRegistry/REGISTRIES]: Registry minecraft:stat_type Sync: FROZEN -> ACTIVE
[21Feb2026 11:20:55.336] [modloading-worker-0/DEBUG] [net.minecraftforge.registries.ForgeRegistry/REGISTRIES]: Registry minecraft:command_argument_type Sync: FROZEN -> ACTIVE
[21Feb2026 11:20:55.336] [modloading-worker-0/DEBUG] [net.minecraftforge.registries.ForgeRegistry/REGISTRIES]: Registry minecraft:villager_profession Sync: FROZEN -> ACTIVE
[21Feb2026 11:20:55.336] [modloading-worker-0/DEBUG] [net.minecraftforge.registries.ForgeRegistry/REGISTRIES]: Registry minecraft:point_of_interest_type Sync: FROZEN -> ACTIVE
[21Feb2026 11:20:55.338] [modloading-worker-0/DEBUG] [net.minecraftforge.registries.ForgeRegistry/REGISTRIES]: Registry minecraft:memory_module_type Sync: FROZEN -> ACTIVE
[21Feb2026 11:20:55.338] [modloading-worker-0/DEBUG] [net.minecraftforge.registries.ForgeRegistry/REGISTRIES]: Registry minecraft:sensor_type Sync: FROZEN -> ACTIVE
[21Feb2026 11:20:55.339] [modloading-worker-0/DEBUG] [net.minecraftforge.registries.ForgeRegistry/REGISTRIES]: Registry minecraft:schedule Sync: FROZEN -> ACTIVE
[21Feb2026 11:20:55.339] [modloading-worker-0/DEBUG] [net.minecraftforge.registries.ForgeRegistry/REGISTRIES]: Registry minecraft:activity Sync: FROZEN -> ACTIVE
[21Feb2026 11:20:55.339] [modloading-worker-0/DEBUG] [net.minecraftforge.registries.ForgeRegistry/REGISTRIES]: Registry minecraft:worldgen/carver Sync: FROZEN -> ACTIVE
[21Feb2026 11:20:55.339] [modloading-worker-0/DEBUG] [net.minecraftforge.registries.ForgeRegistry/REGISTRIES]: Registry minecraft:worldgen/feature Sync: FROZEN -> ACTIVE
[21Feb2026 11:20:55.339] [modloading-worker-0/DEBUG] [net.minecraftforge.registries.ForgeRegistry/REGISTRIES]: Registry minecraft:chunk_status Sync: FROZEN -> ACTIVE
[21Feb2026 11:20:55.340] [modloading-worker-0/DEBUG] [net.minecraftforge.registries.ForgeRegistry/REGISTRIES]: Registry minecraft:worldgen/block_state_provider_type Sync: FROZEN -> ACTIVE
[21Feb2026 11:20:55.340] [modloading-worker-0/DEBUG] [net.minecraftforge.registries.ForgeRegistry/REGISTRIES]: Registry minecraft:worldgen/foliage_placer_type Sync: FROZEN -> ACTIVE
[21Feb2026 11:20:55.340] [modloading-worker-0/DEBUG] [net.minecraftforge.registries.ForgeRegistry/REGISTRIES]: Registry minecraft:worldgen/tree_decorator_type Sync: FROZEN -> ACTIVE
[21Feb2026 11:20:55.340] [modloading-worker-0/DEBUG] [net.minecraftforge.registries.ForgeRegistry/REGISTRIES]: Registry minecraft:worldgen/biome Sync: FROZEN -> ACTIVE
[21Feb2026 11:20:55.340] [modloading-worker-0/DEBUG] [net.minecraftforge.registries.ForgeRegistry/REGISTRIES]: Registry forge:entity_data_serializers Sync: FROZEN -> ACTIVE
[21Feb2026 11:20:55.340] [modloading-worker-0/DEBUG] [net.minecraftforge.registries.ForgeRegistry/REGISTRIES]: Registry forge:global_loot_modifier_serializers Sync: FROZEN -> ACTIVE
[21Feb2026 11:20:55.340] [modloading-worker-0/DEBUG] [net.minecraftforge.registries.ForgeRegistry/REGISTRIES]: Registry forge:biome_modifier_serializers Sync: FROZEN -> ACTIVE
[21Feb2026 11:20:55.340] [modloading-worker-0/DEBUG] [net.minecraftforge.registries.ForgeRegistry/REGISTRIES]: Registry forge:fluid_type Sync: FROZEN -> ACTIVE
[21Feb2026 11:20:55.340] [modloading-worker-0/DEBUG] [net.minecraftforge.registries.ForgeRegistry/REGISTRIES]: Registry forge:structure_modifier_serializers Sync: FROZEN -> ACTIVE
[21Feb2026 11:20:55.340] [modloading-worker-0/DEBUG] [net.minecraftforge.registries.ForgeRegistry/REGISTRIES]: Registry forge:holder_set_type Sync: FROZEN -> ACTIVE
[21Feb2026 11:20:55.340] [modloading-worker-0/DEBUG] [net.minecraftforge.registries.ForgeRegistry/REGISTRIES]: Registry forge:display_contexts Sync: FROZEN -> ACTIVE
[21Feb2026 11:20:55.340] [modloading-worker-0/DEBUG] [net.minecraftforge.registries.ForgeRegistry/REGISTRIES]: Registry epicfight:skill Sync: FROZEN -> ACTIVE
[21Feb2026 11:20:55.342] [modloading-worker-0/DEBUG] [net.minecraftforge.registries.ForgeRegistry/REGISTRIES]: Registry epicfight:conditions Sync: FROZEN -> ACTIVE
[21Feb2026 11:20:55.342] [modloading-worker-0/DEBUG] [net.minecraftforge.registries.ForgeRegistry/REGISTRIES]: Registry epicfight:skill_data_keys Sync: FROZEN -> ACTIVE
[21Feb2026 11:20:55.342] [modloading-worker-0/DEBUG] [net.minecraftforge.registries.ForgeRegistry/REGISTRIES]: Registry epicfight:synched_animation_variable_keys Sync: FROZEN -> ACTIVE
[21Feb2026 11:20:56.043] [modloading-worker-0/INFO] [epicfight/]: Data keys [epicfight:combo_counter, epicfight:basic_attack_active] for epicfight:basic_attack
[21Feb2026 11:20:56.044] [modloading-worker-0/INFO] [epicfight/]: Data keys [epicfight:penalty_restore_counter, epicfight:penalty] for epicfight:guard
[21Feb2026 11:20:56.044] [modloading-worker-0/INFO] [epicfight/]: Data keys [epicfight:penalty_restore_counter, epicfight:penalty, epicfight:last_active, epicfight:parry_motion_counter] for epicfight:parrying
[21Feb2026 11:20:56.044] [modloading-worker-0/INFO] [epicfight/]: Data keys [epicfight:penalty_restore_counter, epicfight:penalty] for epicfight:impact_guard
[21Feb2026 11:20:56.044] [modloading-worker-0/INFO] [epicfight/]: Data keys [epicfight:stacks, epicfight:resisting_damage_type, epicfight:tick_record] for epicfight:adaptive_skin
[21Feb2026 11:20:56.044] [modloading-worker-0/INFO] [epicfight/]: Data keys [epicfight:tick_record] for epicfight:adrenaline_fiend
[21Feb2026 11:20:56.044] [modloading-worker-0/INFO] [epicfight/]: Data keys [epicfight:stacks, epicfight:entity_id] for epicfight:bonebreaker
[21Feb2026 11:20:56.044] [modloading-worker-0/INFO] [epicfight/]: Data keys [epicfight:entity_id, epicfight:tick_record] for epicfight:vengeance
[21Feb2026 11:20:56.044] [modloading-worker-0/INFO] [epicfight/]: Data keys [epicfight:fall_distance, epicfight:slam_protect_next_fall] for epicfight:meteor_slam
[21Feb2026 11:20:56.044] [modloading-worker-0/INFO] [epicfight/]: Data keys [epicfight:stacks] for epicfight:revelation
[21Feb2026 11:20:56.044] [modloading-worker-0/INFO] [epicfight/]: Data keys [epicfight:slam_protect_next_fall] for epicfight:demolition_leap
[21Feb2026 11:20:56.044] [modloading-worker-0/INFO] [epicfight/]: Data keys [epicfight:jump_key_pressed_last_tick, epicfight:jump_count, epicfight:slam_protect_next_fall] for epicfight:phantom_ascent
[21Feb2026 11:20:56.044] [modloading-worker-0/INFO] [epicfight/]: Data keys [epicfight:last_hit_count] for epicfight:grasping_spire
[21Feb2026 11:20:56.044] [modloading-worker-0/INFO] [epicfight/]: Data keys [epicfight:sheath] for epicfight:battojutsu_passive
[21Feb2026 11:20:56.044] [modloading-worker-0/INFO] [epicfight/]: Data keys [epicfight:sheath] for epicfight:battojutsu
[21Feb2026 11:20:56.044] [modloading-worker-0/INFO] [epicfight/]: Data keys [epicfight:combo_counter] for epicfight:blade_rush
[21Feb2026 11:20:56.044] [modloading-worker-0/INFO] [epicfight/]: Data keys [epicfight:thrown_trident_entity_id] for epicfight:everlasting_allegiance
[21Feb2026 11:20:56.045] [modloading-worker-0/DEBUG] [net.minecraftforge.registries.GameData/REGISTRIES]: All registries frozen
[21Feb2026 11:20:56.082] [Render thread/DEBUG] [net.minecraftforge.common.ForgeI18n/CORE]: Loading I18N data entries: 7068
[21Feb2026 11:20:56.102] [Render thread/WARN] [net.minecraft.client.sounds.SoundEngine/]: Missing sound for event: minecraft:item.goat_horn.play
[21Feb2026 11:20:56.102] [Render thread/WARN] [net.minecraft.client.sounds.SoundEngine/]: Missing sound for event: minecraft:entity.goat.screaming.horn_break
[21Feb2026 11:20:56.141] [Render thread/INFO] [com.mojang.blaze3d.audio.Library/]: OpenAL initialized on device OpenAL Soft on Speakers (fifine Microphone)
[21Feb2026 11:20:56.142] [Render thread/INFO] [net.minecraft.client.sounds.SoundEngine/SOUNDS]: Sound engine started
[21Feb2026 11:20:56.255] [Render thread/INFO] [net.minecraft.client.renderer.texture.TextureAtlas/]: Created: 1024x512x4 minecraft:textures/atlas/blocks.png-atlas
[21Feb2026 11:20:56.265] [Render thread/INFO] [net.minecraft.client.renderer.texture.TextureAtlas/]: Created: 256x256x4 minecraft:textures/atlas/signs.png-atlas
[21Feb2026 11:20:56.265] [Render thread/INFO] [net.minecraft.client.renderer.texture.TextureAtlas/]: Created: 512x512x4 minecraft:textures/atlas/shield_patterns.png-atlas
[21Feb2026 11:20:56.266] [Render thread/INFO] [net.minecraft.client.renderer.texture.TextureAtlas/]: Created: 512x512x4 minecraft:textures/atlas/banner_patterns.png-atlas
[21Feb2026 11:20:56.266] [Render thread/INFO] [net.minecraft.client.renderer.texture.TextureAtlas/]: Created: 1024x1024x4 minecraft:textures/atlas/armor_trims.png-atlas
[21Feb2026 11:20:56.270] [Render thread/INFO] [net.minecraft.client.renderer.texture.TextureAtlas/]: Created: 128x64x4 minecraft:textures/atlas/decorated_pot.png-atlas
[21Feb2026 11:20:56.270] [Render thread/INFO] [net.minecraft.client.renderer.texture.TextureAtlas/]: Created: 256x256x4 minecraft:textures/atlas/chest.png-atlas
[21Feb2026 11:20:56.270] [Render thread/INFO] [net.minecraft.client.renderer.texture.TextureAtlas/]: Created: 512x256x4 minecraft:textures/atlas/shulker_boxes.png-atlas
[21Feb2026 11:20:56.270] [Render thread/INFO] [net.minecraft.client.renderer.texture.TextureAtlas/]: Created: 512x256x4 minecraft:textures/atlas/beds.png-atlas
[21Feb2026 11:20:56.366] [Render thread/ERROR] [epicfight/]: Can't load layer file minecraft:animated_layers/player/waveycapes.json for entity.minecraft.player: dev.tr7zw.waveycapes.renderlayers.CustomCapeRenderLayer (This is develop-only message and neglectable if the resource is not belong to you)
[21Feb2026 11:20:56.369] [Render thread/ERROR] [epicfight/]: Can't load layer file minecraft:animated_layers/player/waveycapes.json for entity.minecraft.player: dev.tr7zw.waveycapes.renderlayers.CustomCapeRenderLayer (This is develop-only message and neglectable if the resource is not belong to you)
[21Feb2026 11:20:56.383] [Render thread/ERROR] [epicfight/]: Can't load layer file minecraft:animated_layers/player/waveycapes.json for entity.minecraft.player: dev.tr7zw.waveycapes.renderlayers.CustomCapeRenderLayer (This is develop-only message and neglectable if the resource is not belong to you)
[21Feb2026 11:20:56.472] [Render thread/WARN] [net.minecraft.client.renderer.ShaderInstance/]: Shader rendertype_entity_translucent_emissive could not find sampler named Sampler2 in the specified shader program.
[21Feb2026 11:20:56.630] [Render thread/INFO] [net.minecraft.client.renderer.texture.TextureAtlas/]: Created: 2048x1024x0 minecraft:textures/atlas/particles.png-atlas
[21Feb2026 11:20:56.632] [Render thread/INFO] [net.minecraft.client.renderer.texture.TextureAtlas/]: Created: 256x256x0 minecraft:textures/atlas/paintings.png-atlas
[21Feb2026 11:20:56.633] [Render thread/INFO] [net.minecraft.client.renderer.texture.TextureAtlas/]: Created: 256x128x0 minecraft:textures/atlas/mob_effects.png-atlas
[21Feb2026 11:20:57.590] [Realms Notification Availability checker #1/INFO] [com.mojang.realmsclient.client.RealmsClient/]: Could not authorize you against Realms server: java.lang.RuntimeException: Failed to parse into SignedJWT: 0
[21Feb2026 11:21:00.647] [Render thread/INFO] [net.minecraftforge.registries.GameData/REGISTRIES]: Injecting existing registry data into this CLIENT instance
[21Feb2026 11:21:00.684] [Render thread/DEBUG] [net.minecraftforge.registries.ForgeRegistry/REGISTRIES]: Registry minecraft:block Sync: ACTIVE -> STAGING
[21Feb2026 11:21:00.689] [Render thread/DEBUG] [net.minecraftforge.registries.ForgeRegistry/REGISTRIES]: Registry minecraft:fluid Sync: ACTIVE -> STAGING
[21Feb2026 11:21:00.689] [Render thread/DEBUG] [net.minecraftforge.registries.ForgeRegistry/REGISTRIES]: Registry minecraft:item Sync: ACTIVE -> STAGING
[21Feb2026 11:21:00.693] [Render thread/DEBUG] [net.minecraftforge.registries.ForgeRegistry/REGISTRIES]: Registry minecraft:mob_effect Sync: ACTIVE -> STAGING
[21Feb2026 11:21:00.693] [Render thread/DEBUG] [net.minecraftforge.registries.ForgeRegistry/REGISTRIES]: Registry minecraft:sound_event Sync: ACTIVE -> STAGING
[21Feb2026 11:21:00.697] [Render thread/DEBUG] [net.minecraftforge.registries.ForgeRegistry/REGISTRIES]: Registry minecraft:potion Sync: ACTIVE -> STAGING
[21Feb2026 11:21:00.697] [Render thread/DEBUG] [net.minecraftforge.registries.ForgeRegistry/REGISTRIES]: Registry minecraft:enchantment Sync: ACTIVE -> STAGING
[21Feb2026 11:21:00.698] [Render thread/DEBUG] [net.minecraftforge.registries.ForgeRegistry/REGISTRIES]: Registry minecraft:entity_type Sync: ACTIVE -> STAGING
[21Feb2026 11:21:00.698] [Render thread/DEBUG] [net.minecraftforge.registries.ForgeRegistry/REGISTRIES]: Registry minecraft:block_entity_type Sync: ACTIVE -> STAGING
[21Feb2026 11:21:00.698] [Render thread/DEBUG] [net.minecraftforge.registries.ForgeRegistry/REGISTRIES]: Registry minecraft:particle_type Sync: ACTIVE -> STAGING
[21Feb2026 11:21:00.698] [Render thread/DEBUG] [net.minecraftforge.registries.ForgeRegistry/REGISTRIES]: Registry minecraft:menu Sync: ACTIVE -> STAGING
[21Feb2026 11:21:00.698] [Render thread/DEBUG] [net.minecraftforge.registries.ForgeRegistry/REGISTRIES]: Registry minecraft:painting_variant Sync: ACTIVE -> STAGING
[21Feb2026 11:21:00.698] [Render thread/DEBUG] [net.minecraftforge.registries.ForgeRegistry/REGISTRIES]: Registry minecraft:recipe_type Sync: ACTIVE -> STAGING
[21Feb2026 11:21:00.698] [Render thread/DEBUG] [net.minecraftforge.registries.ForgeRegistry/REGISTRIES]: Registry minecraft:recipe_serializer Sync: ACTIVE -> STAGING
[21Feb2026 11:21:00.698] [Render thread/DEBUG] [net.minecraftforge.registries.ForgeRegistry/REGISTRIES]: Registry minecraft:attribute Sync: ACTIVE -> STAGING
[21Feb2026 11:21:00.698] [Render thread/DEBUG] [net.minecraftforge.registries.ForgeRegistry/REGISTRIES]: Registry minecraft:stat_type Sync: ACTIVE -> STAGING
[21Feb2026 11:21:00.700] [Render thread/DEBUG] [net.minecraftforge.registries.ForgeRegistry/REGISTRIES]: Registry minecraft:command_argument_type Sync: ACTIVE -> STAGING
[21Feb2026 11:21:00.700] [Render thread/DEBUG] [net.minecraftforge.registries.ForgeRegistry/REGISTRIES]: Registry minecraft:villager_profession Sync: ACTIVE -> STAGING
[21Feb2026 11:21:00.700] [Render thread/DEBUG] [net.minecraftforge.registries.ForgeRegistry/REGISTRIES]: Registry minecraft:point_of_interest_type Sync: ACTIVE -> STAGING
[21Feb2026 11:21:00.700] [Render thread/DEBUG] [net.minecraftforge.registries.ForgeRegistry/REGISTRIES]: Registry minecraft:memory_module_type Sync: ACTIVE -> STAGING
[21Feb2026 11:21:00.701] [Render thread/DEBUG] [net.minecraftforge.registries.ForgeRegistry/REGISTRIES]: Registry minecraft:sensor_type Sync: ACTIVE -> STAGING
[21Feb2026 11:21:00.701] [Render thread/DEBUG] [net.minecraftforge.registries.ForgeRegistry/REGISTRIES]: Registry minecraft:schedule Sync: ACTIVE -> STAGING
[21Feb2026 11:21:00.701] [Render thread/DEBUG] [net.minecraftforge.registries.ForgeRegistry/REGISTRIES]: Registry minecraft:activity Sync: ACTIVE -> STAGING
[21Feb2026 11:21:00.701] [Render thread/DEBUG] [net.minecraftforge.registries.ForgeRegistry/REGISTRIES]: Registry minecraft:worldgen/carver Sync: ACTIVE -> STAGING
[21Feb2026 11:21:00.701] [Render thread/DEBUG] [net.minecraftforge.registries.ForgeRegistry/REGISTRIES]: Registry minecraft:worldgen/feature Sync: ACTIVE -> STAGING
[21Feb2026 11:21:00.701] [Render thread/DEBUG] [net.minecraftforge.registries.ForgeRegistry/REGISTRIES]: Registry minecraft:chunk_status Sync: ACTIVE -> STAGING
[21Feb2026 11:21:00.701] [Render thread/DEBUG] [net.minecraftforge.registries.ForgeRegistry/REGISTRIES]: Registry minecraft:worldgen/block_state_provider_type Sync: ACTIVE -> STAGING
[21Feb2026 11:21:00.701] [Render thread/DEBUG] [net.minecraftforge.registries.ForgeRegistry/REGISTRIES]: Registry minecraft:worldgen/foliage_placer_type Sync: ACTIVE -> STAGING
[21Feb2026 11:21:00.702] [Render thread/DEBUG] [net.minecraftforge.registries.ForgeRegistry/REGISTRIES]: Registry minecraft:worldgen/tree_decorator_type Sync: ACTIVE -> STAGING
[21Feb2026 11:21:00.702] [Render thread/DEBUG] [net.minecraftforge.registries.ForgeRegistry/REGISTRIES]: Registry minecraft:worldgen/biome Sync: ACTIVE -> STAGING
[21Feb2026 11:21:00.702] [Render thread/DEBUG] [net.minecraftforge.registries.ForgeRegistry/REGISTRIES]: Registry forge:entity_data_serializers Sync: ACTIVE -> STAGING
[21Feb2026 11:21:00.702] [Render thread/DEBUG] [net.minecraftforge.registries.ForgeRegistry/REGISTRIES]: Registry forge:global_loot_modifier_serializers Sync: ACTIVE -> STAGING
[21Feb2026 11:21:00.702] [Render thread/DEBUG] [net.minecraftforge.registries.ForgeRegistry/REGISTRIES]: Registry forge:biome_modifier_serializers Sync: ACTIVE -> STAGING
[21Feb2026 11:21:00.702] [Render thread/DEBUG] [net.minecraftforge.registries.ForgeRegistry/REGISTRIES]: Registry forge:fluid_type Sync: ACTIVE -> STAGING
[21Feb2026 11:21:00.702] [Render thread/DEBUG] [net.minecraftforge.registries.ForgeRegistry/REGISTRIES]: Registry forge:structure_modifier_serializers Sync: ACTIVE -> STAGING
[21Feb2026 11:21:00.702] [Render thread/DEBUG] [net.minecraftforge.registries.ForgeRegistry/REGISTRIES]: Registry forge:holder_set_type Sync: ACTIVE -> STAGING
[21Feb2026 11:21:00.702] [Render thread/DEBUG] [net.minecraftforge.registries.ForgeRegistry/REGISTRIES]: Registry forge:display_contexts Sync: ACTIVE -> STAGING
[21Feb2026 11:21:00.702] [Render thread/DEBUG] [net.minecraftforge.registries.ForgeRegistry/REGISTRIES]: Registry epicfight:skill Sync: ACTIVE -> STAGING
[21Feb2026 11:21:00.702] [Render thread/DEBUG] [net.minecraftforge.registries.ForgeRegistry/REGISTRIES]: Registry epicfight:conditions Sync: ACTIVE -> STAGING
[21Feb2026 11:21:00.702] [Render thread/DEBUG] [net.minecraftforge.registries.ForgeRegistry/REGISTRIES]: Registry epicfight:skill_data_keys Sync: ACTIVE -> STAGING
[21Feb2026 11:21:00.702] [Render thread/DEBUG] [net.minecraftforge.registries.ForgeRegistry/REGISTRIES]: Registry epicfight:synched_animation_variable_keys Sync: ACTIVE -> STAGING
[21Feb2026 11:21:00.993] [Render thread/INFO] [epicfight/]: Data keys [epicfight:combo_counter, epicfight:basic_attack_active] for epicfight:basic_attack
[21Feb2026 11:21:00.993] [Render thread/INFO] [epicfight/]: Data keys [epicfight:penalty_restore_counter, epicfight:penalty] for epicfight:guard
[21Feb2026 11:21:00.993] [Render thread/INFO] [epicfight/]: Data keys [epicfight:penalty_restore_counter, epicfight:penalty, epicfight:last_active, epicfight:parry_motion_counter] for epicfight:parrying
[21Feb2026 11:21:00.994] [Render thread/INFO] [epicfight/]: Data keys [epicfight:penalty_restore_counter, epicfight:penalty] for epicfight:impact_guard
[21Feb2026 11:21:00.994] [Render thread/INFO] [epicfight/]: Data keys [epicfight:stacks, epicfight:resisting_damage_type, epicfight:tick_record] for epicfight:adaptive_skin
[21Feb2026 11:21:00.994] [Render thread/INFO] [epicfight/]: Data keys [epicfight:tick_record] for epicfight:adrenaline_fiend
[21Feb2026 11:21:00.994] [Render thread/INFO] [epicfight/]: Data keys [epicfight:stacks, epicfight:entity_id] for epicfight:bonebreaker
[21Feb2026 11:21:00.994] [Render thread/INFO] [epicfight/]: Data keys [epicfight:entity_id, epicfight:tick_record] for epicfight:vengeance
[21Feb2026 11:21:00.994] [Render thread/INFO] [epicfight/]: Data keys [epicfight:fall_distance, epicfight:slam_protect_next_fall] for epicfight:meteor_slam
[21Feb2026 11:21:00.994] [Render thread/INFO] [epicfight/]: Data keys [epicfight:stacks] for epicfight:revelation
[21Feb2026 11:21:00.994] [Render thread/INFO] [epicfight/]: Data keys [epicfight:slam_protect_next_fall] for epicfight:demolition_leap
[21Feb2026 11:21:00.994] [Render thread/INFO] [epicfight/]: Data keys [epicfight:jump_key_pressed_last_tick, epicfight:jump_count, epicfight:slam_protect_next_fall] for epicfight:phantom_ascent
[21Feb2026 11:21:00.994] [Render thread/INFO] [epicfight/]: Data keys [epicfight:last_hit_count] for epicfight:grasping_spire
[21Feb2026 11:21:00.994] [Render thread/INFO] [epicfight/]: Data keys [epicfight:sheath] for epicfight:battojutsu_passive
[21Feb2026 11:21:00.994] [Render thread/INFO] [epicfight/]: Data keys [epicfight:sheath] for epicfight:battojutsu
[21Feb2026 11:21:00.994] [Render thread/INFO] [epicfight/]: Data keys [epicfight:combo_counter] for epicfight:blade_rush
[21Feb2026 11:21:00.994] [Render thread/INFO] [epicfight/]: Data keys [epicfight:thrown_trident_entity_id] for epicfight:everlasting_allegiance
[21Feb2026 11:21:00.995] [Render thread/DEBUG] [net.minecraftforge.registries.ObjectHolderRegistry/REGISTRIES]: Applying holder lookups
[21Feb2026 11:21:00.998] [Render thread/DEBUG] [net.minecraftforge.registries.ObjectHolderRegistry/REGISTRIES]: Holder lookups applied
[21Feb2026 11:21:01.015] [Render thread/DEBUG] [net.minecraftforge.server.ServerLifecycleHooks/CORE]: Generating PackInfo named mod:forge for mod file /
[21Feb2026 11:21:01.015] [Render thread/DEBUG] [net.minecraftforge.server.ServerLifecycleHooks/CORE]: Generating PackInfo named mod:epicfight for mod file C:\Users\azooz\.gradle\caches\forge_gradle\deobf_dependencies\curse\maven\epic-fight-mod-405076\7446493_mapped_official_1.20.1\epic-fight-mod-405076-7446493_mapped_official_1.20.1.jar
[21Feb2026 11:21:01.016] [Render thread/DEBUG] [net.minecraftforge.server.ServerLifecycleHooks/CORE]: Generating PackInfo named mod:droppable for mod file C:\Users\azooz\Desktop\Droppable\versions\forge\1.20\build\resources\main
[21Feb2026 11:21:01.525] [Render thread/DEBUG] [net.minecraftforge.coremod.transformer.CoreModBaseTransformer/COREMOD]: Transforming net/minecraft/server/commands/SummonCommand
[21Feb2026 11:21:01.747] [Worker-Main-11/DEBUG] [net.minecraftforge.coremod.transformer.CoreModBaseTransformer/COREMOD]: Transforming net/minecraft/world/entity/raid/Raid
[21Feb2026 11:21:01.952] [Render thread/INFO] [net.minecraft.world.item.crafting.RecipeManager/]: Loaded 7 recipes
[21Feb2026 11:21:02.023] [Render thread/INFO] [net.minecraft.advancements.AdvancementList/]: Loaded 1271 advancements
[21Feb2026 11:21:02.367] [Render thread/DEBUG] [net.minecraftforge.common.ForgeHooks/WP]: Gathering id map for writing to world save New World
[21Feb2026 11:21:02.378] [Render thread/DEBUG] [net.minecraftforge.common.ForgeHooks/WP]: ID Map collection complete New World
[21Feb2026 11:21:02.421] [Server thread/INFO] [net.minecraft.client.server.IntegratedServer/]: Starting integrated minecraft server version 1.20.1
[21Feb2026 11:21:02.422] [Server thread/INFO] [net.minecraft.server.MinecraftServer/]: Generating keypair
[21Feb2026 11:21:02.473] [Server thread/DEBUG] [net.minecraftforge.fml.config.ConfigTracker/CONFIG]: Loading configs type SERVER
[21Feb2026 11:21:02.473] [Server thread/DEBUG] [net.minecraftforge.fml.config.ConfigFileTypeHandler/CONFIG]: Built TOML config for .\saves\New World\serverconfig\forge-server.toml
[21Feb2026 11:21:02.473] [Server thread/DEBUG] [net.minecraftforge.fml.config.ConfigFileTypeHandler/CONFIG]: Loaded TOML config file .\saves\New World\serverconfig\forge-server.toml
[21Feb2026 11:21:02.475] [Server thread/DEBUG] [net.minecraftforge.fml.config.ConfigFileTypeHandler/CONFIG]: Watching TOML config file .\saves\New World\serverconfig\forge-server.toml for changes
[21Feb2026 11:21:02.475] [Server thread/DEBUG] [net.minecraftforge.common.ForgeConfig/FORGEMOD]: Loaded forge config file forge-server.toml
[21Feb2026 11:21:02.499] [Server thread/DEBUG] [net.minecraftforge.coremod.transformer.CoreModBaseTransformer/COREMOD]: Transforming net/minecraft/world/level/levelgen/PhantomSpawner
[21Feb2026 11:21:02.503] [Server thread/DEBUG] [net.minecraftforge.coremod.transformer.CoreModBaseTransformer/COREMOD]: Transforming net/minecraft/world/level/levelgen/PatrolSpawner
[21Feb2026 11:21:02.505] [Server thread/DEBUG] [net.minecraftforge.coremod.transformer.CoreModBaseTransformer/COREMOD]: Transforming net/minecraft/world/entity/npc/CatSpawner
[21Feb2026 11:21:02.508] [Server thread/DEBUG] [net.minecraftforge.coremod.transformer.CoreModBaseTransformer/COREMOD]: Transforming net/minecraft/world/entity/ai/village/VillageSiege
[21Feb2026 11:21:02.521] [Server thread/DEBUG] [mixin/]: Mixing common.MixinDamageSources from mixins.epicfight.json into net.minecraft.world.damagesource.DamageSources
[21Feb2026 11:21:02.673] [Server thread/INFO] [net.minecraft.server.MinecraftServer/]: Preparing start region for dimension minecraft:overworld
[21Feb2026 11:21:03.562] [Server thread/DEBUG] [net.minecraftforge.coremod.transformer.CoreModBaseTransformer/COREMOD]: Transforming net/minecraft/world/level/levelgen/structure/templatesystem/StructureTemplate
[21Feb2026 11:21:03.713] [Render thread/INFO] [net.minecraft.server.level.progress.LoggerChunkProgressListener/]: Preparing spawn area: 0%
[21Feb2026 11:21:03.713] [Render thread/INFO] [net.minecraft.server.level.progress.LoggerChunkProgressListener/]: Preparing spawn area: 0%
[21Feb2026 11:21:03.713] [Render thread/INFO] [net.minecraft.server.level.progress.LoggerChunkProgressListener/]: Preparing spawn area: 0%
[21Feb2026 11:21:04.194] [Render thread/INFO] [net.minecraft.server.level.progress.LoggerChunkProgressListener/]: Preparing spawn area: 27%
[21Feb2026 11:21:04.401] [Server thread/DEBUG] [io.netty.buffer.AbstractByteBuf/]: -Dio.netty.buffer.checkAccessible: true
[21Feb2026 11:21:04.401] [Server thread/DEBUG] [io.netty.buffer.AbstractByteBuf/]: -Dio.netty.buffer.checkBounds: true
[21Feb2026 11:21:04.402] [Server thread/DEBUG] [io.netty.util.ResourceLeakDetectorFactory/]: Loaded default ResourceLeakDetector: io.netty.util.ResourceLeakDetector@304d37a2
[21Feb2026 11:21:04.473] [Server thread/INFO] [net.minecraftforge.server.permission.PermissionAPI/]: Successfully initialized permission handler forge:default_handler
[21Feb2026 11:21:04.479] [Render thread/INFO] [net.minecraft.server.level.progress.LoggerChunkProgressListener/]: Time elapsed: 1800 ms
[21Feb2026 11:21:04.634] [Server thread/DEBUG] [net.minecraftforge.coremod.transformer.CoreModBaseTransformer/COREMOD]: Transforming net/minecraft/world/level/NaturalSpawner
[21Feb2026 11:21:04.674] [Server thread/INFO] [net.minecraft.client.server.IntegratedServer/]: Changing view distance to 12, from 10
[21Feb2026 11:21:04.677] [Server thread/INFO] [net.minecraft.client.server.IntegratedServer/]: Changing simulation distance to 12, from 0
[21Feb2026 11:21:04.700] [Render thread/DEBUG] [io.netty.channel.MultithreadEventLoopGroup/]: -Dio.netty.eventLoopThreads: 24
[21Feb2026 11:21:04.712] [Render thread/DEBUG] [io.netty.util.internal.InternalThreadLocalMap/]: -Dio.netty.threadLocalMap.stringBuilder.initialSize: 1024
[21Feb2026 11:21:04.712] [Render thread/DEBUG] [io.netty.util.internal.InternalThreadLocalMap/]: -Dio.netty.threadLocalMap.stringBuilder.maxSize: 4096
[21Feb2026 11:21:04.718] [Render thread/DEBUG] [io.netty.channel.nio.NioEventLoop/]: -Dio.netty.noKeySetOptimization: false
[21Feb2026 11:21:04.718] [Render thread/DEBUG] [io.netty.channel.nio.NioEventLoop/]: -Dio.netty.selectorAutoRebuildThreshold: 512
[21Feb2026 11:21:04.724] [Render thread/DEBUG] [io.netty.util.internal.PlatformDependent/]: org.jctools-core.MpscChunkedArrayQueue: available
[21Feb2026 11:21:04.762] [Render thread/DEBUG] [io.netty.channel.DefaultChannelId/]: -Dio.netty.processId: 26364 (auto-detected)
[21Feb2026 11:21:04.763] [Render thread/WARN] [io.netty.util.internal.SystemPropertyUtil/]: Unable to parse the boolean system property 'java.net.preferIPv6Addresses':system - using the default value: false
[21Feb2026 11:21:04.764] [Render thread/DEBUG] [io.netty.util.NetUtil/]: -Djava.net.preferIPv4Stack: false
[21Feb2026 11:21:04.764] [Render thread/DEBUG] [io.netty.util.NetUtil/]: -Djava.net.preferIPv6Addresses: false
[21Feb2026 11:21:04.768] [Render thread/DEBUG] [io.netty.util.NetUtilInitializations/]: Loopback interface: lo (Software Loopback Interface 1, 127.0.0.1)
[21Feb2026 11:21:04.770] [Render thread/DEBUG] [io.netty.util.NetUtil/]: Failed to get SOMAXCONN from sysctl and file \proc\sys\net\core\somaxconn. Default: 200
[21Feb2026 11:21:04.776] [Render thread/DEBUG] [io.netty.channel.DefaultChannelId/]: -Dio.netty.machineId: 58:11:22:ff:fe:d3:b5:88 (auto-detected)
[21Feb2026 11:21:04.792] [Render thread/DEBUG] [io.netty.buffer.PooledByteBufAllocator/]: -Dio.netty.allocator.numHeapArenas: 24
[21Feb2026 11:21:04.792] [Render thread/DEBUG] [io.netty.buffer.PooledByteBufAllocator/]: -Dio.netty.allocator.numDirectArenas: 24
[21Feb2026 11:21:04.792] [Render thread/DEBUG] [io.netty.buffer.PooledByteBufAllocator/]: -Dio.netty.allocator.pageSize: 8192
[21Feb2026 11:21:04.792] [Render thread/DEBUG] [io.netty.buffer.PooledByteBufAllocator/]: -Dio.netty.allocator.maxOrder: 9
[21Feb2026 11:21:04.792] [Render thread/DEBUG] [io.netty.buffer.PooledByteBufAllocator/]: -Dio.netty.allocator.chunkSize: 4194304
[21Feb2026 11:21:04.792] [Render thread/DEBUG] [io.netty.buffer.PooledByteBufAllocator/]: -Dio.netty.allocator.smallCacheSize: 256
[21Feb2026 11:21:04.792] [Render thread/DEBUG] [io.netty.buffer.PooledByteBufAllocator/]: -Dio.netty.allocator.normalCacheSize: 64
[21Feb2026 11:21:04.792] [Render thread/DEBUG] [io.netty.buffer.PooledByteBufAllocator/]: -Dio.netty.allocator.maxCachedBufferCapacity: 32768
[21Feb2026 11:21:04.792] [Render thread/DEBUG] [io.netty.buffer.PooledByteBufAllocator/]: -Dio.netty.allocator.cacheTrimInterval: 8192
[21Feb2026 11:21:04.792] [Render thread/DEBUG] [io.netty.buffer.PooledByteBufAllocator/]: -Dio.netty.allocator.cacheTrimIntervalMillis: 0
[21Feb2026 11:21:04.792] [Render thread/DEBUG] [io.netty.buffer.PooledByteBufAllocator/]: -Dio.netty.allocator.useCacheForAllThreads: false
[21Feb2026 11:21:04.792] [Render thread/DEBUG] [io.netty.buffer.PooledByteBufAllocator/]: -Dio.netty.allocator.maxCachedByteBuffersPerChunk: 1023
[21Feb2026 11:21:04.798] [Render thread/DEBUG] [io.netty.buffer.ByteBufUtil/]: -Dio.netty.allocator.type: pooled
[21Feb2026 11:21:04.798] [Render thread/DEBUG] [io.netty.buffer.ByteBufUtil/]: -Dio.netty.threadLocalDirectBufferSize: 0
[21Feb2026 11:21:04.798] [Render thread/DEBUG] [io.netty.buffer.ByteBufUtil/]: -Dio.netty.maxThreadLocalCharBufferSize: 16384
[21Feb2026 11:21:04.817] [Netty Local Client IO #0/DEBUG] [net.minecraftforge.network.HandshakeHandler/FMLHANDSHAKE]: Starting local connection.
[21Feb2026 11:21:04.884] [Netty Local Client IO #0/DEBUG] [io.netty.util.Recycler/]: -Dio.netty.recycler.maxCapacityPerThread: 4096
[21Feb2026 11:21:04.884] [Netty Local Client IO #0/DEBUG] [io.netty.util.Recycler/]: -Dio.netty.recycler.ratio: 8
[21Feb2026 11:21:04.885] [Netty Local Client IO #0/DEBUG] [io.netty.util.Recycler/]: -Dio.netty.recycler.chunkSize: 32
[21Feb2026 11:21:04.885] [Netty Local Client IO #0/DEBUG] [io.netty.util.Recycler/]: -Dio.netty.recycler.blocking: false
[21Feb2026 11:21:04.892] [Netty Server IO #1/DEBUG] [net.minecraftforge.network.HandshakeHandler/FMLHANDSHAKE]: Starting local connection.
[21Feb2026 11:21:04.939] [Server thread/DEBUG] [net.minecraftforge.network.HandshakeHandler/FMLHANDSHAKE]: Sending ticking packet info 'net.minecraftforge.network.HandshakeMessages$S2CModData' to 'fml:handshake' sequence 0
[21Feb2026 11:21:04.944] [Netty Local Client IO #0/DEBUG] [net.minecraftforge.network.LoginWrapper/FMLHANDSHAKE]: Recieved login wrapper packet event for channel fml:handshake with index 0
[21Feb2026 11:21:04.989] [Server thread/DEBUG] [net.minecraftforge.network.HandshakeHandler/FMLHANDSHAKE]: Sending ticking packet info 'net.minecraftforge.network.HandshakeMessages$S2CModList' to 'fml:handshake' sequence 1
[21Feb2026 11:21:04.990] [Netty Local Client IO #0/DEBUG] [net.minecraftforge.network.LoginWrapper/FMLHANDSHAKE]: Recieved login wrapper packet event for channel fml:handshake with index 1
[21Feb2026 11:21:04.990] [Netty Local Client IO #0/DEBUG] [net.minecraftforge.network.HandshakeHandler/FMLHANDSHAKE]: Logging into server with mod list [minecraft, forge, epicfight, droppable]
[21Feb2026 11:21:04.991] [Netty Local Client IO #0/DEBUG] [net.minecraftforge.network.NetworkRegistry/NETREGISTRY]: Channel 'fml:loginwrapper' : Version test of 'FML3' from server : ACCEPTED
[21Feb2026 11:21:04.991] [Netty Local Client IO #0/DEBUG] [net.minecraftforge.network.NetworkRegistry/NETREGISTRY]: Channel 'epicfight:network_manager' : Version test of '1' from server : ACCEPTED
[21Feb2026 11:21:04.991] [Netty Local Client IO #0/DEBUG] [net.minecraftforge.network.NetworkRegistry/NETREGISTRY]: Channel 'forge:tier_sorting' : Version test of '1.0' from server : ACCEPTED
[21Feb2026 11:21:04.991] [Netty Local Client IO #0/DEBUG] [net.minecraftforge.network.NetworkRegistry/NETREGISTRY]: Channel 'fml:handshake' : Version test of 'FML3' from server : ACCEPTED
[21Feb2026 11:21:04.991] [Netty Local Client IO #0/DEBUG] [net.minecraftforge.network.NetworkRegistry/NETREGISTRY]: Channel 'minecraft:unregister' : Version test of 'FML3' from server : ACCEPTED
[21Feb2026 11:21:04.991] [Netty Local Client IO #0/DEBUG] [net.minecraftforge.network.NetworkRegistry/NETREGISTRY]: Channel 'fml:play' : Version test of 'FML3' from server : ACCEPTED
[21Feb2026 11:21:04.991] [Netty Local Client IO #0/DEBUG] [net.minecraftforge.network.NetworkRegistry/NETREGISTRY]: Channel 'minecraft:register' : Version test of 'FML3' from server : ACCEPTED
[21Feb2026 11:21:04.991] [Netty Local Client IO #0/DEBUG] [net.minecraftforge.network.NetworkRegistry/NETREGISTRY]: Channel 'forge:split' : Version test of '1.1' from server : ACCEPTED
[21Feb2026 11:21:04.991] [Netty Local Client IO #0/DEBUG] [net.minecraftforge.network.NetworkRegistry/NETREGISTRY]: Accepting channel list from server
[21Feb2026 11:21:04.992] [Netty Local Client IO #0/DEBUG] [net.minecraftforge.network.LoginWrapper/FMLHANDSHAKE]: Dispatching wrapped packet reply for channel fml:handshake with index 1
[21Feb2026 11:21:04.992] [Netty Local Client IO #0/DEBUG] [net.minecraftforge.network.HandshakeHandler/FMLHANDSHAKE]: Accepted server connection
[21Feb2026 11:21:04.993] [Netty Server IO #1/DEBUG] [net.minecraftforge.network.LoginWrapper/FMLHANDSHAKE]: Recieved login wrapper packet event for channel fml:handshake with index 1
[21Feb2026 11:21:04.993] [Netty Server IO #1/DEBUG] [net.minecraftforge.network.HandshakeHandler/FMLHANDSHAKE]: Received client indexed reply 1 of type net.minecraftforge.network.HandshakeMessages$C2SModListReply
[21Feb2026 11:21:04.993] [Netty Local Client IO #0/DEBUG] [net.minecraftforge.network.HandshakeHandler/REGISTRIES]: Expecting 23 registries: [minecraft:command_argument_type, minecraft:recipe_serializer, minecraft:sound_event, minecraft:particle_type, minecraft:villager_profession, minecraft:item, minecraft:potion, minecraft:painting_variant, forge:fluid_type, epicfight:skill_data_keys, minecraft:block_entity_type, forge:display_contexts, minecraft:block, forge:entity_data_serializers, minecraft:mob_effect, minecraft:stat_type, epicfight:synched_animation_variable_keys, epicfight:conditions, minecraft:menu, minecraft:enchantment, minecraft:fluid, epicfight:skill, minecraft:entity_type]
[21Feb2026 11:21:04.993] [Netty Server IO #1/DEBUG] [net.minecraftforge.network.HandshakeHandler/FMLHANDSHAKE]: Received client connection with modlist [minecraft, forge, epicfight, droppable]
[21Feb2026 11:21:04.993] [Netty Server IO #1/DEBUG] [net.minecraftforge.network.NetworkRegistry/NETREGISTRY]: Channel 'fml:loginwrapper' : Version test of 'FML3' from client : ACCEPTED
[21Feb2026 11:21:04.993] [Netty Server IO #1/DEBUG] [net.minecraftforge.network.NetworkRegistry/NETREGISTRY]: Channel 'epicfight:network_manager' : Version test of '1' from client : ACCEPTED
[21Feb2026 11:21:04.993] [Netty Server IO #1/DEBUG] [net.minecraftforge.network.NetworkRegistry/NETREGISTRY]: Channel 'forge:tier_sorting' : Version test of '1.0' from client : ACCEPTED
[21Feb2026 11:21:04.993] [Netty Server IO #1/DEBUG] [net.minecraftforge.network.NetworkRegistry/NETREGISTRY]: Channel 'fml:handshake' : Version test of 'FML3' from client : ACCEPTED
[21Feb2026 11:21:04.993] [Netty Server IO #1/DEBUG] [net.minecraftforge.network.NetworkRegistry/NETREGISTRY]: Channel 'minecraft:unregister' : Version test of 'FML3' from client : ACCEPTED
[21Feb2026 11:21:04.993] [Netty Server IO #1/DEBUG] [net.minecraftforge.network.NetworkRegistry/NETREGISTRY]: Channel 'fml:play' : Version test of 'FML3' from client : ACCEPTED
[21Feb2026 11:21:04.993] [Netty Server IO #1/DEBUG] [net.minecraftforge.network.NetworkRegistry/NETREGISTRY]: Channel 'minecraft:register' : Version test of 'FML3' from client : ACCEPTED
[21Feb2026 11:21:04.993] [Netty Server IO #1/DEBUG] [net.minecraftforge.network.NetworkRegistry/NETREGISTRY]: Channel 'forge:split' : Version test of '1.1' from client : ACCEPTED
[21Feb2026 11:21:04.994] [Netty Server IO #1/DEBUG] [net.minecraftforge.network.NetworkRegistry/NETREGISTRY]: Accepting channel list from client
[21Feb2026 11:21:04.994] [Netty Server IO #1/DEBUG] [net.minecraftforge.network.HandshakeHandler/FMLHANDSHAKE]: Accepted client connection mod list
[21Feb2026 11:21:05.039] [Server thread/DEBUG] [net.minecraftforge.network.HandshakeHandler/FMLHANDSHAKE]: Sending ticking packet info 'Config forge-server.toml' to 'fml:handshake' sequence 2
[21Feb2026 11:21:05.039] [Netty Local Client IO #0/DEBUG] [net.minecraftforge.network.LoginWrapper/FMLHANDSHAKE]: Recieved login wrapper packet event for channel fml:handshake with index 2
[21Feb2026 11:21:05.039] [Netty Local Client IO #0/DEBUG] [net.minecraftforge.network.HandshakeHandler/FMLHANDSHAKE]: Received config sync from server
[21Feb2026 11:21:05.039] [Netty Local Client IO #0/DEBUG] [net.minecraftforge.network.LoginWrapper/FMLHANDSHAKE]: Dispatching wrapped packet reply for channel fml:handshake with index 2
[21Feb2026 11:21:05.040] [Netty Server IO #1/DEBUG] [net.minecraftforge.network.LoginWrapper/FMLHANDSHAKE]: Recieved login wrapper packet event for channel fml:handshake with index 2
[21Feb2026 11:21:05.040] [Netty Server IO #1/DEBUG] [net.minecraftforge.network.HandshakeHandler/FMLHANDSHAKE]: Received client indexed reply 2 of type net.minecraftforge.network.HandshakeMessages$C2SAcknowledge
[21Feb2026 11:21:05.040] [Netty Server IO #1/DEBUG] [net.minecraftforge.network.HandshakeHandler/FMLHANDSHAKE]: Received acknowledgement from client
[21Feb2026 11:21:05.088] [Server thread/DEBUG] [net.minecraftforge.network.HandshakeHandler/FMLHANDSHAKE]: Handshake complete!
[21Feb2026 11:21:05.136] [Netty Local Client IO #0/INFO] [net.minecraftforge.network.NetworkHooks/]: Connected to a modded server.
[21Feb2026 11:21:05.138] [Netty Local Client IO #0/DEBUG] [mixin/]: Mixing client.MixinClientPacketListener from mixins.epicfight.json into net.minecraft.client.multiplayer.ClientPacketListener
[21Feb2026 11:21:05.187] [Server thread/INFO] [net.minecraft.server.players.PlayerList/]: Dev[local:E:1f278019] logged in with entity id 9 at (8.995954660232142, -60.0, 0.715687927477585)
[21Feb2026 11:21:05.238] [Server thread/INFO] [net.minecraft.server.MinecraftServer/]: Dev joined the game
[21Feb2026 11:21:05.617] [Render thread/INFO] [net.minecraft.advancements.AdvancementList/]: Loaded 34 advancements
[21Feb2026 11:21:05.683] [Render thread/INFO] [com.mojang.blaze3d.platform.GlDebug/]: OpenGL debug message: id=1005, source=API, type=ERROR, severity=HIGH, message='No detailed debug message due to a non-debug context'
[21Feb2026 11:21:06.462] [Render thread/INFO] [com.mojang.blaze3d.platform.GlDebug/]: OpenGL debug message: id=1005, source=API, type=ERROR, severity=HIGH, message='No detailed debug message due to a non-debug context'
[21Feb2026 11:21:09.840] [Server thread/DEBUG] [io.netty.util.internal.ThreadLocalRandom/]: -Dio.netty.initialSeedUniquifier: 0x8842aed2e5fc8c7a
[21Feb2026 11:21:09.843] [Server thread/INFO] [net.minecraft.server.MinecraftServer/]: [Dev: Summoned new Husk]
[21Feb2026 11:21:09.845] [Render thread/INFO] [net.minecraft.client.gui.components.ChatComponent/]: [System] [CHAT] Summoned new Husk
[21Feb2026 11:21:09.857] [Render thread/INFO] [com.mojang.blaze3d.platform.GlDebug/]: OpenGL debug message: id=1005, source=API, type=ERROR, severity=HIGH, message='No detailed debug message due to a non-debug context'
[21Feb2026 11:21:09.859] [Render thread/DEBUG] [epicfight/]: Cannot find the mesh part named jacket in yesman.epicfight.client.mesh.HumanoidMesh
[21Feb2026 11:21:09.859] [Render thread/DEBUG] [epicfight/]: Cannot find the mesh part named leftSleeve in yesman.epicfight.client.mesh.HumanoidMesh
[21Feb2026 11:21:09.859] [Render thread/DEBUG] [epicfight/]: Cannot find the mesh part named rightSleeve in yesman.epicfight.client.mesh.HumanoidMesh
[21Feb2026 11:21:09.859] [Render thread/DEBUG] [epicfight/]: Cannot find the mesh part named leftPants in yesman.epicfight.client.mesh.HumanoidMesh
[21Feb2026 11:21:09.859] [Render thread/DEBUG] [epicfight/]: Cannot find the mesh part named rightPants in yesman.epicfight.client.mesh.HumanoidMesh
[21Feb2026 11:21:19.104] [Server thread/INFO] [net.minecraft.server.MinecraftServer/]: [Dev: Summoned new Husk]
[21Feb2026 11:21:19.108] [Render thread/INFO] [net.minecraft.client.gui.components.ChatComponent/]: [System] [CHAT] Summoned new Husk
[21Feb2026 11:21:24.475] [Server thread/INFO] [net.minecraft.client.server.IntegratedServer/]: Saving and pausing game...
[21Feb2026 11:21:24.485] [Server thread/INFO] [net.minecraft.server.MinecraftServer/]: Saving chunks for level 'ServerLevel[New World]'/minecraft:overworld
[21Feb2026 11:21:24.498] [Server thread/INFO] [net.minecraft.server.MinecraftServer/]: Saving chunks for level 'ServerLevel[New World]'/minecraft:the_end
[21Feb2026 11:21:24.500] [Server thread/INFO] [net.minecraft.server.MinecraftServer/]: Saving chunks for level 'ServerLevel[New World]'/minecraft:the_nether
[21Feb2026 11:21:24.502] [Server thread/DEBUG] [net.minecraftforge.common.ForgeHooks/WP]: Gathering id map for writing to world save New World
[21Feb2026 11:21:24.508] [Server thread/DEBUG] [net.minecraftforge.common.ForgeHooks/WP]: ID Map collection complete New World
